fc,panel_factor,term,estimate,std.error,statistic,p.value,conf.low,conf.high,df,outcome
1,Panel 1 (Lucid),control,-0.08239673623758949,0.11827642858318443,-0.6966454535752188,0.4860945543902161,-0.31433538426477936,0.1495419117896004,2318,lucid_pid_7n
1,Panel 1 (Lucid),factcheck,0.014275722508647708,0.11906714572485695,0.11989640317435987,0.9045756040290369,-0.219213512283871,0.2477649573011664,2318,lucid_pid_7n
1,Panel 1 (Lucid),control,-0.6913557572448856,0.8553151141856368,-0.808305320201362,0.4189977863923686,-2.3686183665222362,0.985906852032465,2318,lucid_age
1,Panel 1 (Lucid),factcheck,-0.3552718910910173,0.852730122397031,-0.4166287571645121,0.6769885470138002,-2.027465362689858,1.3169215805078234,2318,lucid_age
1,Panel 1 (Lucid),control,0.006443515925126654,0.012208270034362636,0.5277992628759095,0.5976891860715459,-0.01749675417298057,0.030383786023233876,2318,race_asian
1,Panel 1 (Lucid),factcheck,-2.921029955162313e-4,0.011741224800374,-0.024878409236055745,0.9801540902488538,-0.023316503030277054,0.022732297039244592,2318,race_asian
1,Panel 1 (Lucid),control,-0.002086617587788531,0.01574713711195607,-0.13250774238856783,0.8945942003567401,-0.03296656328615858,0.028793328110581516,2318,race_black
1,Panel 1 (Lucid),factcheck,-0.02214627544338806,0.014884900047276509,-1.4878350121968178,0.13693042676065728,-0.051335384671158564,0.007042833784382446,2318,race_black
1,Panel 1 (Lucid),control,0.032831490749668124,0.015294141384851977,2.1466710633514836,0.031922959696081936,0.0028398642013197813,0.06282311729801647,2318,race_hispanic
1,Panel 1 (Lucid),factcheck,0.027532330121823052,0.014914427992644154,1.846019849732225,0.06501675063054083,-0.0017146830502044082,0.05677934329385051,2318,race_hispanic
1,Panel 1 (Lucid),control,0.0049197919164401215,0.007856442590887244,0.6262111457603765,0.5312381149701739,-0.010486597122032142,0.020326180954912385,2318,race_other
1,Panel 1 (Lucid),factcheck,0.01640807437591379,0.008591298089942221,1.9098481049240534,0.05627608115352249,-4.39357421355379e-4,0.03325550617318296,2318,race_other
1,Panel 1 (Lucid),control,-0.042108181003447084,0.023189160445497927,-1.8158562101640123,0.06952157241688406,-0.08758184458157649,0.0033654825746823186,2318,race_white
1,Panel 1 (Lucid),factcheck,-0.021502026058833022,0.022676387444066644,-0.9482121485121786,0.34312030493327517,-0.06597014797391525,0.022966095856249202,2318,race_white
1,Panel 1 (Lucid),control,-0.4189713842590527,0.36053244064808815,-1.1620906665317428,0.24531827395738384,-1.1259711462196471,0.2880283777015417,2318,lucid_hhin
1,Panel 1 (Lucid),factcheck,-0.09217796861840535,0.3549636706792775,-0.25968282456063363,0.7951315035425384,-0.7882574399241973,0.6039015026873866,2318,lucid_hhin
1,Panel 1 (Lucid),control,-0.0936320335516998,0.04482675899676921,-2.0887531386877227,0.036838792481414646,-0.18153676657159323,-0.005727300531806354,2318,political_knowledge_pre
1,Panel 1 (Lucid),factcheck,-0.1047949937255403,0.04509844661219835,-2.323694086997557,0.020227972615425367,-0.19323250287811894,-0.01635748457296167,2318,political_knowledge_pre
1,Panel 1 (Lucid),control,-0.08336777017616635,0.05965022490208483,-1.397610324403866,0.16236385599112532,-0.20034114081338514,0.03360560046105243,2318,political_interest_pre
1,Panel 1 (Lucid),factcheck,0.03773970702069444,0.05835245382995032,0.6467544129450805,0.5178549341701515,-0.07668875021724988,0.15216816425863877,2318,political_interest_pre
1,Panel 1 (Lucid),control,-0.01369230925640751,0.04317140472511646,-0.3171615411541504,0.7511495933350788,-0.09835091254130354,0.07096629402848853,2318,cognitive_reflection_pre
1,Panel 1 (Lucid),factcheck,0.0018765086147334194,0.043604340163989,0.0430349044997853,0.9656774163618322,-0.08363107583723035,0.08738409306669719,2318,cognitive_reflection_pre
1,Panel 1 (Lucid),control,-0.04679560268516377,0.22704527204711558,-0.20610692424131574,0.8367254901226048,-0.49202863914379386,0.39843743377346635,2318,need_for_cognition_pre
1,Panel 1 (Lucid),factcheck,-0.054567755665495266,0.22748528099280602,-0.23987378623947506,0.8104493125208616,-0.5006636443526362,0.3915281330216457,2318,need_for_cognition_pre
1,Panel 1 (Lucid),control,0.1212935619265812,0.1331151692410978,0.9111926358061766,0.3622886287640662,-0.13974367732330506,0.38233080117646745,2318,extraversion_pre
1,Panel 1 (Lucid),factcheck,0.16601465018986067,0.13050619586342868,1.2720825175502828,0.20347140113138712,-0.08990642377498803,0.42193572415470937,2318,extraversion_pre
1,Panel 1 (Lucid),control,-0.06611037969919344,0.10067202831507666,-0.6566906498822647,0.5114450351471052,-0.263527011408967,0.13130625201058016,2318,agreeableness_pre
1,Panel 1 (Lucid),factcheck,-0.16837617342197544,0.10303289096530294,-1.634198282164841,0.10235301545574639,-0.37042242827670435,0.03367008143275349,2318,agreeableness_pre
1,Panel 1 (Lucid),control,-0.1386973732877573,0.10391354748798233,-1.3347381226090635,0.18209315404294843,-0.34247058494777166,0.06507583837225706,2318,conscientiousness_pre
1,Panel 1 (Lucid),factcheck,-0.23384145780698426,0.10473247114146939,-2.2327503138078204,0.02566055992048877,-0.43922056886134575,-0.028462346752622797,2318,conscientiousness_pre
1,Panel 1 (Lucid),control,-0.07801019786410095,0.12385307752601135,-0.6298607949222531,0.5288477438903972,-0.3208845871189848,0.1648641913907829,2318,emotional_stability_pre
1,Panel 1 (Lucid),factcheck,0.07361633195451821,0.11840978473996262,0.6217081816015929,0.5341949093596723,-0.1585838258855714,0.3058164897946078,2318,emotional_stability_pre
1,Panel 1 (Lucid),control,0.12338881474772759,0.10335246571128077,1.1938642576019343,0.2326532329319547,-0.07928412232435966,0.32606175181981484,2318,openness_to_experience_pre
1,Panel 1 (Lucid),factcheck,-0.002101011497980541,0.10290428483860348,-0.020417142991429337,0.9837123658013484,-0.20389507129142803,0.19969304829546697,2318,openness_to_experience_pre
1,Panel 1 (MTurk),control,-4.697060740171588e-4,0.13805485314927068,-0.0034023148285072815,0.9972856801949548,-0.2712113203097204,0.2702719081616861,2060,lucid_pid_7n
1,Panel 1 (MTurk),factcheck,0.04824237128646416,0.13849493490736695,0.3483331092124872,0.7276256245704276,-0.22336229443105723,0.31984703700398553,2060,lucid_pid_7n
1,Panel 1 (MTurk),control,0.05994784504269006,0.7197084764321394,0.08329462137207784,0.9336253697701684,-1.3514841346622943,1.4713798247476744,2060,lucid_age
1,Panel 1 (MTurk),factcheck,-0.9568189084528324,0.7359831302230834,-1.3000554892648308,0.19372739191821217,-2.400167375973882,0.48652955906821715,2060,lucid_age
1,Panel 1 (MTurk),control,0.007739571255680927,0.010010918558335935,0.7731129976316016,0.439544208606089,-0.011893003685639407,0.027372146197001263,2060,race_asian
1,Panel 1 (MTurk),factcheck,0.008905766904153707,0.01006849702706598,0.8845180050421985,0.3765198711329726,-0.010839726107148109,0.028651259915455522,2060,race_asian
1,Panel 1 (MTurk),control,-0.005587809646323582,0.018073766038737924,-0.30916686839627666,0.7572258609288631,-0.041032565705391454,0.029856946412744285,2060,race_black
1,Panel 1 (MTurk),factcheck,0.02402036564054334,0.01888001356378686,1.2722642152448462,0.20342284903064278,-0.013005535531686697,0.06104626681277338,2060,race_black
1,Panel 1 (MTurk),control,-0.00828544588224322,0.02355378673361309,-0.35176704179032253,0.7250489554163554,-0.054477159510208414,0.03790626774572198,2060,race_hispanic
1,Panel 1 (MTurk),factcheck,-0.030464444145718313,0.023152331280816903,-1.3158262023902507,0.18837879338601457,-0.07586885696640044,0.014939968674963819,2060,race_hispanic
1,Panel 1 (MTurk),control,0.01331045455699532,0.006930757615107118,1.9204905576242117,0.05493387655179564,-2.8156674312951845e-4,0.02690247585712016,2060,race_other
1,Panel 1 (MTurk),factcheck,0.007326253528700065,0.006279858447728696,1.166627176341822,0.24349599849211068,-0.0049892788450255935,0.019641785902425723,2060,race_other
1,Panel 1 (MTurk),control,-0.007176770284108369,0.02677336322543528,-0.2680563597363173,0.788682774369597,-0.05968244764943506,0.045328907081218325,2060,race_white
1,Panel 1 (MTurk),factcheck,-0.00978794192767857,0.026732441681969796,-0.3661447032831361,0.7142946994250211,-0.06221336738963405,0.04263748353427692,2060,race_white
1,Panel 1 (MTurk),control,0.4166525613791642,0.3048468217178726,1.366760391436079,0.1718495630361422,-0.1811874907722837,1.014492613530612,2060,lucid_hhin
1,Panel 1 (MTurk),factcheck,-0.0498554913294768,0.30622969640879183,-0.1628042345799271,0.8706885422917814,-0.6504075214923051,0.5506965388333516,2060,lucid_hhin
1,Panel 1 (MTurk),control,-0.05448739905860657,0.04961878810856926,-1.0981203115921425,0.2722802893676937,-0.15179561012459564,0.04282081200738251,2060,political_knowledge_pre
1,Panel 1 (MTurk),factcheck,-0.029358899537375884,0.048110391676280846,-0.6102402935091935,0.5417699536464122,-0.12370896986677254,0.06499117079202077,2060,political_knowledge_pre
1,Panel 1 (MTurk),control,0.024869032405488226,0.04845320860517191,0.5132587319064293,0.6078253855464149,-0.07015334176979307,0.11989140658076952,2060,political_interest_pre
1,Panel 1 (MTurk),factcheck,0.05167025137787404,0.048727057262567625,1.0604016388563524,0.28908622631653313,-0.04388917184616058,0.14722967460190867,2060,political_interest_pre
1,Panel 1 (MTurk),control,0.009241230362043398,0.06471580041068688,0.14279712687471208,0.8864643713592795,-0.1176739766738167,0.1361564373979035,2060,cognitive_reflection_pre
1,Panel 1 (MTurk),factcheck,0.06941128424227119,0.0651707222701566,1.065068512736991,0.286969745704834,-0.05839607743918307,0.19721864592372546,2060,cognitive_reflection_pre
1,Panel 1 (MTurk),control,0.03906309066321589,0.26628179276293457,0.1466983163133237,0.8833845020182531,-0.4831464569885666,0.5612726383149984,2060,need_for_cognition_pre
1,Panel 1 (MTurk),factcheck,0.4055457946637231,0.25657875749971687,1.5805899078148378,0.11412535392133237,-0.09763497297618207,0.9087265623036282,2060,need_for_cognition_pre
1,Panel 1 (MTurk),control,0.04007245523611886,0.13351567575095494,0.30013296199665346,0.7641060202718823,-0.22176730449691479,0.3019122149691525,2060,extraversion_pre
1,Panel 1 (MTurk),factcheck,0.14156625665127784,0.13291393039319568,1.065097211650323,0.28695676288870314,-0.11909341048955677,0.4022259237921124,2060,extraversion_pre
1,Panel 1 (MTurk),control,0.22364314313700434,0.12100789432436106,1.8481698602037484,0.06472101793529406,-0.013667403339890583,0.46095368961389926,2060,agreeableness_pre
1,Panel 1 (MTurk),factcheck,0.10511298994944132,0.11907526008667829,0.8827441558634982,0.37747751594264833,-0.1284074361419597,0.33863341604084235,2060,agreeableness_pre
1,Panel 1 (MTurk),control,0.13247514472769034,0.12065954896633069,1.0979250781440988,0.2723655182330321,-0.10415225601116462,0.3691025454665453,2060,conscientiousness_pre
1,Panel 1 (MTurk),factcheck,0.25547655743507536,0.12378943298161478,2.0637993993640698,0.03916172324172324,0.012711090331017666,0.498242024539133,2060,conscientiousness_pre
1,Panel 1 (MTurk),control,0.04186647658419719,0.12658456162056778,0.33073919953754155,0.7408751257825492,-0.20638056268080684,0.29011351584920125,2060,emotional_stability_pre
1,Panel 1 (MTurk),factcheck,0.17617179006704436,0.12581352798102116,1.400261107800901,0.16158573502969814,-0.07056316260745663,0.4229067427415454,2060,emotional_stability_pre
1,Panel 1 (MTurk),control,0.08329945243274463,0.11950375902508636,0.6970446211257532,0.48585352143390137,-0.15106130988470307,0.31766021475019235,2060,openness_to_experience_pre
1,Panel 1 (MTurk),factcheck,0.15268315633821855,0.11745027711232604,1.2999812353971443,0.19375283616581576,-0.07765048925582488,0.38301680193226195,2060,openness_to_experience_pre
1,Panel 2 (MTurk),control,0.053554478269715634,0.13158077711928748,0.40700837494799585,0.6840443074869097,-0.2044913860237116,0.3116003425631429,2051,lucid_pid_7n
1,Panel 2 (MTurk),factcheck,0.3205198358413152,0.1318586077213401,2.4307843179921735,0.015151378932806093,0.06192911203722529,0.5791105596454051,2051,lucid_pid_7n
1,Panel 2 (MTurk),control,0.6267061486452773,0.6623559606273767,0.9461772610178789,0.3441696375709967,-0.6722542319811798,1.9256665292717345,2051,lucid_age
1,Panel 2 (MTurk),factcheck,0.14594999906667847,0.6683799382896166,0.21836382378586097,0.8271673740151689,-1.164824132446261,1.4567241305796177,2051,lucid_age
1,Panel 2 (MTurk),control,-0.012954268085971854,0.011784957525188036,-1.0992206003530047,0.27180086512016144,-0.03606599927366302,0.01015746310171931,2051,race_asian
1,Panel 2 (MTurk),factcheck,-0.0037448700410397068,0.01231570867636596,-0.3040726392161396,0.7611033967100191,-0.027897468614749395,0.02040772853266998,2051,race_asian
1,Panel 2 (MTurk),control,-0.0069708115804462435,0.016587473108345192,-0.4202455392038715,0.67435011220436325,-0.03950085835776912,0.025559235196876636,2051,race_black
1,Panel 2 (MTurk),factcheck,-0.0045998632010944476,0.016706202520436638,-0.2753386471561955,0.7830838102772666,-0.037362752757058255,0.028163026354869357,2051,race_black
1,Panel 2 (MTurk),control,0.020933622618482618,0.021205184744786994,0.9871935977180706,0.3236641823127572,-0.020652316792786223,0.06251956202975145,2051,race_hispanic
1,Panel 2 (MTurk),factcheck,0.0065321477428180305,0.020946383753253237,0.3118508578743816,0.7551855681876599,-0.034546251532251576,0.04761054701788764,2051,race_hispanic
1,Panel 2 (MTurk),control,-0.0014068750423756632,0.006926687561209464,-0.20310935493241877,0.8390697071839265,-0.014990949536801381,0.012177199452050053,2051,race_other
1,Panel 2 (MTurk),factcheck,-0.00420656634746924,0.006646801317360102,-0.6328707819929172,0.5268885814849205,-0.01724174996832553,0.00882861727338705,2051,race_other
1,Panel 2 (MTurk),control,3.983320903115764e-4,0.025966940432481943,0.015339970118824795,0.9877624466671875,-0.05052598781153177,0.051322651992154925,2051,race_white
1,Panel 2 (MTurk),factcheck,0.006019151846785675,0.02597979275175257,0.23168590697782332,0.8168050902362823,-0.04493037301209602,0.056968676705667375,2051,race_white
1,Panel 2 (MTurk),control,-0.5294892874093059,0.32402461899947793,-1.634102029173774,0.10239089970744865,-1.1649408685036122,0.10596229368500043,2051,lucid_hhin
1,Panel 2 (MTurk),factcheck,0.5133549931600611,0.32875927251554793,1.5614920584050844,0.11856197187331075,-0.13138181777884927,1.1580918040989714,2051,lucid_hhin
1,Panel 2 (MTurk),control,-0.07280331430450462,0.046029388995561894,-1.5816702305460593,0.11387905727905982,-0.16307252935474065,0.017465900745731414,2051,political_knowledge_pre
1,Panel 2 (MTurk),factcheck,-0.051179150015618395,0.04569169073461168,-1.120097531800239,0.26280334683917767,-0.14078609781432205,0.038427797783085256,2051,political_knowledge_pre
1,Panel 2 (MTurk),control,-0.03251067869007997,0.05006259992898092,-0.6494005252663624,0.5161522402202109,-0.13068950959741263,0.0656681522172527,2051,political_interest_pre
1,Panel 2 (MTurk),factcheck,-0.03560191518467916,0.05063806556971516,-0.7030662562665388,0.48209425427360797,-0.13490930401578677,0.06370547364642845,2051,political_interest_pre
1,Panel 2 (MTurk),control,-0.10541484921764861,0.06652285664730342,-1.5846410471598669,0.11320207640451405,-0.23587424013049452,0.025044541695197278,2051,cognitive_reflection_pre
1,Panel 2 (MTurk),factcheck,-0.05621652226782167,0.06649591210496354,-0.845413206440181,0.3979787856966005,-0.18662307166484507,0.07419002712920172,2051,cognitive_reflection_pre
1,Panel 2 (MTurk),control,0.023835115441534376,0.285685942854957,0.08343118041910617,0.9335168382815995,-0.5364296713643489,0.5840999022474177,2051,need_for_cognition_pre
1,Panel 2 (MTurk),factcheck,-0.109787156996861,0.2791891906175071,-0.3932357006875344,0.6941862737744211,-0.6573110246281054,0.4377367106343834,2051,need_for_cognition_pre
1,Panel 2 (MTurk),control,-0.10682407223844027,0.15844100255559798,-0.6742198705852989,0.500247519112504,-0.4175460966790708,0.20389795220219026,2051,extraversion_pre
1,Panel 2 (MTurk),factcheck,0.050257538243878686,0.1521042709566385,0.33041503652587095,0.7411201286791786,-0.24803738690422694,0.3485524633919843,2051,extraversion_pre
1,Panel 2 (MTurk),control,-0.10468781455848282,0.12040764981157547,-0.8694448793104721,0.3847055791786531,-0.34082182093390107,0.1314461918169354,2051,agreeableness_pre
1,Panel 2 (MTurk),factcheck,-0.05867010417762811,0.11690209873838993,-0.5018738312724681,0.6158101436477756,-0.28792929968546166,0.17058909133020544,2051,agreeableness_pre
1,Panel 2 (MTurk),control,-0.30087450349593337,0.12774073014218273,-2.355352933720066,0.01859882295134528,-0.5513895698808179,-0.050359437111048844,2051,conscientiousness_pre
1,Panel 2 (MTurk),factcheck,-0.2196695866684654,0.1257028246109258,-1.7475310308132266,0.08069491624900776,-0.46618807311458876,0.026848899777657947,2051,conscientiousness_pre
1,Panel 2 (MTurk),control,-0.2758643276109807,0.14019509259315982,-1.9677174322465565,0.04923510972393182,-0.5508039094398837,-9.24745782077685e-4,2051,emotional_stability_pre
1,Panel 2 (MTurk),factcheck,-0.1769663440007921,0.14145838681100684,-1.2510134463587872,0.21107225395868806,-0.4543833990247781,0.10045071102319392,2051,emotional_stability_pre
1,Panel 2 (MTurk),control,-0.10411223637842987,0.12378625859844469,-0.8410645701488063,0.4004098064147513,-0.3468721044002393,0.13864763164337957,2051,openness_to_experience_pre
1,Panel 2 (MTurk),factcheck,-0.026152136856203746,0.12321193076902413,-0.21225328337098404,0.8319305304375607,-0.26778567834023753,0.21548140462783005,2051,openness_to_experience_pre
1,Panel 3 (Lucid),control,-0.03586368110236122,0.11851890973766847,-0.30259881044925596,0.7622220198637311,-0.26827447037803653,0.1965471081733141,2384,lucid_pid_7n
1,Panel 3 (Lucid),factcheck,-0.05966489206534379,0.11461668167490982,-0.5205602813957991,0.6027214649204002,-0.28442356990996714,0.16509378577927958,2384,lucid_pid_7n
1,Panel 3 (Lucid),control,1.094252378608939,0.8463459076758924,1.2929138886177285,0.1961661234893475,-0.565397721434763,2.753902478652641,2384,lucid_age
1,Panel 3 (Lucid),factcheck,0.7569024090820708,0.8208465247584165,0.9220997911940176,0.35656983199227665,-0.8527444322157427,2.3665492503798844,2384,lucid_age
1,Panel 3 (Lucid),control,-0.01015009842519678,0.009923256899475236,-1.022859584108272,0.30647802062154467,-0.029609203924032934,0.009309007073639373,2384,race_asian
1,Panel 3 (Lucid),factcheck,-0.0069312767405679595,0.009856793096375256,-0.7031979542227453,0.48200105851198494,-0.026260049409217605,0.012397495928081688,2384,race_asian
1,Panel 3 (Lucid),control,-0.016291420603674917,0.014598200236293896,-1.1159882958154905,0.26453961622371813,-0.04491790093859398,0.012335059731244147,2384,race_black
1,Panel 3 (Lucid),factcheck,-0.001973636231039067,0.014695986073004647,-0.1342976389086595,0.893178556363162,-0.030791870637441165,0.02684459817536303,2384,race_black
1,Panel 3 (Lucid),control,0.024432004593175637,0.016318677694854504,1.4971804119202239,0.13447869940965418,-0.007568262464555251,0.05643227165090653,2384,race_hispanic
1,Panel 3 (Lucid),factcheck,0.00682036415791533,0.015310107183173848,0.44548115021761986,0.6560125276003035,-0.023202136911428528,0.036842865227259186,2384,race_hispanic
1,Panel 3 (Lucid),control,0.006889763779527742,0.010619255492746298,0.648799135140306,0.5165307080901929,-0.013934166815615184,0.027713694374670667,2384,race_other
1,Panel 3 (Lucid),factcheck,-0.006660832360948933,0.00956680785746085,-0.696243978157705,0.4863439227327784,-0.02542095570263829,0.012099290980740425,2384,race_other
1,Panel 3 (Lucid),control,-0.004880249343831192,0.023190391007100505,-0.21044273649102951,0.8333401245053704,-0.05035566832550582,0.040595169637843445,2384,race_white
1,Panel 3 (Lucid),factcheck,0.008745381174640464,0.022379121865474774,0.39078303551009014,0.6959925331030766,-0.03513917182676511,0.05262993417604604,2384,race_white
1,Panel 3 (Lucid),control,0.46800155839894836,0.3594036398497837,1.302161432184032,0.19298699750905604,-0.23677444562373245,1.1727775624216292,2384,lucid_hhin
1,Panel 3 (Lucid),factcheck,0.28258854774406417,0.348879585051416,0.8099887750738347,0.41802746776249156,-0.4015502103953825,0.9667273058835109,2384,lucid_hhin
1,Panel 3 (Lucid),control,-0.013234485232382593,0.04634706539223264,-0.28555174141835904,0.7752462765134234,-0.1041192062634995,0.07765023579873433,2384,political_knowledge_pre
1,Panel 3 (Lucid),factcheck,0.09687563184430771,0.04438064536538593,2.1828351310966854,0.02914520644536021,0.009846980966877722,0.1839042827217377,2384,political_knowledge_pre
1,Panel 3 (Lucid),control,0.03504347112860869,0.06259793708154959,0.5598183065195221,0.5756559692976504,-0.08770855212534909,0.1577954943825665,2384,political_interest_pre
1,Panel 3 (Lucid),factcheck,0.09323645954881209,0.06016355925841363,1.5497164844976048,0.12134231181058079,-0.02474184723641909,0.21121476633404326,2384,political_interest_pre
1,Panel 3 (Lucid),control,-0.02037384661298089,0.04398275390255539,-0.4632235320716735,0.6432464335429307,-0.10662224842191047,0.06587455519594869,2384,cognitive_reflection_pre
1,Panel 3 (Lucid),factcheck,-0.009492795986477419,0.04288459172109353,-0.22135679985518486,0.8248335841644803,-0.09358774616552645,0.0746021541925716,2384,cognitive_reflection_pre
1,Panel 3 (Lucid),control,-0.08329850498578188,0.22864996321368716,-0.364305787829646,0.7156619868725227,-0.5316718365998645,0.36507482662830076,2384,need_for_cognition_pre
1,Panel 3 (Lucid),factcheck,0.6079164561382085,0.22637270486985828,2.685467121522888,0.007293048102783024,0.16400873604759802,1.051824176228819,2384,need_for_cognition_pre
1,Panel 3 (Lucid),control,0.13333200178415822,0.13424117032458782,0.993227349417237,0.320699970568048,-0.12990950471876495,0.3965735082870814,2384,extraversion_pre
1,Panel 3 (Lucid),factcheck,0.16268258965757426,0.12998888606855846,1.2515115297762653,0.21087069625848093,-0.09222035937501966,0.4175855386901682,2384,extraversion_pre
1,Panel 3 (Lucid),control,-0.06786177515680249,0.10654552235625399,-0.6369275184544548,0.5242332111416821,-0.2767932359626385,0.14106968564903355,2384,agreeableness_pre
1,Panel 3 (Lucid),factcheck,0.16570332122796902,0.100389696376403,1.6506008804596628,0.0989518189931552,-0.03115681376338253,0.36256345621932057,2384,agreeableness_pre
1,Panel 3 (Lucid),control,-0.07097964967920257,0.10151369838905386,-0.6992125280193343,0.48448743281328044,-0.2700439071644738,0.12808460780606867,2384,conscientiousness_pre
1,Panel 3 (Lucid),factcheck,-0.050079190474649087,0.10232356611099346,-0.4894199095868754,0.6245894703320622,-0.2507315658128561,0.15057318486355792,2384,conscientiousness_pre
1,Panel 3 (Lucid),control,-0.03172985212785703,0.12870233662726369,-0.2465367215495879,0.8052880073190207,-0.2841099297321251,0.22065022547641103,2384,emotional_stability_pre
1,Panel 3 (Lucid),factcheck,0.027503077769901435,0.12647458874033932,0.2174593176686826,0.8278690173032266,-0.22050847631475853,0.2755146318545614,2384,emotional_stability_pre
1,Panel 3 (Lucid),control,0.026317686314671882,0.11084708324859699,0.2374233542586696,0.8123487744262191,-0.19104896145263411,0.24368433408197787,2384,openness_to_experience_pre
1,Panel 3 (Lucid),factcheck,0.07451118208507544,0.10604710752529778,0.7026234267379771,0.482359058149749,-0.13344290739237402,0.2824652715625249,2384,openness_to_experience_pre
1,Panel 4 (MTurk),control,-0.04584405540322028,0.11155082386475597,-0.4109701194031658,0.6811287488354247,-0.2645827891674063,0.17289467836096573,2567,lucid_pid_7n
1,Panel 4 (MTurk),factcheck,0.03040152611982314,0.10940695554381275,0.27787562471426824,0.7811302137571755,-0.1841333207914175,0.24493637303106378,2567,lucid_pid_7n
1,Panel 4 (MTurk),control,0.3404073316880419,0.6446583412992667,0.5280430111273721,0.59751512531931,-0.923695831344483,1.6045104947205666,2567,lucid_age
1,Panel 4 (MTurk),factcheck,-0.242489585716935,0.6299907359883271,-0.3849097643261662,0.7003361587005003,-1.4778312093729544,0.9928520379390845,2567,lucid_age
1,Panel 4 (MTurk),control,4.37319834071262e-4,0.011930338933806638,0.03665611149001326,0.9707620532326257,-0.022956745232829014,0.023831384900971538,2567,race_asian
1,Panel 4 (MTurk),factcheck,0.03245763624849875,0.012961969736098795,2.5040666587968463,0.012339076142922787,0.007040658148888785,0.05787461434810871,2567,race_asian
1,Panel 4 (MTurk),control,0.011122829220276867,0.014050504231444213,0.7916320323497444,0.4286484049784802,-0.0164286437124611,0.03867430215301483,2567,race_black
1,Panel 4 (MTurk),factcheck,0.01268087856994597,0.013850975972183127,0.9155223859613171,0.3600034488825453,-0.014479341682902725,0.039841098822794664,2567,race_black
1,Panel 4 (MTurk),control,0.01484778176193484,0.015970463586458393,0.9297026151779657,0.35261249675061623,-0.016468517495202804,0.04616408101907248,2567,race_hispanic
1,Panel 4 (MTurk),factcheck,0.0017986036844440916,0.015326359715946447,0.11735361284602491,0.9065890223508769,-0.028254679665081706,0.03185188703396989,2567,race_hispanic
1,Panel 4 (MTurk),control,0.0031526400899949763,0.006452658769437473,0.48858001060387946,0.6251808025933232,-0.009500304637247547,0.0158055848172375,2567,race_other
1,Panel 4 (MTurk),factcheck,0.0064087573211972565,0.006607239094834545,0.9699599528958384,0.3321578350985318,-0.0065473021968710686,0.01936481683926558,2567,race_other
1,Panel 4 (MTurk),control,-0.02956057090627859,0.022231782141058587,-1.3296536786263702,0.18375054420689121,-0.07315461805336407,0.014033476240806888,2567,race_white
1,Panel 4 (MTurk),factcheck,-0.05334587582408649,0.022062693549708173,-2.417922168201992,0.0156786261112702,-0.09660835908769225,-0.010083392560480721,2567,race_white
1,Panel 4 (MTurk),control,-0.4236827673486666,0.30811705196749395,-1.375070820141966,0.16922948724610265,-1.027865968005577,0.18050043330824384,2567,lucid_hhin
1,Panel 4 (MTurk),factcheck,0.11417783184829512,0.30530694435181926,0.3739771857816727,0.7084521754263249,-0.4844950609480565,0.7128507246446467,2567,lucid_hhin
1,Panel 4 (MTurk),control,0.02103970033783809,0.0390979929914296,0.53812737504071,0.5905357673920544,-0.055627106623937994,0.09770650729961416,2567,political_knowledge_pre
1,Panel 4 (MTurk),factcheck,0.03386463431892968,0.03788847662423714,0.893797727862898,0.3715139131366656,-0.040430445841908566,0.10815971447976792,2567,political_knowledge_pre
1,Panel 4 (MTurk),control,-0.05432327919566908,0.04738296133951538,-1.1464728598625127,0.25170640519448945,-0.14723598576580488,0.03858942737446673,2567,political_interest_pre
1,Panel 4 (MTurk),factcheck,-0.06099749588120713,0.04624261989852184,-1.3190752603348266,0.18726160431318903,-0.15167411997144864,0.029679128209034393,2567,political_interest_pre
1,Panel 4 (MTurk),control,-0.0017062301692685187,0.05899843940160412,-0.028919920366946652,0.9769307061894988,-0.11739559472668534,0.1139831343881483,2567,cognitive_reflection_pre
1,Panel 4 (MTurk),factcheck,0.0036841567500733065,0.05812015645964274,0.06338862409345883,0.9494619809900781,-0.11028299283881729,0.1176513063389639,2567,cognitive_reflection_pre
1,Panel 4 (MTurk),control,0.10735020423871562,0.25797512865564654,0.41612617773711863,0.6773524618793705,-0.3985102728941446,0.6132106813715759,2567,need_for_cognition_pre
1,Panel 4 (MTurk),factcheck,-0.09294493775178099,0.2606023746476179,-0.356654224189091,0.7213799913163642,-0.6039571514802183,0.4180672759766563,2567,need_for_cognition_pre
1,Panel 4 (MTurk),control,-0.1313704205710855,0.14056143279727487,-0.9346121333335785,0.35007613026729645,-0.406995725350836,0.144254884208665,2567,extraversion_pre
1,Panel 4 (MTurk),factcheck,0.06079068317382055,0.139907394415343,0.43450657792504727,0.663957139647619,-0.21355212522858,0.3351334915762211,2567,extraversion_pre
1,Panel 4 (MTurk),control,-0.007252928214686602,0.10070405112047659,-0.07202220897756746,0.9425898442755828,-0.20472234945108614,0.19021649302171295,2567,agreeableness_pre
1,Panel 4 (MTurk),factcheck,-0.01954773407400649,0.10032472814259408,-0.19484462540703623,0.8455300048353454,-0.21627334522460803,0.17717787707659508,2567,agreeableness_pre
1,Panel 4 (MTurk),control,-0.07470347030823138,0.10433699815612166,-0.7159825529621908,0.47406724599367667,-0.2792966958060213,0.12988975518955853,2567,conscientiousness_pre
1,Panel 4 (MTurk),factcheck,-0.12651588918254233,0.10861528987743273,-1.164807361148781,0.24420521188024902,-0.33949836794956834,0.08646658958448367,2567,conscientiousness_pre
1,Panel 4 (MTurk),control,0.15563864072957934,0.12833235989564337,1.212777828258911,0.2253263698390039,-0.09600681496491542,0.4072840964240741,2567,emotional_stability_pre
1,Panel 4 (MTurk),factcheck,-0.16301560100215007,0.13261533225367186,-1.229236455784218,0.2190958269432573,-0.423059488172848,0.09702828616854786,2567,emotional_stability_pre
1,Panel 4 (MTurk),control,0.17199082838288782,0.10789249646726809,1.5940944367254082,0.1110379929398676,-0.03957433305886057,0.38355598982463623,2567,openness_to_experience_pre
1,Panel 4 (MTurk),factcheck,0.13891439650562676,0.10582492875529248,1.3126812192508035,0.1894077336686936,-0.06859649507400412,0.34642528808525763,2567,openness_to_experience_pre
1,Panel 5 (Lucid),control,0.020864381520115192,0.12407992422908183,0.16815275839139335,0.8664785894585622,-0.22246191354997086,0.26419067659020123,2196,lucid_pid_7n
1,Panel 5 (Lucid),factcheck,0.11585796303488134,0.12293827578543962,0.942407580508813,0.3460876688140123,-0.12522950824650608,0.3569454343162688,2196,lucid_pid_7n
1,Panel 5 (Lucid),control,0.7570909250087609,0.8823770915733629,0.8580128974776479,0.3909789755577049,-0.9732901167370865,2.487471966754608,2196,lucid_age
1,Panel 5 (Lucid),factcheck,0.6370198332150403,0.8634326468557915,0.7377759406419965,0.46072944243530933,-1.0562103029840233,2.330249969414104,2196,lucid_age
1,Panel 5 (Lucid),control,-0.0034760704287283115,0.010974788878996404,-0.3167323277972872,0.7514768223694345,-0.02499812352228329,0.018045982664826668,2196,race_asian
1,Panel 5 (Lucid),factcheck,-0.00768879051250299,0.010647191610597104,-0.722142588741464,0.4702837047756744,-0.02856841067349498,0.013190829648489003,2196,race_asian
1,Panel 5 (Lucid),control,0.015340871783341585,0.015270936511276742,1.0045796321668419,0.31520998672381495,-0.014606119453364552,0.045287863020047725,2196,race_black
1,Panel 5 (Lucid),factcheck,-0.00771940027816618,0.014287910941611633,-0.540274943601759,0.5890622220631793,-0.03573863429458132,0.020299833738248965,2196,race_black
1,Panel 5 (Lucid),control,-0.008255418551113924,0.01689300847795026,-0.4886884749918511,0.6251110619531786,-0.04138336564703719,0.02487252854480934,2196,race_hispanic
1,Panel 5 (Lucid),factcheck,-9.182929698934987e-4,0.01696008321742699,-0.05414436698930376,0.9568250693756973,-0.03417777663751495,0.03234119069772795,2196,race_hispanic
1,Panel 5 (Lucid),control,0.004441092843115144,0.009958144639860087,0.4459759326389481,0.65565859747364,-0.015087275311878222,0.02396946099810851,2196,race_other
1,Panel 5 (Lucid),factcheck,0.0029500161657824726,0.009771128276514133,0.30191151751360445,0.7627481040905533,-0.01621160451500679,0.02211163684657174,2196,race_other
1,Panel 5 (Lucid),control,-0.008050475646615056,0.024022850956230392,-0.33511741222068164,0.7375685262091921,-0.05516036353958633,0.03905941224635622,2196,race_white
1,Panel 5 (Lucid),factcheck,0.013376467594780091,0.02354392088358651,0.5681495304422896,0.569991524570852,-0.03279421695084767,0.05954715214040785,2196,race_white
1,Panel 5 (Lucid),control,-0.23065030572308617,0.37874919273842456,-0.6089790028473543,0.5426013474401983,-0.9733944555315402,0.5120938440853678,2196,lucid_hhin
1,Panel 5 (Lucid),factcheck,-0.41479484761119073,0.37284096888760443,-1.1125248624065067,0.26603431731330357,-1.1459527055275691,0.3163630103051876,2196,lucid_hhin
1,Panel 5 (Lucid),control,0.003925024940195047,0.04594780038980947,0.08542356558738681,0.931932446066905,-0.08618067189139406,0.09403072177178415,2196,political_knowledge_pre
1,Panel 5 (Lucid),factcheck,-0.03821030827217673,0.04587186761360519,-0.8329791277310865,0.4049470838595808,-0.12816709752485675,0.051746480980503294,2196,political_knowledge_pre
1,Panel 5 (Lucid),control,0.1812471273172938,0.0635003156826609,2.8542712798951375,0.004354020702238227,0.05672016095393681,0.3057740936806508,2196,political_interest_pre
1,Panel 5 (Lucid),factcheck,0.11292325175193008,0.06291629925609579,1.7948171314445078,0.0728203162871857,-0.010458432212045413,0.23630493571590555,2196,political_interest_pre
1,Panel 5 (Lucid),control,0.013152855014877294,0.044696840282301364,0.2942681167573592,0.7685808454902812,-0.07449965295371376,0.10080536298346836,2196,cognitive_reflection_pre
1,Panel 5 (Lucid),factcheck,0.009820552197427642,0.04377166890015655,0.2243586421122846,0.8224991211427697,-0.07601765320674096,0.09565875760159624,2196,cognitive_reflection_pre
1,Panel 5 (Lucid),control,-0.051389179427902165,0.24177134535003336,-0.21255281246626473,0.8316955078724838,-0.525513628517028,0.42273526966122366,2196,need_for_cognition_pre
1,Panel 5 (Lucid),factcheck,-0.279746349784715,0.23838871595416516,-1.1734882192934906,0.24072733728482537,-0.7472373109538115,0.18774461138438142,2196,need_for_cognition_pre
1,Panel 5 (Lucid),control,0.06981165527711516,0.1406775880668643,0.49625285901215166,0.6197656868692751,-0.20606340280647842,0.3456867133607088,2196,extraversion_pre
1,Panel 5 (Lucid),factcheck,-0.07601944339544504,0.13777255218644355,-0.5517749521876474,0.5811586933106212,-0.3461975958577603,0.19415870906687022,2196,extraversion_pre
1,Panel 5 (Lucid),control,-7.157047981084065e-4,0.1042101583302674,-0.0068678985770289636,0.9945208766552764,-0.20507649799423966,0.20364508839802287,2196,agreeableness_pre
1,Panel 5 (Lucid),factcheck,-0.11983758108923585,0.1021900121656747,-1.1726936767063905,0.2410458595842278,-0.3202367770746624,0.0805616148961907,2196,agreeableness_pre
1,Panel 5 (Lucid),control,0.013827842890779405,0.10829053517919089,0.12769207269959604,0.8984043553030683,-0.19853475226732953,0.22619043804888833,2196,conscientiousness_pre
1,Panel 5 (Lucid),factcheck,-0.08855195064402323,0.10553776987357934,-0.8390545939154964,0.4015300001856398,-0.2955162496057605,0.11841234831771406,2196,conscientiousness_pre
1,Panel 5 (Lucid),control,0.023436029241868626,0.1294473666137317,0.1810467826031661,0.8563475626656862,-0.23041606101687126,0.2772881195006085,2196,emotional_stability_pre
1,Panel 5 (Lucid),factcheck,0.03589584060608993,0.1315446945828458,0.2728794248975432,0.7849715605604229,-0.22206920384279916,0.293860885054979,2196,emotional_stability_pre
1,Panel 5 (Lucid),control,-0.1681712683178767,0.11018411095602058,-1.5262751304042503,0.12708536445873989,-0.38424725048095965,0.0479047138452062,2196,openness_to_experience_pre
1,Panel 5 (Lucid),factcheck,7.064156259934895e-4,0.10475956642518314,0.006743208759822381,0.9946203511051559,-0.20473179147934153,0.20614462273132853,2196,openness_to_experience_pre
1,Panel 6 (MTurk),control,0.03374119391916791,0.1483004501742334,0.22751916045788448,0.8200493231677506,-0.2571437764315592,0.32462616426989505,1590,lucid_pid_7n
1,Panel 6 (MTurk),factcheck,0.011292599314379472,0.1498172510960786,0.07537582776190085,0.9399251733027169,-0.28256751096788885,0.3051527095966478,1590,lucid_pid_7n
1,Panel 6 (MTurk),control,0.9532049722362729,0.7059046173401341,1.3503311195611278,0.17710196218569976,-0.4313966486231543,2.3378065930957,1590,lucid_age
1,Panel 6 (MTurk),factcheck,-0.020434227330776513,0.7077858739661579,-0.02887063458369269,0.9769713892094702,-1.4087258523489241,1.3678573976873711,1590,lucid_age
1,Panel 6 (MTurk),control,-8.033617599801444e-4,0.011920704725634055,-0.06739213649446502,0.9462780021745973,-0.0241853126347207,0.022578589114760413,1590,race_asian
1,Panel 6 (MTurk),factcheck,0.008503058412314243,0.01283173044843982,0.6626587463383093,0.5076451796284714,-0.016665830331163464,0.03367194715579195,1590,race_asian
1,Panel 6 (MTurk),control,-0.013348164627363894,0.017379313029018406,-0.7680490365226943,0.44257210156083104,-0.047436941493668894,0.02074061223894111,1590,race_black
1,Panel 6 (MTurk),factcheck,-0.01976204880016158,0.01741936071899828,-1.1344876037045533,0.25676107450100066,-0.05392937749216046,0.014405279891837298,1590,race_black
1,Panel 6 (MTurk),control,0.0392411321221106,0.022353211586535124,1.7555030949444521,0.07936584057133135,-0.004603733365172551,0.08308599760939375,1590,race_hispanic
1,Panel 6 (MTurk),factcheck,-0.007259528130671481,0.021468364861816795,-0.33815002574244174,0.7352947756244783,-0.04936880473078516,0.03484974846944219,1590,race_hispanic
1,Panel 6 (MTurk),control,-0.008527994067482335,0.007863463100815923,-1.0845086901466428,0.2783037287120745,-0.02395183956658586,0.006895851431621192,1590,race_other
1,Panel 6 (MTurk),factcheck,-0.00352893728574321,0.008559129846313867,-0.4123009405287859,0.680174440518212,-0.020317303259332224,0.013259428687845805,1590,race_other
1,Panel 6 (MTurk),control,-0.0165616116672852,0.02810422203427409,-0.5892926567078687,0.5557486869926802,-0.07168683740709526,0.03856361407252486,1590,race_white
1,Panel 6 (MTurk),factcheck,0.022047455804261654,0.02816325131220102,0.782844834208121,0.4338348140209488,-0.0331935533316165,0.07728846494013981,1590,race_white
1,Panel 6 (MTurk),control,0.028364849833146043,0.37209172949876423,0.076230798978939,0.9392450702631128,-0.7014771133964731,0.7582068130627652,1590,lucid_hhin
1,Panel 6 (MTurk),factcheck,0.3261074141291963,0.37980165380717473,0.8586255769564421,0.3906765407412329,-0.4188572348456344,1.071072063104027,1590,lucid_hhin
1,Panel 6 (MTurk),control,0.009511695152053835,0.05246152550757962,0.18130801687571188,0.8561489223533381,-0.09338933632760396,0.11241272663171162,1590,political_knowledge_pre
1,Panel 6 (MTurk),factcheck,0.07373983777239501,0.05110560641110819,1.4428913567566455,0.14924804464660016,-0.026501616573736286,0.1739812921185263,1590,political_knowledge_pre
1,Panel 6 (MTurk),control,0.04035347917438652,0.05994204617366509,0.6732082361265037,0.5009126578088725,-0.07722027264837067,0.1579272309971437,1590,political_interest_pre
1,Panel 6 (MTurk),factcheck,0.06651206560462401,0.06060459608137628,1.0974756025981187,0.2725997141835725,-0.052361249436141066,0.1853853806453891,1590,political_interest_pre
1,Panel 6 (MTurk),control,0.036106936271663684,0.07250148831814814,0.49801648365093787,0.6185412970319295,-0.10610162246858713,0.17831549501191452,1590,cognitive_reflection_pre
1,Panel 6 (MTurk),factcheck,-0.04179071182680127,0.0750307349793372,-0.5569812402652068,0.5776186365635376,-0.1889602793784568,0.10537885572485425,1590,cognitive_reflection_pre
1,Panel 6 (MTurk),control,0.25030949698767535,0.31859206875308854,0.7856739747707506,0.4321755752179588,-0.37459517703279943,0.8752141710081501,1590,need_for_cognition_pre
1,Panel 6 (MTurk),factcheck,-0.39840334051322807,0.3161310015456685,-1.2602476143285632,0.20776497351853224,-1.0184807367957023,0.2216740557692462,1590,need_for_cognition_pre
1,Panel 6 (MTurk),control,0.0916375296423716,0.172808661020258,0.5302831993567101,0.5959896395267871,-0.24731924478527856,0.43059430407002175,1590,extraversion_pre
1,Panel 6 (MTurk),factcheck,0.008328731737317647,0.1713200289002699,0.04861504980346478,0.9612321817817566,-0.3277081546550829,0.34436561812971817,1590,extraversion_pre
1,Panel 6 (MTurk),control,-0.025212684876204122,0.13042673995322462,-0.19330917023032418,0.846741534850352,-0.2810391394800993,0.23061376972769107,1590,agreeableness_pre
1,Panel 6 (MTurk),factcheck,0.003530057583293051,0.13397885061754836,0.026347871824709393,0.9789831782747034,-0.259263709689312,0.2663238248558981,1590,agreeableness_pre
1,Panel 6 (MTurk),control,0.03274386627233493,0.13165889917727133,0.2487022637812515,0.8036232164641136,-0.22549941578510546,0.29098714832977535,1590,conscientiousness_pre
1,Panel 6 (MTurk),factcheck,0.04249219999530354,0.13155960921880402,0.322988189518201,0.7467466557961301,-0.2155563290685286,0.30054072905913565,1590,conscientiousness_pre
1,Panel 6 (MTurk),control,0.11722028973902827,0.15793026426021914,0.7422281618289849,0.4580587371823026,-0.19255314778488664,0.42699372726294316,1590,emotional_stability_pre
1,Panel 6 (MTurk),factcheck,-0.11068291100376676,0.16169285554669652,-0.6845256744927842,0.4937430453114894,-0.42783650990630867,0.20647068789877515,1590,emotional_stability_pre
1,Panel 6 (MTurk),control,-0.005640619910857899,0.1400687649017019,-0.0402703623096584,0.9678826378081373,-0.2803794927708245,0.2690982529491087,1590,openness_to_experience_pre
1,Panel 6 (MTurk),factcheck,-0.08121555459758677,0.13565547402822603,-0.5986898441023333,0.5494650101466301,-0.3472979467565716,0.18486683756139805,1590,openness_to_experience_pre
1,Panel 7 (Lucid),control,0.13526967653502225,0.1147297245054069,1.1790290364433618,0.23850426839081726,-0.0897106737289301,0.3602500267989746,2384,lucid_pid_7n
1,Panel 7 (Lucid),factcheck,0.061739745403113305,0.11731984865203093,0.5262514920747344,0.5987624336940383,-0.16831973357178728,0.29179922437801387,2384,lucid_pid_7n
1,Panel 7 (Lucid),control,1.3938642010060331,0.8369262598879881,1.6654564061505062,0.09595312180268915,-0.24731435064145613,3.0350427526535224,2384,lucid_age
1,Panel 7 (Lucid),factcheck,1.1815931593159483,0.8558623448530986,1.3805878555373978,0.1675351404240958,-0.4967182892023756,2.859904607834272,2384,lucid_age
1,Panel 7 (Lucid),control,0.0011901993660428276,0.009481942507538926,0.1255227359896478,0.9001203104583901,-0.01740350645627205,0.019783905188357705,2384,race_asian
1,Panel 7 (Lucid),factcheck,-7.650765076508133e-4,0.009479845878967828,-0.08070558502941773,0.9356828693237829,-0.01935467092612216,0.01782451791082053,2384,race_asian
1,Panel 7 (Lucid),control,0.011011638864751653,0.01473232678251495,0.7474473670934864,0.4548672778534535,-0.017877858203438526,0.03990113593294183,2384,race_black
1,Panel 7 (Lucid),factcheck,0.01361064677896352,0.015016583955053293,0.906374367146487,0.36482933256259775,-0.015836267109657562,0.0430575606675846,2384,race_black
1,Panel 7 (Lucid),control,-0.005103476973160885,0.016523870611287933,-0.30885481333136033,0.7574589583424928,-0.03750611904233617,0.027299165096014395,2384,race_hispanic
1,Panel 7 (Lucid),factcheck,0.0024559598817025527,0.016945898558194374,0.14492945731195508,0.8847788194689774,-0.030774261925204188,0.03568618168860929,2384,race_hispanic
1,Panel 7 (Lucid),control,0.0036639170715583778,0.00948136558030253,0.3864334773853821,0.6992101464970459,-0.014928657419775964,0.02225649156289272,2384,race_other
1,Panel 7 (Lucid),factcheck,-0.01381316703098869,0.008423450509076858,-1.6398466419555782,0.10116898919469618,-0.030331212848085265,0.0027048787861078862,2384,race_other
1,Panel 7 (Lucid),control,-0.010762278329191716,0.022776190666285494,-0.472523192612828,0.6365966437810506,-0.055425467192143994,0.03390091053376056,2384,race_white
1,Panel 7 (Lucid),factcheck,-0.0014883631220264219,0.022960832425745748,-0.06482182764234347,0.9483212968181538,-0.04651362700865543,0.043536900764602586,2384,race_white
1,Panel 7 (Lucid),control,0.309965854434642,0.35377652313849234,0.8761628716479305,0.3810297691414052,-0.38377560126902144,1.0037073101383054,2384,lucid_hhin
1,Panel 7 (Lucid),factcheck,0.09224636749389165,0.3545473776151352,0.26018065093130094,0.7947468971465531,-0.6030067026663155,0.7874994376540987,2384,lucid_hhin
1,Panel 7 (Lucid),control,0.03072529990628794,0.04385784625326473,0.7005656349119238,0.4836424954973819,-0.055278163053453205,0.1167287628660291,2384,political_knowledge_pre
1,Panel 7 (Lucid),factcheck,0.06131586564542503,0.04394927262663424,1.395150863276546,0.1631003031186331,-0.024866880735353758,0.14749861202620382,2384,political_knowledge_pre
1,Panel 7 (Lucid),control,-0.005530296540159223,0.058192856501533274,-0.09503394183809331,0.9242958540342191,-0.11964413491129443,0.10858354183097597,2384,political_interest_pre
1,Panel 7 (Lucid),factcheck,-0.023360550340747913,0.05762065766251931,-0.40541971036792457,0.6852054040545301,-0.1363523299274055,0.08963122924590967,2384,political_interest_pre
1,Panel 7 (Lucid),control,-0.03697214306625791,0.04262260816626433,-0.8674303299796949,0.38579357081104493,-0.1205533540884933,0.046609067955977475,2384,cognitive_reflection_pre
1,Panel 7 (Lucid),factcheck,0.02838282854702121,0.04437602614209273,0.6395982473991463,0.5224952767650781,-0.058636764220325,0.11540242131436741,2384,cognitive_reflection_pre
1,Panel 7 (Lucid),control,0.1555495587169097,0.22450287302889635,0.6928622187248735,0.48846350893812607,-0.2846914967466583,0.5957906141804777,2384,need_for_cognition_pre
1,Panel 7 (Lucid),factcheck,0.13812833245899364,0.22127266625527253,0.6242448956602759,0.5325264967574785,-0.29577841814602285,0.5720350830640102,2384,need_for_cognition_pre
1,Panel 7 (Lucid),control,0.0825560386773874,0.13242714083243512,0.623407242340515,0.5330765762855441,-0.17712822934794822,0.342240306702723,2384,extraversion_pre
1,Panel 7 (Lucid),factcheck,-0.20614898345743174,0.1337727032868583,-1.5410392284244405,0.12343995454118556,-0.46847184504344386,0.05617387812858035,2384,extraversion_pre
1,Panel 7 (Lucid),control,0.06502468506234185,0.10202175972249997,0.6373609437752253,0.5239509651368857,-0.13503586015260913,0.2650852302772928,2384,agreeableness_pre
1,Panel 7 (Lucid),factcheck,0.02714446974524864,0.10225560513973984,0.2654570349288307,0.7906803557558929,-0.17337463687656574,0.22766357636706303,2384,agreeableness_pre
1,Panel 7 (Lucid),control,0.21471248504327906,0.1044859012845505,2.0549421730932314,0.03999333830021702,0.009819857871189192,0.4196051122153689,2384,conscientiousness_pre
1,Panel 7 (Lucid),factcheck,-0.010094507837591964,0.10803681734601954,-0.09343581276798767,0.9255651918120463,-0.22195033781271437,0.20176132213753042,2384,conscientiousness_pre
1,Panel 7 (Lucid),control,0.21865772065725458,0.12286315243186556,1.7796850913337294,0.07525486640286727,-0.022271952867341044,0.45958739418185024,2384,emotional_stability_pre
1,Panel 7 (Lucid),factcheck,0.03140166380823511,0.12417541570252086,0.2528814872942489,0.8003815978713716,-0.2121013049242352,0.2749046325407054,2384,emotional_stability_pre
1,Panel 7 (Lucid),control,0.0019644081521161677,0.10373951097806848,0.018935968885870902,0.9848937702461118,-0.20146457781182253,0.2053933941160549,2384,openness_to_experience_pre
1,Panel 7 (Lucid),factcheck,-0.12917890583121402,0.1052053446983999,-1.2278739849343296,0.21961549344377593,-0.33548233244469283,0.07712452078226475,2384,openness_to_experience_pre
2,Panel 1 (Lucid),control,-0.20525155581701968,0.11907865276858987,-1.7236637385870743,0.08490190795417464,-0.43876335578332804,0.02826024414928871,2318,lucid_pid_7n
2,Panel 1 (Lucid),factcheck,-0.06773884532075933,0.11860070030618874,-0.5711504666151168,0.5679530202044086,-0.30031338628053106,0.16483569563901238,2318,lucid_pid_7n
2,Panel 1 (Lucid),control,-0.7637398437941182,0.8641412222302546,-0.8838136917285218,0.37688844986434533,-2.458310344354057,0.9308306567658206,2318,lucid_age
2,Panel 1 (Lucid),factcheck,-0.8818249723930153,0.8596103616508433,-1.025842651197817,0.30507279584490943,-2.5675105100759317,0.8038605652899012,2318,lucid_age
2,Panel 1 (Lucid),control,0.003192866585377377,0.011971589798784026,0.2667036407897706,0.7897210733711567,-0.02028327642914741,0.026669009599902167,2318,race_asian
2,Panel 1 (Lucid),factcheck,0.005419311806953772,0.012059544732188206,0.44937946890225905,0.6531999524820875,-0.018229309769744878,0.02906793338365242,2318,race_asian
2,Panel 1 (Lucid),control,0.02044665929018137,0.01526161170606372,1.3397444309277988,0.18045977253536222,-0.009481176950924132,0.050374495531286874,2318,race_black
2,Panel 1 (Lucid),factcheck,0.009780283914087341,0.014886062182244532,0.6570094760018437,0.511240047917517,-0.019411104246320355,0.038971672074495034,2318,race_black
2,Panel 1 (Lucid),control,0.016333727239923258,0.015495336964410331,1.0541059724895652,0.2919442618158307,-0.014052441410099991,0.0467198958899465,2318,race_hispanic
2,Panel 1 (Lucid),factcheck,0.009453593845975713,0.015252167778183537,0.619819686189001,0.5354374275354395,-0.020455722966611068,0.0393629106585625,2318,race_hispanic
2,Panel 1 (Lucid),control,0.002156510318243305,0.008823539173266696,0.24440423234896916,0.8069393952135262,-0.015146343438649583,0.019459364075136192,2318,race_other
2,Panel 1 (Lucid),factcheck,-0.004325240380934365,0.008361820941076936,-0.5172605837188985,0.605023618556984,-0.02072267026067425,0.012072189498805522,2318,race_other
2,Panel 1 (Lucid),control,-0.042129763433725355,0.02319248810171251,-1.8165262497478454,0.06941878903388156,-0.08760995250550345,0.0033504256380527397,2318,race_white
2,Panel 1 (Lucid),factcheck,-0.020327949186082626,0.022923656320125836,-0.8867673159205276,0.3752961789560997,-0.0652809623808507,0.024625064008685443,2318,race_white
2,Panel 1 (Lucid),control,-0.23240887846072775,0.3588814457710713,-0.6475923489479594,0.5173127778374247,-0.9361710594065573,0.47135330248510177,2318,lucid_hhin
2,Panel 1 (Lucid),factcheck,-0.3863773644619135,0.35979437387718916,-1.0738838417573424,0.28298652125713464,-1.0919297863984074,0.3191750574745804,2318,lucid_hhin
2,Panel 1 (Lucid),control,0.025616143049590954,0.04548251678405262,0.5632085658587094,0.5733473433062157,-0.06357452307157843,0.11480680917076033,2318,political_knowledge_pre
2,Panel 1 (Lucid),factcheck,0.016443392576116385,0.04484161455166818,0.3666993871768309,0.7138767328010449,-0.0714904720075234,0.10437725715975615,2318,political_knowledge_pre
2,Panel 1 (Lucid),control,0.04988533384866127,0.059463509870549734,0.838923466799389,0.4015987626235261,-0.06672189086667463,0.16649255856399717,2318,political_interest_pre
2,Panel 1 (Lucid),factcheck,0.07862511123626673,0.060271751551674024,1.3045101430121446,0.19218920652178587,-0.03956706565461908,0.19681728812715255,2318,political_interest_pre
2,Panel 1 (Lucid),control,0.02326628249621658,0.04362030521179303,0.5333819280550653,0.5938203612749269,-0.062272609221681,0.10880517421411416,2318,cognitive_reflection_pre
2,Panel 1 (Lucid),factcheck,-0.008408893494988568,0.043715377907454465,-0.19235550274299837,0.8474805948141259,-0.09413422162088526,0.07731643463090813,2318,cognitive_reflection_pre
2,Panel 1 (Lucid),control,0.38934859260592947,0.23144287176738193,1.6822665119591804,0.09265185721817586,-0.06450808379433087,0.8432052690061898,2318,need_for_cognition_pre
2,Panel 1 (Lucid),factcheck,0.21280226971590718,0.22473031094385115,0.9469228642195747,0.343776786436644,-0.22789115597700674,0.6534956954088211,2318,need_for_cognition_pre
2,Panel 1 (Lucid),control,0.017268205084455462,0.1326037439571018,0.13022411410979345,0.8964004161176021,-0.24276613535999783,0.27730254552890876,2318,extraversion_pre
2,Panel 1 (Lucid),factcheck,0.2019046521815567,0.1332970944336207,1.5146965733908115,0.12998560101134427,-0.05948934017375637,0.46329864453686975,2318,extraversion_pre
2,Panel 1 (Lucid),control,0.10425902801733329,0.09960277528491575,1.0467482228190754,0.2953248507607805,-0.09106081141366364,0.29957886744833023,2318,agreeableness_pre
2,Panel 1 (Lucid),factcheck,-0.17325273865382473,0.10445976102148069,-1.6585595923218486,0.09733986304223866,-0.3780970684564085,0.031591591148759035,2318,agreeableness_pre
2,Panel 1 (Lucid),control,0.001661549935357994,0.10377774795690821,0.016010657082748816,0.9872272675319452,-0.20184536048427096,0.20516846035498695,2318,conscientiousness_pre
2,Panel 1 (Lucid),factcheck,-0.15442969626047948,0.1063318550751572,-1.4523370832882196,0.14654324164672153,-0.36294517989304287,0.05408578737208394,2318,conscientiousness_pre
2,Panel 1 (Lucid),control,0.16497440734478797,0.12324828261103284,1.3385533968488736,0.18084737417677377,-0.07671398638593124,0.4066628010755072,2318,emotional_stability_pre
2,Panel 1 (Lucid),factcheck,0.016480664071670256,0.12132924184725305,0.1358342294137016,0.8919641253440075,-0.2214445138975322,0.2544058420408727,2318,emotional_stability_pre
2,Panel 1 (Lucid),control,-0.015645560085191284,0.10484999110730528,-0.1492185160910443,0.8813941904267126,-0.2212551263732683,0.18996400620288575,2318,openness_to_experience_pre
2,Panel 1 (Lucid),factcheck,-0.06954872727746839,0.10287644640788529,-0.6760413068869144,0.4990818615599235,-0.27128819624448225,0.13219074168954548,2318,openness_to_experience_pre
2,Panel 1 (MTurk),control,0.0037570288785312624,0.1384260249380701,0.027141058772814617,0.9783498555406624,-0.26771249637924704,0.27522655413630953,2060,lucid_pid_7n
2,Panel 1 (MTurk),factcheck,0.13397653044004404,0.1366890211048989,0.9801557532351248,0.32712433605619207,-0.13408652839516022,0.4020395892752483,2060,lucid_pid_7n
2,Panel 1 (MTurk),control,-0.8996774778080052,0.7405774495141016,-1.2148323965282635,0.2245692483746809,-2.352035939492893,0.5526809838768829,2060,lucid_age
2,Panel 1 (MTurk),factcheck,-0.5683971154876244,0.697885850783258,-0.8144557091244871,0.4154780753618994,-1.9370323896783788,0.80023815870313,2060,lucid_age
2,Panel 1 (MTurk),control,1.4099225371978565e-4,0.010381948284928286,0.013580519749310191,0.9891659610789759,-0.020219215109174536,0.020501199616614105,2060,race_asian
2,Panel 1 (MTurk),factcheck,-0.004605829110980259,0.010040925536032351,-0.4587056337039864,0.6464939581572129,-0.024297251223512156,0.015085593001551639,2060,race_asian
2,Panel 1 (MTurk),control,0.025270788063761672,0.018659680022305686,1.354299110893279,0.1757895009601593,-0.011323013422509604,0.06186458955003295,2060,race_black
2,Panel 1 (MTurk),factcheck,0.006305746378929253,0.01807213415173346,0.34892095897397996,0.7271843088352923,-0.029135809360035698,0.0417473021178942,2060,race_black
2,Panel 1 (MTurk),control,-0.036508700051419755,0.02269387304099562,-1.6087469946389572,0.1078249050608688,-0.08101402297357681,0.007996622870737297,2060,race_hispanic
2,Panel 1 (MTurk),factcheck,0.021325112264512277,0.02360308870304456,0.9034882058364485,0.36637248211946094,-0.02496328825626677,0.06761351278529132,2060,race_hispanic
2,Panel 1 (MTurk),control,0.005610662331845891,0.00689587941396526,0.8136253543650142,0.41595363951063646,-0.007912958761669957,0.019134283425361737,2060,race_other
2,Panel 1 (MTurk),factcheck,0.00398019370001599,0.006708537446432266,0.5933027476999084,0.5530436923623707,-0.009176028018925655,0.017136415418957635,2060,race_other
2,Panel 1 (MTurk),control,0.00548625740209329,0.02659131339293612,0.20631765422879386,0.8365631774834045,-0.046662399080607354,0.057634913884793935,2060,race_white
2,Panel 1 (MTurk),factcheck,-0.027005223232477563,0.026643789789950693,-1.0135653916119394,0.3109092079932313,-0.0792567920294714,0.02524634556451628,2060,race_white
2,Panel 1 (MTurk),control,-0.3983114104201528,0.311365597837503,-1.2792402667041767,0.20095653151059248,-1.0089355402712206,0.21231271943091495,2060,lucid_hhin
2,Panel 1 (MTurk),factcheck,-0.6795038546550138,0.3047017129999548,-2.230062469832963,0.025850662735150524,-1.2770593317434882,-0.08194837756653939,2060,lucid_hhin
2,Panel 1 (MTurk),control,-0.04249789725326011,0.048036029996669456,-0.8847087749800862,0.3764169699181942,-0.13670213568529133,0.051706341178771105,2060,political_knowledge_pre
2,Panel 1 (MTurk),factcheck,-0.05023276709246057,0.04871140930271094,-1.031232062704147,0.30255306383123287,-0.1457615028483298,0.04529596866340866,2060,political_knowledge_pre
2,Panel 1 (MTurk),control,-0.06903229551976314,0.048959694101281585,-1.4099821656760745,0.15869591001236955,-0.1650479466257398,0.026983355586213495,2060,political_interest_pre
2,Panel 1 (MTurk),factcheck,0.034572530489436135,0.04799076169282456,0.7203997033996924,0.4713606664818307,-0.05954293153686144,0.1286879925157337,2060,political_interest_pre
2,Panel 1 (MTurk),control,-0.07660094882896534,0.0651265013883551,-1.1761870697181642,0.23965603284213358,-0.20432158822106322,0.051119690563132536,2060,cognitive_reflection_pre
2,Panel 1 (MTurk),factcheck,-0.10747183524177167,0.06466492297185555,-1.6619804107483,0.0966688489129944,-0.2342872657061955,0.019343595222652166,2060,cognitive_reflection_pre
2,Panel 1 (MTurk),control,-0.3287282159169689,0.26115224069762044,-1.2587608478442749,0.20825935481463773,-0.8408781157201703,0.1834216838862326,2060,need_for_cognition_pre
2,Panel 1 (MTurk),factcheck,-0.22659601924673273,0.2597359830338301,-0.8724090385936978,0.3830869427249163,-0.735968473148386,0.2827764346549206,2060,need_for_cognition_pre
2,Panel 1 (MTurk),control,-0.30141751292783797,0.1324930082219284,-2.2749692000573924,0.0230101305206381,-0.5612517027636967,-0.04158332309197926,2060,extraversion_pre
2,Panel 1 (MTurk),factcheck,-0.012206993555661287,0.1330977005143598,-0.09171453382355231,0.926933767090026,-0.27322705526515667,0.24881306815383408,2060,extraversion_pre
2,Panel 1 (MTurk),control,-0.08543314886918976,0.11909301104845468,-0.7173649244155064,0.47323028946838197,-0.3189883866599693,0.14812208892158976,2060,agreeableness_pre
2,Panel 1 (MTurk),factcheck,-0.10139392709953908,0.11919464449094137,-0.8506584128219358,0.395057993391306,-0.3351484798846957,0.13236062568561752,2060,agreeableness_pre
2,Panel 1 (MTurk),control,0.07201304463551587,0.12392001773224876,0.5811251963432806,0.5612196517140327,-0.17100851434343578,0.31503460361446756,2060,conscientiousness_pre
2,Panel 1 (MTurk),factcheck,0.04209831281114637,0.1225389996668351,0.3435503221472779,0.7312195489579019,-0.19821490921485163,0.2824115348371444,2060,conscientiousness_pre
2,Panel 1 (MTurk),control,0.029893641856074866,0.12493115375929292,0.23928092358509293,0.8109115600740864,-0.2151108724042664,0.27489815611641616,2060,emotional_stability_pre
2,Panel 1 (MTurk),factcheck,-0.05038703456246214,0.12774479363972094,-0.3944351321633417,0.6933006396447831,-0.30090942367999063,0.20013535455506637,2060,emotional_stability_pre
2,Panel 1 (MTurk),control,-0.18004312704231618,0.12136454916131541,-1.4834902637260765,0.13809717594901577,-0.4180531151112976,0.057966861026665234,2060,openness_to_experience_pre
2,Panel 1 (MTurk),factcheck,-0.12392635612649755,0.11419779938504862,-1.0851904046648613,0.27796431109697817,-0.3478815148360803,0.10002880258308525,2060,openness_to_experience_pre
2,Panel 2 (MTurk),control,0.028877564075229914,0.13189051855251813,0.21895102386553297,0.8267099844611402,-0.22977574073949042,0.2875308688899502,2051,lucid_pid_7n
2,Panel 2 (MTurk),factcheck,-0.04399134609879182,0.13119939068155148,-0.3353014512511577,0.7374319900211271,-0.30128926532676203,0.21330657312917836,2051,lucid_pid_7n
2,Panel 2 (MTurk),control,0.4979451028774279,0.6732240615871139,0.7396424627241205,0.45960161561165336,-0.822328941999858,1.8182191477547138,2051,lucid_age
2,Panel 2 (MTurk),factcheck,0.7054340446763796,0.6534487362832867,1.0795552971588516,0.28046719103645223,-0.5760581885911178,1.986926277943877,2051,lucid_age
2,Panel 2 (MTurk),control,0.010008955605782497,0.011462805900320897,0.8731680264691823,0.3826737150431242,-0.012470997169496574,0.03248890838106157,2051,race_asian
2,Panel 2 (MTurk),factcheck,0.01812984123608442,0.011784778914403196,1.5384116552179332,0.12410224621397117,-0.004981539674192709,0.04124122214636155,2051,race_asian
2,Panel 2 (MTurk),control,-0.017465563563478493,0.0161108076304555,-1.0840898832695385,0.2784523660811155,-0.04906081152053468,0.014129684393577691,2051,race_black
2,Panel 2 (MTurk),factcheck,0.009588408025716253,0.016907448028252225,0.5671114889541042,0.5707004981817939,-0.023569148381564015,0.042745964432996525,2051,race_black
2,Panel 2 (MTurk),control,0.03204614269265248,0.02149904723979617,1.4905843191661503,0.13622443148329444,-0.010116096715988475,0.07420838210129344,2051,race_hispanic
2,Panel 2 (MTurk),factcheck,-0.0030080077214390435,0.020501914909640324,-0.14671837897564538,0.8833687306726536,-0.04321474968141606,0.03719873423853798,2051,race_hispanic
2,Panel 2 (MTurk),control,-0.0059426841229903125,0.006586341238693957,-0.9022739496213411,0.3670173064749681,-0.018859298195952005,0.00697392994997138,2051,race_other
2,Panel 2 (MTurk),factcheck,-0.002051007304285201,0.006940259075152451,-0.2955231616105265,0.7676241757199779,-0.015661697183737968,0.011559682575167568,2051,race_other
2,Panel 2 (MTurk),control,-0.018646850611965676,0.025927075100594544,-0.719203787531671,0.4720972999364682,-0.06949298976242994,0.0321992885384986,2051,race_white
2,Panel 2 (MTurk),factcheck,-0.022659234236076277,0.025674650653330102,-0.8825527771353449,0.3775813767511127,-0.07301033842710956,0.02769186995495701,2051,race_white
2,Panel 2 (MTurk),control,-0.17501812444026427,0.3269491560097711,-0.5353068549748259,0.592495721562172,-0.8162050773495209,0.46616882846899227,2051,lucid_hhin
2,Panel 2 (MTurk),factcheck,-0.26539175670922394,0.3267370681951229,-0.8122486933460994,0.4167432063835217,-0.9061627796883251,0.37537926626987733,2051,lucid_hhin
2,Panel 2 (MTurk),control,-0.004306002673583792,0.046650793284277986,-0.09230288212558604,0.9264664129549716,-0.09579386690851051,0.08718186156134293,2051,political_knowledge_pre
2,Panel 2 (MTurk),factcheck,0.005369682711113575,0.04455466899958719,0.12051896763419624,0.9040838597690379,-0.08200742754780405,0.09274679297003119,2051,political_knowledge_pre
2,Panel 2 (MTurk),control,0.043153226150370004,0.05020589236115682,0.8595251298382796,0.3901513109135697,-0.05530661859741153,0.14161307089815153,2051,political_interest_pre
2,Panel 2 (MTurk),factcheck,-0.034856899809417835,0.05019102542398646,-0.6944847114591847,0.4874569435416787,-0.13328758869009238,0.06357378907125671,2051,political_interest_pre
2,Panel 2 (MTurk),control,0.11904267891073309,0.06636105476573986,1.7938635745161648,0.07298219625140676,-0.011099398886272788,0.24918475670773896,2051,cognitive_reflection_pre
2,Panel 2 (MTurk),factcheck,0.07297838887661999,0.06598926081791551,1.1059131133168716,0.26889383044338033,-0.05643455589118647,0.20239133364442646,2051,cognitive_reflection_pre
2,Panel 2 (MTurk),control,0.2714176949725764,0.2829862501641618,0.9591197268953018,0.3376114810645926,-0.2835526670018489,0.8263880569470017,2051,need_for_cognition_pre
2,Panel 2 (MTurk),factcheck,0.38282915593910355,0.27779234672649766,1.3781126818300022,0.16831882155394795,-0.16195533138880253,0.9276136432670097,2051,need_for_cognition_pre
2,Panel 2 (MTurk),control,0.0944902106942956,0.15511884814583926,0.6091471914841582,0.5424943454062344,-0.20971666598120786,0.39869708736979903,2051,extraversion_pre
2,Panel 2 (MTurk),factcheck,0.017102623156462778,0.15139275450403597,0.11296857113466972,0.9100665278519728,-0.2797969319232296,0.3140021782361551,2051,extraversion_pre
2,Panel 2 (MTurk),control,-0.18383775919589673,0.1192319525307974,-1.5418497751130242,0.12326436734503936,-0.4176660805950758,0.04999056220328238,2051,agreeableness_pre
2,Panel 2 (MTurk),factcheck,-0.029552270406413336,0.11634608190128931,-0.2540031423790116,0.7995185910392657,-0.25772104945348034,0.19861650864065367,2051,agreeableness_pre
2,Panel 2 (MTurk),control,-0.10275268131004012,0.126835236730213,-0.8101272482236299,0.41796102790577627,-0.35149196528035576,0.14598660266027555,2051,conscientiousness_pre
2,Panel 2 (MTurk),factcheck,-0.03225197636302034,0.12684567747111333,-0.25426153264359447,0.7993190038878253,-0.2810117358926728,0.21650778316663216,2051,conscientiousness_pre
2,Panel 2 (MTurk),control,-0.048208627612006415,0.14291487281894819,-0.33732407734133835,0.7359071276386009,-0.3284820283650481,0.23206477314103527,2051,emotional_stability_pre
2,Panel 2 (MTurk),factcheck,0.1326379890915355,0.13958954315972127,0.9502000371171668,0.342122571799821,-0.14111403684702356,0.4063900150300946,2051,emotional_stability_pre
2,Panel 2 (MTurk),control,-0.08465705567099442,0.12401968152540217,-0.6826098457094865,0.4949304991044067,-0.3278746943660842,0.15856058302409537,2051,openness_to_experience_pre
2,Panel 2 (MTurk),factcheck,-0.0238617050246945,0.12004587679482674,-0.19877155019224116,0.842461152663439,-0.2592862306322622,0.21156282058287318,2051,openness_to_experience_pre
2,Panel 3 (Lucid),control,-0.14148800747300644,0.11603553815331917,-1.2193506379576282,0.22283176217031372,-0.3690290054954471,0.08605299054943422,2384,lucid_pid_7n
2,Panel 3 (Lucid),factcheck,-0.27276346173365484,0.11463920278191785,-2.3793209924230045,0.017422835548797058,-0.4975663025584025,-0.04796062090890721,2384,lucid_pid_7n
2,Panel 3 (Lucid),control,-0.33571291199983855,0.8386470285485478,-0.4003029887089199,0.6889692334356495,-1.9802658214054842,1.3088399974058071,2384,lucid_age
2,Panel 3 (Lucid),factcheck,-1.205935343077512,0.8332663586468989,-1.4472387257248358,0.1479615505836461,-2.8399369763919244,0.42806629023690057,2384,lucid_age
2,Panel 3 (Lucid),control,-0.00643050989227028,0.00907661930353023,-0.7084697151250157,0.4787228781832661,-0.024229393302162415,0.011368373517621856,2384,race_asian
2,Panel 3 (Lucid),factcheck,0.009116169305724703,0.010127123968380817,0.9001735669660464,0.3681188096256852,-0.010742711271168937,0.028975049882618342,2384,race_asian
2,Panel 3 (Lucid),control,-0.004710314153227118,0.014588156227111583,-0.3228861879387583,0.7468097527986599,-0.03331709859230374,0.0238964702858495,2384,race_black
2,Panel 3 (Lucid),factcheck,-0.012806727060495116,0.014431199218911294,-0.8874333218068672,0.37493516829492335,-0.041105725153587624,0.015492271032597388,2384,race_black
2,Panel 3 (Lucid),control,0.0129037575668771,0.015335768208037994,0.8414157929247916,0.40019943114969203,-0.017169063734533523,0.04297657886828772,2384,race_hispanic
2,Panel 3 (Lucid),factcheck,0.02772596934632553,0.015961700911147424,1.7370310031910265,0.0825108565101314,-0.0035742806741402393,0.0590262193667913,2384,race_hispanic
2,Panel 3 (Lucid),control,-0.00253068725406705,0.009902979253975134,-0.2555480718644556,0.7983218650462188,-0.021950029110073863,0.016888654601939765,2384,race_other
2,Panel 3 (Lucid),factcheck,-9.642712139665469e-4,0.010091249141821948,-0.0955551885019113,0.9238818876718948,-0.02075280270670029,0.018824260278767192,2384,race_other
2,Panel 3 (Lucid),control,7.677537326877559e-4,0.0222680788229417,0.03447777146795336,0.9724990539505767,-0.04289904835271795,0.044434555818093455,2384,race_white
2,Panel 3 (Lucid),factcheck,-0.023071140377587333,0.02277760260943267,-1.012887123073835,0.3112168660962691,-0.06773709800395444,0.021594817248779777,2384,race_white
2,Panel 3 (Lucid),control,0.15243498514861345,0.3463048023302623,0.4401757761454315,0.6598497067637095,-0.526654728194849,0.8315246984920759,2384,lucid_hhin
2,Panel 3 (Lucid),factcheck,0.13338345006089575,0.3510828033567277,0.3799202033981929,0.7040384914154865,-0.5550757300805547,0.821842630202346,2384,lucid_hhin
2,Panel 3 (Lucid),control,-0.011413345885203902,0.04373219226050638,-0.26098270622282643,0.7941283854264571,-0.09717040644639746,0.07434371467598966,2384,political_knowledge_pre
2,Panel 3 (Lucid),factcheck,-0.04324236220445007,0.045228487054570325,-0.9560868607494232,0.33912529117975554,-0.13193359634897484,0.04544887194007471,2384,political_knowledge_pre
2,Panel 3 (Lucid),control,0.036528593102730385,0.05970923722994068,0.6117745728698312,0.5407452506702005,-0.08055880655673972,0.15361599276220048,2384,political_interest_pre
2,Panel 3 (Lucid),factcheck,-0.005607998375965058,0.06173921272692814,-0.09083365543984459,0.9276323982871015,-0.126676097895984,0.11546010114405388,2384,political_interest_pre
2,Panel 3 (Lucid),control,-0.012333764391936845,0.04193590379900421,-0.29410989807330007,0.7686995315189558,-0.0945683759192289,0.06990084713535522,2384,cognitive_reflection_pre
2,Panel 3 (Lucid),factcheck,0.040695488609078956,0.0433285511669675,0.9392303114927156,0.3477076576294026,-0.044270048090301245,0.12566102530845916,2384,cognitive_reflection_pre
2,Panel 3 (Lucid),control,0.21228649107092795,0.22461067217387415,0.9451309192761513,0.3446878193070172,-0.2281659541567122,0.652738936298568,2384,need_for_cognition_pre
2,Panel 3 (Lucid),factcheck,0.028468020405390447,0.2266404243611793,0.12560875000844143,0.9000522274675291,-0.41596468678154186,0.4729007275923227,2384,need_for_cognition_pre
2,Panel 3 (Lucid),control,0.16456538029947082,0.12828824247053508,1.2827783523284901,0.19969444082497764,-0.08700267540877438,0.416133436007716,2384,extraversion_pre
2,Panel 3 (Lucid),factcheck,0.14187932310915127,0.1319921055807163,1.0749076430361868,0.28252485573103325,-0.11695185837971092,0.4007105045980135,2384,extraversion_pre
2,Panel 3 (Lucid),control,0.0028432331577261973,0.10259529307359581,0.027713095528531014,0.9778932985388445,-0.1983419877659294,0.2040284540813818,2384,agreeableness_pre
2,Panel 3 (Lucid),factcheck,0.09722311825183001,0.09925739331811861,0.9795050524874376,0.3274298799792903,-0.09741661623079582,0.29186285273445584,2384,agreeableness_pre
2,Panel 3 (Lucid),control,0.09910567459384463,0.09943952314822387,0.9966426975531489,0.319039118911058,-0.09589120912057127,0.29410255830826054,2384,conscientiousness_pre
2,Panel 3 (Lucid),factcheck,-0.1608029511371437,0.1033143682028187,-1.5564432511600703,0.11973546048075552,-0.36339824931092846,0.04179234703664103,2384,conscientiousness_pre
2,Panel 3 (Lucid),control,0.12111532092803197,0.12441715429196944,0.9734615907048552,0.3304227004360152,-0.12286168740281543,0.36509232925887936,2384,emotional_stability_pre
2,Panel 3 (Lucid),factcheck,-0.1398387383272423,0.12752716182004853,-1.0965408179048668,0.27295292204179405,-0.38991434565679806,0.11023686900231344,2384,emotional_stability_pre
2,Panel 3 (Lucid),control,0.21998939251245714,0.10574832575703819,2.080310879038343,0.037603593667546634,0.012621202000295956,0.42735758302461835,2384,openness_to_experience_pre
2,Panel 3 (Lucid),factcheck,0.13027091612521985,0.10767771244036528,1.2098224708977474,0.22646697084686032,-0.08088072365155696,0.34142255590199666,2384,openness_to_experience_pre
2,Panel 4 (MTurk),control,0.12290362224411798,0.10901037140724357,1.1274488900232407,0.2596581102933313,-0.09085356737281815,0.3366608118610541,2567,lucid_pid_7n
2,Panel 4 (MTurk),factcheck,0.04202340182648404,0.11092292329356102,0.37885227488341416,0.7048288974945299,-0.17548408889426637,0.25953089254723444,2567,lucid_pid_7n
2,Panel 4 (MTurk),control,-0.11883282869512564,0.621840283524405,-0.1910986339154753,0.8484634304267529,-1.3381923234004438,1.1005266660101924,2567,lucid_age
2,Panel 4 (MTurk),factcheck,0.023460642406047023,0.6427236804758214,0.0365019107257393,0.9708849933518733,-1.2368488663608967,1.2837701511729909,2567,lucid_age
2,Panel 4 (MTurk),control,-0.01251205119240593,0.013052953232035978,-0.9585609455565575,0.33787024596573734,-0.038107437787849745,0.013083335403037888,2567,race_asian
2,Panel 4 (MTurk),factcheck,-0.023056067790656852,0.012740624566792584,-1.8096497286915307,0.07046703657022561,-0.04803901268117496,0.0019268770998612586,2567,race_asian
2,Panel 4 (MTurk),control,-0.00531047049974053,0.014331075781637502,-0.37055630579700577,0.7109986051600724,-0.03341211297397773,0.022791171974496677,2567,race_black
2,Panel 4 (MTurk),factcheck,-0.018665481208289234,0.013994195436830737,-1.3338016674516588,0.182387191396145,-0.046106538870150565,0.008775576453572097,2567,race_black
2,Panel 4 (MTurk),control,0.014540889298541375,0.015420535707300054,0.942956170560128,0.34579205703666305,-0.015697062674540713,0.04477884127162347,2567,race_hispanic
2,Panel 4 (MTurk),factcheck,0.017814805057956008,0.01566206548480667,1.13744927674052,0.25545667532237576,-0.012896759891415671,0.048526370007327686,2567,race_hispanic
2,Panel 4 (MTurk),control,0.0014752778395787567,0.006744975712784252,0.2187224835787849,0.8268836209596391,-0.011750867836166074,0.014701423515323586,2567,race_other
2,Panel 4 (MTurk),factcheck,-0.0013775465402178352,0.006561443844503751,-0.2099456419750889,0.8337267598142936,-0.01424380667606092,0.011488713595625248,2567,race_other
2,Panel 4 (MTurk),control,0.0018063545540257199,0.022325585994233677,0.080909614399025,0.9355201411784886,-0.0419716314951211,0.045584340603172534,2567,race_white
2,Panel 4 (MTurk),factcheck,0.025284290481207665,0.02228007051952152,1.1348388892689494,0.2565487826679864,-0.01840444479452233,0.06897302575693766,2567,race_white
2,Panel 4 (MTurk),control,-0.23957505641547328,0.3056665125817882,-0.7837792056183106,0.433241988388573,-0.8389530224385415,0.359802909607595,2567,lucid_hhin
2,Panel 4 (MTurk),factcheck,-0.13140476817702718,0.3052021301241165,-0.43054997068201595,0.666831770435762,-0.7298721319539251,0.46706259559987073,2567,lucid_hhin
2,Panel 4 (MTurk),control,-0.017223952656777525,0.03807710822116853,-0.45234403192420125,0.6510593819089516,-0.09188891835706023,0.057441013043505185,2567,political_knowledge_pre
2,Panel 4 (MTurk),factcheck,-0.03714077112824657,0.03863436396575234,-0.9613403021509614,0.33647163256909185,-0.11289845324002673,0.03861691098353359,2567,political_knowledge_pre
2,Panel 4 (MTurk),control,-0.023641526025278598,0.047244056453299585,-0.5004127037365659,0.6168274077201612,-0.1162818555938663,0.06899880354330912,2567,political_interest_pre
2,Panel 4 (MTurk),factcheck,-0.03096461187214178,0.047209665301200424,-0.6558956026183568,0.5119500789389595,-0.12353750422420133,0.061608280479917774,2567,political_interest_pre
2,Panel 4 (MTurk),control,-0.034136306845890314,0.05822282758819155,-0.5863045176599025,0.5577224450587219,-0.14830478307563238,0.08003216938385174,2567,cognitive_reflection_pre
2,Panel 4 (MTurk),factcheck,-0.017691348991558418,0.05853171969477826,-0.30225233572176596,0.7624841972626957,-0.13246552821768934,0.09708283023457251,2567,cognitive_reflection_pre
2,Panel 4 (MTurk),control,0.06367681381919921,0.25589808146770004,0.24883662063420597,0.8035070690763961,-0.4381108052556093,0.5654644328940077,2567,need_for_cognition_pre
2,Panel 4 (MTurk),factcheck,-0.3003422885314771,0.26345350049024213,-1.1400201097066132,0.2543842806716111,-0.8169452422922256,0.2162606652292714,2567,need_for_cognition_pre
2,Panel 4 (MTurk),control,0.22267099091865056,0.14061684977054223,1.5835299345846803,0.11342391230171925,-0.0530629803697063,0.4984049622070074,2567,extraversion_pre
2,Panel 4 (MTurk),factcheck,-0.12287258456680217,0.13724997225124771,-0.8952466987889329,0.3707391621791647,-0.39200448426308837,0.14625931512948404,2567,extraversion_pre
2,Panel 4 (MTurk),control,0.06202396472319761,0.10049377024550796,0.6171921361062683,0.5371627412716842,-0.13503311915224053,0.25908104859863573,2567,agreeableness_pre
2,Panel 4 (MTurk),factcheck,0.020811933345078987,0.10062167878546317,0.20683349350046512,0.8361563019206253,-0.17649596492238329,0.21811983161254128,2567,agreeableness_pre
2,Panel 4 (MTurk),control,0.02145864903361889,0.10626527122335794,0.20193473170096338,0.8399837503659378,-0.18691570505171265,0.2298330031189504,2567,conscientiousness_pre
2,Panel 4 (MTurk),factcheck,-0.09113658532382923,0.1086489967400516,-0.8388166302343156,0.40165031999985823,-0.30418515949197356,0.12191198884431506,2567,conscientiousness_pre
2,Panel 4 (MTurk),control,0.0757693988677201,0.12911738905329762,0.5868256740882802,0.557372394812905,-0.17741541151698692,0.32895420925242713,2567,emotional_stability_pre
2,Panel 4 (MTurk),factcheck,-0.04483637380142877,0.1334530801558805,-0.335971067502207,0.7369201423913344,-0.3065229912451446,0.21685024364228708,2567,emotional_stability_pre
2,Panel 4 (MTurk),control,0.13413054392109724,0.10592572855826889,1.2662697320728185,0.2055314243539556,-0.07357800483848839,0.3418390926806829,2567,openness_to_experience_pre
2,Panel 4 (MTurk),factcheck,0.07730746209633992,0.10730007388041336,0.7204791133927791,0.4712956556541411,-0.1330960246754032,0.287710948868083,2567,openness_to_experience_pre
2,Panel 5 (Lucid),control,-0.2895229932027101,0.1328641914774845,-2.179089715469148,0.029430968255880437,-0.5500756302273018,-0.02897035617811833,2196,lucid_pid_7n
2,Panel 5 (Lucid),factcheck,-0.0010974299901912738,0.11156983392768209,-0.009836260856161278,0.992152819337686,-0.21989087703554944,0.2176960170551669,2196,lucid_pid_7n
2,Panel 5 (Lucid),control,-0.6170739729304914,0.9825729171498724,-0.6280185034210227,0.5300571212824637,-2.543943521342483,1.3097955754815005,2196,lucid_age
2,Panel 5 (Lucid),factcheck,-0.8489944116685482,0.7971782055545727,-1.0649995267719699,0.28699322645571795,-2.4122966176732,0.7143077943361038,2196,lucid_age
2,Panel 5 (Lucid),control,0.0010166045408336508,0.011117484626781833,0.09144195606843185,0.9271497653088496,-0.020785281312505895,0.022818490394173194,2196,race_asian
2,Panel 5 (Lucid),factcheck,0.012025030743605997,0.009756524617075062,1.232511700176596,0.21788993477481217,-0.007107951506205393,0.03115801299341739,2196,race_asian
2,Panel 5 (Lucid),control,-0.0032939980465245718,0.016171245591727838,-0.2036947635134283,0.8386109078311031,-0.035006535759223606,0.02841853966617446,2196,race_black
2,Panel 5 (Lucid),factcheck,-0.0010208952745649341,0.013425975956553225,-0.07603881295993493,0.9393951456741922,-0.02734983613671979,0.025308045587589922,2196,race_black
2,Panel 5 (Lucid),control,0.014362030817070421,0.018995663704899312,0.7560689134208143,0.4496889737375317,-0.022889317460486926,0.05161337909462777,2196,race_hispanic
2,Panel 5 (Lucid),factcheck,-0.0016163094181807622,0.015034909630858457,-0.10750376675782353,0.9143991575589971,-0.031100441359106713,0.02786782252274519,2196,race_hispanic
2,Panel 5 (Lucid),control,0.004380369565650776,0.01127820156509006,0.3883925588995977,0.6977631989436153,-0.017736689410146098,0.026497428541447647,2196,race_other
2,Panel 5 (Lucid),factcheck,-0.0010079232888651705,0.00887754850855606,-0.11353621868624515,0.9096158285150072,-0.018417193977198015,0.01640134739946767,2196,race_other
2,Panel 5 (Lucid),control,-0.01646500687703146,0.026179964071872647,-0.6289163282206797,0.5294692477040652,-0.06780509031321776,0.03487507655915484,2196,race_white
2,Panel 5 (Lucid),factcheck,-0.008379902761994809,0.021386929682713735,-0.39182355234318533,0.695226610411007,-0.05032063084473707,0.03356082532074745,2196,race_white
2,Panel 5 (Lucid),control,-0.1618593896386202,0.4102712916203898,-0.39451795176637233,0.6932369861963443,-0.9664197887834337,0.6427010095061932,2196,lucid_hhin
2,Panel 5 (Lucid),factcheck,0.12377609314923872,0.33813370701799383,0.36605665327134024,0.7143580617546923,-0.5393192679915312,0.7868714542900087,2196,lucid_hhin
2,Panel 5 (Lucid),control,-0.007651489695211804,0.05098330497473786,-0.15007833836984683,0.8807165922286792,-0.10763203680634256,0.09232905741591896,2196,political_knowledge_pre
2,Panel 5 (Lucid),factcheck,-0.059814718425239624,0.04182931315553648,-1.4299713266346716,0.15286750267146265,-0.14184387712033775,0.022214440269858485,2196,political_knowledge_pre
2,Panel 5 (Lucid),control,0.04688839276814564,0.06941178644929555,0.6755105316644894,0.4994225856900727,-0.08923123283478879,0.18300801837108005,2196,political_interest_pre
2,Panel 5 (Lucid),factcheck,-4.6569428661914184e-4,0.05719047305947782,-0.008142864741384846,0.993503745370939,-0.11261877633699237,0.11168738776375407,2196,political_interest_pre
2,Panel 5 (Lucid),control,-0.1334961924612826,0.047510406807242785,-2.809830549397266,0.005000672078145092,-0.22666623054363522,-0.04032615437892999,2196,cognitive_reflection_pre
2,Panel 5 (Lucid),factcheck,-0.07974843233520168,0.03997076435386612,-1.9951690597952778,0.04614781484078143,-0.1581328934941983,-0.0013639711762050838,2196,cognitive_reflection_pre
2,Panel 5 (Lucid),control,-0.17348822005823566,0.261928182662681,-0.6623503370069155,0.5078162275121999,-0.6871411309359241,0.34016469081945283,2196,need_for_cognition_pre
2,Panel 5 (Lucid),factcheck,-0.10761273847788262,0.21626806957151035,-0.4975895826466413,0.6188231670292659,-0.5317241202163097,0.31649864326054444,2196,need_for_cognition_pre
2,Panel 5 (Lucid),control,-0.02553249568379762,0.1530609633222873,-0.16681258976553048,0.867532870078309,-0.3256919079051448,0.27462691653754956,2196,extraversion_pre
2,Panel 5 (Lucid),factcheck,-0.10269571696854496,0.12279841353188074,-0.836295144333304,0.4030798726552862,-0.343508912099378,0.1381174781622881,2196,extraversion_pre
2,Panel 5 (Lucid),control,-0.20577312822867802,0.1211880710154334,-1.6979652081637033,0.08965600301006962,-0.4434283694781278,0.031882113020771735,2196,agreeableness_pre
2,Panel 5 (Lucid),factcheck,-0.010119253340861669,0.09155733285250425,-0.1105236798145206,0.9120041706030217,-0.18966728843127115,0.1694287817495478,2196,agreeableness_pre
2,Panel 5 (Lucid),control,-0.049158314794941815,0.1203307069872724,-0.40852676781946756,0.6829268145774292,-0.2851322267415656,0.18681559715168197,2196,conscientiousness_pre
2,Panel 5 (Lucid),factcheck,0.037234537935241806,0.0958967304514511,0.3882774497102615,0.6978483598233317,-0.15082325042225003,0.22529232629273366,2196,conscientiousness_pre
2,Panel 5 (Lucid),control,-0.09265207715004428,0.1426846809402512,-0.6493484552055176,0.5161810809345946,-0.37246313435498757,0.18715898005489898,2196,emotional_stability_pre
2,Panel 5 (Lucid),factcheck,-0.19504897311485367,0.1165398670892821,-1.673667372260045,0.09433840454211566,-0.4235888780429138,0.033490931813206476,2196,emotional_stability_pre
2,Panel 5 (Lucid),control,0.09795711506445372,0.11654868449069512,0.8404823743186419,0.40072948008623577,-0.13060008118314348,0.3265143113120509,2196,openness_to_experience_pre
2,Panel 5 (Lucid),factcheck,-0.12084813628705318,0.09734241948282679,-1.2414745485997838,0.2145630817531655,-0.3117409856587559,0.07004471308464955,2196,openness_to_experience_pre
2,Panel 6 (MTurk),control,0.19674647765580855,0.14724109700609775,1.3362198574740354,0.18166861825562414,-0.0920606169059911,0.4855535722176082,1590,lucid_pid_7n
2,Panel 6 (MTurk),factcheck,0.34460109750950224,0.1458031388654093,2.3634683052166876,0.01822448906543038,0.05861449614666675,0.6305876988723378,1590,lucid_pid_7n
2,Panel 6 (MTurk),control,0.9447004926960234,0.7172620477945988,1.3170925404470248,0.18799738721553558,-0.4621782407219024,2.351579226113949,1590,lucid_age
2,Panel 6 (MTurk),factcheck,0.5173675661103844,0.6970897000567414,0.7421821984577766,0.45808657335787184,-0.8499439726918995,1.884679104912668,1590,lucid_age
2,Panel 6 (MTurk),control,0.008211599965424655,0.013042171860485903,0.6296190583336417,0.5290343093664033,-0.017370060579026493,0.0337932605098758,1590,race_asian
2,Panel 6 (MTurk),factcheck,-0.010468552131701194,0.011599745246012136,-0.9024812105507375,0.36693799165837293,-0.033220954757573196,0.012283850494170807,1590,race_asian
2,Panel 6 (MTurk),control,-0.019607571959547012,0.017360756481779167,-1.1294192151203764,0.2588913911381704,-0.05365995095459028,0.01444480703549626,1590,race_black
2,Panel 6 (MTurk),factcheck,-0.025344027015618588,0.016986530213428767,-1.4920072962035984,0.13589560715052423,-0.058662377241054775,0.0079743232098176,1590,race_black
2,Panel 6 (MTurk),control,-0.007665312472987814,0.021860142718418678,-0.3506524441182747,0.7258955568497576,-0.05054304453003247,0.03521241958405684,1590,race_hispanic
2,Panel 6 (MTurk),factcheck,0.002498944702406422,0.022040550572001903,0.11337941374208818,0.9097440731735599,-0.04073264961924323,0.04573053902405607,1590,race_hispanic
2,Panel 6 (MTurk),control,-0.00894113579393199,0.007686203207701139,-1.1632708051451828,0.2448941912042149,-0.024017293617829623,0.00613502202996564,1590,race_other
2,Panel 6 (MTurk),factcheck,-0.0033938370620514853,0.008306904047046735,-0.4085561892650078,0.6829204034649898,-0.01968747295184568,0.012899798827742708,1590,race_other
2,Panel 6 (MTurk),control,0.028002420261043007,0.02807799005466784,0.9973085753831489,0.31876650145384533,-0.027071352576223333,0.08307619309830935,1590,race_white
2,Panel 6 (MTurk),factcheck,0.03670747150696585,0.027776627311802367,1.321523707500973,0.18651692106517864,-0.017775191239803492,0.09119013425373519,1590,race_white
2,Panel 6 (MTurk),control,0.15633157576282372,0.3700513417775284,0.4224591512407186,0.6727470311923169,-0.5695082544921594,0.8821714060178069,1590,lucid_hhin
2,Panel 6 (MTurk),factcheck,-0.2821443647108392,0.37100404172526485,-0.7604886550529069,0.44707530321971867,-1.0098528750387747,0.4455641456170963,1590,lucid_hhin
2,Panel 6 (MTurk),control,-0.010317023302406126,0.05199874643708771,-0.19840907732051763,0.8427503806429149,-0.11231033349031584,0.0916762868855036,1590,political_knowledge_pre
2,Panel 6 (MTurk),factcheck,-0.011921989833832036,0.051013045780573106,-0.23370472496610253,0.8152443043257382,-0.11198189047437977,0.0881379108067157,1590,political_knowledge_pre
2,Panel 6 (MTurk),control,0.02229751923243378,0.05939436967166056,0.375414695966928,0.707402151154298,-0.0942019886290933,0.13879702709396086,1590,political_interest_pre
2,Panel 6 (MTurk),factcheck,-0.05143098353735516,0.059744664608808055,-0.8608464684522269,0.3894523983250614,-0.168617579889082,0.06575561281437169,1590,political_interest_pre
2,Panel 6 (MTurk),control,-0.043972973751693324,0.0736643112637011,-0.5969372820751735,0.5506342422889916,-0.18846235981001985,0.10051641230663322,1590,cognitive_reflection_pre
2,Panel 6 (MTurk),factcheck,-0.01397425610918057,0.07291120450384747,-0.19166129820888034,0.8480319956445377,-0.15698645556926294,0.1290379433509018,1590,cognitive_reflection_pre
2,Panel 6 (MTurk),control,0.06592293813965254,0.3140005021372826,0.20994532712826905,0.833737242272914,-0.5499755749599826,0.6818214512392877,1590,need_for_cognition_pre
2,Panel 6 (MTurk),factcheck,0.24290850233779374,0.3124112343032181,0.7775280645062628,0.4369629531236222,-0.36987273009109445,0.8556897347666819,1590,need_for_cognition_pre
2,Panel 6 (MTurk),control,0.033833849133291995,0.17277025203865012,0.19583145092433554,0.8447671157933905,-0.305047587724829,0.372715285991413,1590,extraversion_pre
2,Panel 6 (MTurk),factcheck,-0.17101838519085352,0.16494558735407217,-1.036816976641791,0.29997881435019447,-0.4945520779787188,0.1525153075970118,1590,extraversion_pre
2,Panel 6 (MTurk),control,0.18205566600397594,0.13234828197059434,1.3755801230908746,0.16914541419486337,-0.07753981082536482,0.4416511428333167,1590,agreeableness_pre
2,Panel 6 (MTurk),factcheck,0.23358252427184514,0.13076454939689822,1.7862832499263428,0.07424389899785365,-0.022906529062477005,0.49007157760616726,1590,agreeableness_pre
2,Panel 6 (MTurk),control,0.0575479612444,0.13237649193429255,0.4347294629394241,0.6638178030393234,-0.20210284821841765,0.31719877070721764,1590,conscientiousness_pre
2,Panel 6 (MTurk),factcheck,0.01844168193230443,0.1295747169321578,0.14232469395985675,0.8868415739162985,-0.23571356607086918,0.27259692993547807,1590,conscientiousness_pre
2,Panel 6 (MTurk),control,-0.24695722650016624,0.1553826442043317,-1.589348847580505,0.11218046211926275,-0.5517336165872657,0.0578191635869332,1590,emotional_stability_pre
2,Panel 6 (MTurk),factcheck,-0.12062855271099807,0.1572088064752814,-0.7673142199572961,0.44300863896652354,-0.4289868817431022,0.18772977632110607,1590,emotional_stability_pre
2,Panel 6 (MTurk),control,-0.10026302305955695,0.13509721959627158,-0.7421546006585913,0.4581032874965504,-0.3652504231015492,0.16472437698243533,1590,openness_to_experience_pre
2,Panel 6 (MTurk),factcheck,0.041306251336117254,0.13759975253231382,0.30019131994017884,0.7640704673863249,-0.22858975969152695,0.3112022623637615,1590,openness_to_experience_pre
2,Panel 7 (Lucid),control,0.039206532909305584,0.11741066460926745,0.3339265052266039,0.7384643880383449,-0.19103103248528014,0.2694440983038913,2384,lucid_pid_7n
2,Panel 7 (Lucid),factcheck,0.18474650565516157,0.11575726705601919,1.5959819228088372,0.11062537006014947,-0.04224881399832306,0.4117418253086462,2384,lucid_pid_7n
2,Panel 7 (Lucid),control,-0.1490165948604068,0.861300289557886,-0.17301351998488065,0.8626554877017514,-1.8379916330428145,1.539958443322001,2384,lucid_age
2,Panel 7 (Lucid),factcheck,0.7410820121499666,0.8427015594891024,0.8794121760012598,0.37926646427994093,-0.911421668471198,2.393585692771131,2384,lucid_age
2,Panel 7 (Lucid),control,-0.008099679384314181,0.009587007350615722,-0.8448600369325869,0.39827376643788404,-0.02689941311524424,0.010700054346615877,2384,race_asian
2,Panel 7 (Lucid),factcheck,-0.004797006963994803,0.009679052910047696,-0.4956070607915671,0.620217351018574,-0.023777238314792074,0.014183224386802466,2384,race_asian
2,Panel 7 (Lucid),control,-0.010445133870826755,0.015512872087997618,-0.6733204407008683,0.5008087176579397,-0.040865248719033465,0.019974980977379958,2384,race_black
2,Panel 7 (Lucid),factcheck,-0.022595940139280353,0.014932629159133631,-1.513192345331861,0.13036335901969826,-0.051878222068104,0.006686341789543297,2384,race_black
2,Panel 7 (Lucid),control,0.01285866651105941,0.016617397714216903,0.7738074716751988,0.4391213779909202,-0.019727378424869386,0.0454447114469882,2384,race_hispanic
2,Panel 7 (Lucid),factcheck,0.01890094828863529,0.016571231560599527,1.1405880256706447,0.25415597067619544,-0.013594566686937086,0.051396463264207666,2384,race_hispanic
2,Panel 7 (Lucid),control,0.014680567577292759,0.0087913559227709,1.669886614335331,0.09507307905564752,-0.0025589258785366133,0.03192006103312213,2384,race_other
2,Panel 7 (Lucid),factcheck,0.01160974465352888,0.008456385002057242,1.3728968880561256,0.16991352609505353,-0.004972884372482693,0.02819237367954045,2384,race_other
2,Panel 7 (Lucid),control,-0.008994420833212459,0.023093958407705156,-0.3894707297217408,0.6969627462149833,-0.054280739387056756,0.036291897720631835,2384,race_white
2,Panel 7 (Lucid),factcheck,-0.0031177458388902597,0.02274708231881117,-0.1370613512183044,0.8909938749825175,-0.04772385440954157,0.04148836273176105,2384,race_white
2,Panel 7 (Lucid),control,-0.21847738346478912,0.3522891070335751,-0.6201650266863546,0.5352084175463812,-0.9093020763354975,0.47234730940591935,2384,lucid_hhin
2,Panel 7 (Lucid),factcheck,-0.12091606163876226,0.3510863991555404,-0.34440542820684233,0.7305717840116671,-0.8093822929962758,0.5675501697187514,2384,lucid_hhin
2,Panel 7 (Lucid),control,-0.040526380201084344,0.04413304819160299,-0.9182773876198093,0.3585665547436956,-0.1270695030331696,0.046016742631000904,2384,political_knowledge_pre
2,Panel 7 (Lucid),factcheck,-0.07301950736727401,0.043418704172262866,-1.6817523405942871,0.09274784480776858,-0.15816183046439147,0.012122815729843445,2384,political_knowledge_pre
2,Panel 7 (Lucid),control,-0.02701730157649583,0.05835734614966882,-0.4629631633214554,0.6434330274802949,-0.14145369749591996,0.08741909434292831,2384,political_interest_pre
2,Panel 7 (Lucid),factcheck,0.006908430878648018,0.05741274379051026,0.12032922348835576,0.9042324948997329,-0.10567563801271257,0.11949249977000861,2384,political_interest_pre
2,Panel 7 (Lucid),control,-4.867482679829883e-4,0.043231333039126775,-0.011259154732574493,0.9910176261444744,-0.08526164415001701,0.08428814761405103,2384,cognitive_reflection_pre
2,Panel 7 (Lucid),factcheck,0.03462576794937889,0.04293445485184163,0.8064797391480948,0.420046728323468,-0.04956696181267991,0.11881849771143768,2384,cognitive_reflection_pre
2,Panel 7 (Lucid),control,0.22614482923429816,0.2290302212960113,0.9874016972721521,0.3235459533939742,-0.2229741731021783,0.6752638315707746,2384,need_for_cognition_pre
2,Panel 7 (Lucid),factcheck,0.06891722011795011,0.2204405789308104,0.3126340007462108,0.7545860871547553,-0.36335784089211004,0.5011922811280103,2384,need_for_cognition_pre
2,Panel 7 (Lucid),control,0.08711414073715615,0.13376707388657244,0.6512375445322549,0.5149559246475389,-0.1751976818225395,0.3494259632968518,2384,extraversion_pre
2,Panel 7 (Lucid),factcheck,-0.01653969845695509,0.13349720795234726,-0.1238954635130575,0.9014084893933583,-0.2783223248325927,0.24524292791868257,2384,extraversion_pre
2,Panel 7 (Lucid),control,0.17223744391789472,0.10328241526953381,1.6676357099939085,0.09551940007784011,-0.03029519584584517,0.3747700836816346,2384,agreeableness_pre
2,Panel 7 (Lucid),factcheck,0.02907022380740041,0.1023971815056139,0.28389671844440995,0.7765141845288652,-0.17172650834276554,0.22986695595756634,2384,agreeableness_pre
2,Panel 7 (Lucid),control,0.02530411729897536,0.1086044184240417,0.23299344231259933,0.8157864995067575,-0.187664755437246,0.23827299003519672,2384,conscientiousness_pre
2,Panel 7 (Lucid),factcheck,0.03084458885400598,0.10367999303134254,0.29749798347962503,0.7661122679089218,-0.17246768482321612,0.23415686253122808,2384,conscientiousness_pre
2,Panel 7 (Lucid),control,-0.02793146538933827,0.12487903662580946,-0.2236681683654622,0.8230346806549081,-0.2728142062990446,0.21695127552036808,2384,emotional_stability_pre
2,Panel 7 (Lucid),factcheck,-0.12937176790927937,0.12131192405550545,-1.066439007678142,0.2863332220567077,-0.3672595453170894,0.10851600949853063,2384,emotional_stability_pre
2,Panel 7 (Lucid),control,0.05899574071577711,0.10554537495686764,0.558960927846307,0.5762408861542937,-0.14797447148426351,0.2659659529158177,2384,openness_to_experience_pre
2,Panel 7 (Lucid),factcheck,0.16018620396948774,0.10430256649694483,1.5357839154818862,0.12472408357798379,-0.04434691109788033,0.36471931903685584,2384,openness_to_experience_pre
3,Panel 1 (Lucid),control,-0.01870060619284866,0.11976226381795058,-0.156147734659352,0.8759301700641519,-0.2535529591709827,0.2161517467852854,2318,lucid_pid_7n
3,Panel 1 (Lucid),factcheck,0.08184318194807454,0.1184245936204853,0.691099538077006,0.4895721929109228,-0.15038601592787315,0.31407237982402225,2318,lucid_pid_7n
3,Panel 1 (Lucid),control,-0.9773649362781889,0.8596996564630185,-1.1368678920953272,0.25571102611753377,-2.6632255800093674,0.7084957074529898,2318,lucid_age
3,Panel 1 (Lucid),factcheck,-0.02369281869743401,0.8458087144005336,-0.028012029545269324,0.9776549680604649,-1.682313492804988,1.6349278554101199,2318,lucid_age
3,Panel 1 (Lucid),control,-0.00581986048699994,0.012218661589128746,-0.47630916402317075,0.6338990288902933,-0.029780508298504697,0.018140787324504817,2318,race_asian
3,Panel 1 (Lucid),factcheck,-0.006626256921261496,0.012141287278267788,-0.54576230422635,0.5852818537227127,-0.030435174643617474,0.017182660801094478,2318,race_asian
3,Panel 1 (Lucid),control,0.015090042481231188,0.015444262320998194,0.977064632003472,0.32863911210974817,-0.015195969409889331,0.045376054372351704,2318,race_black
3,Panel 1 (Lucid),factcheck,-3.7484913582990935e-4,0.014870648699380581,-0.025207315659707786,0.9798917714988781,-0.029536011642490034,0.028786313370830215,2318,race_black
3,Panel 1 (Lucid),control,-0.004599292206773944,0.015686636996166115,-0.29319810281184117,0.7693969794410274,-0.03536059790873979,0.026162013495191903,2318,race_hispanic
3,Panel 1 (Lucid),factcheck,-0.00856774011356416,0.015504605086957939,-0.5525932499094166,0.5805952451349685,-0.038972083439972154,0.02183660321284383,2318,race_hispanic
3,Panel 1 (Lucid),control,0.0134432981255072,0.00859760707370823,1.5636092706094065,0.11804585889924614,-0.0034165055127335173,0.030303101763747918,2318,race_other
3,Panel 1 (Lucid),factcheck,0.005336977606546085,0.007979060256914548,0.6688729542957306,0.5036431298167867,-0.010309863194152166,0.020983818407244333,2318,race_other
3,Panel 1 (Lucid),control,-0.018114187912964975,0.023355390056764187,-0.7755891838645934,0.4380707066487167,-0.06391382575123249,0.02768544992530254,2318,race_white
3,Panel 1 (Lucid),factcheck,0.010231868564109325,0.0229494318564213,0.44584409009003095,0.6557515095670443,-0.034771690146043,0.05523542727426165,2318,race_white
3,Panel 1 (Lucid),control,-0.17018063046784887,0.357726030261015,-0.47572895476372373,0.634312318758013,-0.8716770555524114,0.5313157946167135,2318,lucid_hhin
3,Panel 1 (Lucid),factcheck,-0.09447711066959612,0.3609889621016416,-0.26171745008368075,0.7935625388408472,-0.8023721056871992,0.613417884348007,2318,lucid_hhin
3,Panel 1 (Lucid),control,0.059617596813848914,0.045717310460062395,1.3040486462109246,0.1923464741049061,-0.030033496870372392,0.14926869049807023,2318,political_knowledge_pre
3,Panel 1 (Lucid),factcheck,0.078114534272539,0.0458418972201274,1.703998721899362,0.08851535077200215,-0.011780872543535464,0.16800994108861347,2318,political_knowledge_pre
3,Panel 1 (Lucid),control,-0.008963335219874798,0.060180334096184694,-0.14894126718454118,0.8816129338209602,-0.12697624358459464,0.10904957314484505,2318,political_interest_pre
3,Panel 1 (Lucid),factcheck,-0.054978433567657685,0.06024152239572143,-0.9126335354958169,0.36153021716337297,-0.17311133144879798,0.0631544643134826,2318,political_interest_pre
3,Panel 1 (Lucid),control,0.018274671121729737,0.043279778120384686,0.4222450279411762,0.6728853380929605,-0.06659645108246179,0.10314579332592125,2318,cognitive_reflection_pre
3,Panel 1 (Lucid),factcheck,0.02795552177034184,0.04379904449908391,0.6382678455674199,0.5233623895788386,-0.057933875531298765,0.11384491907198245,2318,cognitive_reflection_pre
3,Panel 1 (Lucid),control,0.16038278588429597,0.22874761166552607,0.7011342532345523,0.48328961323060127,-0.2881885180068814,0.6089540897754734,2318,need_for_cognition_pre
3,Panel 1 (Lucid),factcheck,0.15721233551152256,0.2280356492194654,0.6894199922233156,0.49062801174458315,-0.28996281862130036,0.6043874896443455,2318,need_for_cognition_pre
3,Panel 1 (Lucid),control,0.12255226959260346,0.13276000957007206,0.9231113344257417,0.3560452635042528,-0.13778850583166463,0.38289304501687155,2318,extraversion_pre
3,Panel 1 (Lucid),factcheck,0.05138605071804827,0.12837073435218352,0.4002941244931362,0.6889767817542851,-0.20034740901321743,0.30311951044931396,2318,extraversion_pre
3,Panel 1 (Lucid),control,0.08479987221793736,0.09979461655577794,0.8497439555824176,0.39555520899775776,-0.1108961656283533,0.280495910064228,2318,agreeableness_pre
3,Panel 1 (Lucid),factcheck,0.07858728466314013,0.10283073108746629,0.7642392875364754,0.44480244427641735,-0.12306253711263601,0.2802371064389163,2318,agreeableness_pre
3,Panel 1 (Lucid),control,0.12671330794014593,0.1076741831611089,1.1768216318906222,0.2393875352121375,-0.08443446485767239,0.3378610807379643,2318,conscientiousness_pre
3,Panel 1 (Lucid),factcheck,0.15508467476340607,0.10694686310176794,1.4501096176690231,0.147163242061666,-0.054636832181889056,0.36480618170870116,2318,conscientiousness_pre
3,Panel 1 (Lucid),control,0.034524768042774726,0.12287605084961568,0.2809723115615797,0.778756713089767,-0.20643368369924847,0.2754832197847979,2318,emotional_stability_pre
3,Panel 1 (Lucid),factcheck,0.030512980660798217,0.12078109438944501,0.2526304370319129,0.8005762069049791,-0.20633728676361957,0.267363248085216,2318,emotional_stability_pre
3,Panel 1 (Lucid),control,0.04753367828642661,0.10309481967496056,0.46106757290319483,0.6447933823222772,-0.15463401802002794,0.24970137459288114,2318,openness_to_experience_pre
3,Panel 1 (Lucid),factcheck,0.02598448509000934,0.1042244368906905,0.24931278944938406,0.8031409281709708,-0.1783983769341044,0.23036734711412307,2318,openness_to_experience_pre
3,Panel 1 (MTurk),control,0.09391384640090093,0.13692716072281863,0.6858671859194578,0.4928740441559123,-0.17461623190589953,0.3624439247077014,2060,lucid_pid_7n
3,Panel 1 (MTurk),factcheck,0.1218240848300735,0.13808160996875798,0.882261474628208,0.37773835999791694,-0.14897000263880156,0.3926181722989486,2060,lucid_pid_7n
3,Panel 1 (MTurk),control,-0.008641400434696562,0.7255197613747646,-0.011910634133965207,0.9904980669315981,-1.4314699854038855,1.4141871845344922,2060,lucid_age
3,Panel 1 (MTurk),factcheck,0.2942700352406431,0.714290704851651,0.4119751709519434,0.6804004849614318,-1.1065370646444643,1.6950771351257505,2060,lucid_age
3,Panel 1 (MTurk),control,-0.007025573086033437,0.009433820587160075,-0.744721931175542,0.45652478653738415,-0.025526391825205892,0.011475245653139017,2060,race_asian
3,Panel 1 (MTurk),factcheck,0.01160796728663758,0.010859047291881222,1.0689673757398854,0.28520961214787754,-0.00968788668589113,0.03290382125916629,2060,race_asian
3,Panel 1 (MTurk),control,0.0019470873981289858,0.018303553558275423,0.10637756170842938,0.9152931529752926,-0.03394830869677691,0.03784248349303489,2060,race_black
3,Panel 1 (MTurk),factcheck,0.0040508742143985105,0.018646649149543365,0.21724408401268772,0.8280396444532387,-0.032517372215704214,0.04061912064450123,2060,race_black
3,Panel 1 (MTurk),control,-0.01974386767834891,0.023114591243806094,-0.8541733431535191,0.3931082687260796,-0.06507426789962917,0.025586532542931348,2060,race_hispanic
3,Panel 1 (MTurk),factcheck,-0.025213713400649183,0.023363903364814614,-1.0791738438115752,0.28063657627512945,-0.07103304367075135,0.02060561686945298,2060,race_hispanic
3,Panel 1 (MTurk),control,-0.012079971094785157,0.006381794564167925,-1.8928799686863904,0.058513889112930484,-0.024595412041691037,4.354698521207203e-4,2060,race_other
3,Panel 1 (MTurk),factcheck,7.29753075387931e-4,0.007783960846810466,0.09375086665382606,0.9253161794640543,-0.01453549893668239,0.015995005087458252,2060,race_other
3,Panel 1 (MTurk),control,0.03690232446103812,0.02639665473108726,1.3979924667339898,0.1622658322372839,-0.014864583759057526,0.08866923268113376,2060,race_white
3,Panel 1 (MTurk),factcheck,0.00882511882422496,0.026905086135013818,0.3280093131811276,0.7429379548793753,-0.043938882477983235,0.06158912012643315,2060,race_white
3,Panel 1 (MTurk),control,-0.42411578144445733,0.30558585025145746,-1.387877681821541,0.16532438335931327,-1.0234051544534102,0.17517359156449547,2060,lucid_hhin
3,Panel 1 (MTurk),factcheck,-0.03400691882507406,0.3108392135891162,-0.109403567305463,0.9128930602310311,-0.6435987479792413,0.5755849103290931,2060,lucid_hhin
3,Panel 1 (MTurk),control,-0.03354703804776339,0.04856566568676377,-0.6907562693391929,0.4897965448625484,-0.12878995363182438,0.061695877536297614,2060,political_knowledge_pre
3,Panel 1 (MTurk),factcheck,0.047212654602258854,0.048199990840452886,0.9795158417879741,0.32744018271823483,-0.047313130102900315,0.14173843930741803,2060,political_knowledge_pre
3,Panel 1 (MTurk),control,0.0561523947167693,0.04848488876739269,1.1581421788170256,0.24694027027025897,-0.03893210793906333,0.15123689737260193,2060,political_interest_pre
3,Panel 1 (MTurk),factcheck,0.0853449413006202,0.04907296972424257,1.7391436014612927,0.08215888502037097,-0.010892856468906559,0.18158273907014696,2060,political_interest_pre
3,Panel 1 (MTurk),control,-0.08833690735891027,0.06398255262088826,-1.3806405612218586,0.16753928168025709,-0.21381413024777202,0.037140315529951465,2060,cognitive_reflection_pre
3,Panel 1 (MTurk),factcheck,0.07373090002249919,0.06589404030233866,1.118931236940443,0.26329993038591343,-0.05549497239705292,0.2029567724420513,2060,cognitive_reflection_pre
3,Panel 1 (MTurk),control,0.16822668401323873,0.25669017496102453,0.6553686133050555,0.5123036324341481,-0.3351725862192255,0.6716259542457029,2060,need_for_cognition_pre
3,Panel 1 (MTurk),factcheck,0.2350797979402282,0.2656462779794932,0.8849354100808271,0.3762947456237583,-0.28588343135030453,0.756043027230761,2060,need_for_cognition_pre
3,Panel 1 (MTurk),control,0.0792486909403504,0.13608678217385548,0.5823393695877643,0.5604018405536823,-0.18763330734807265,0.3461306892287735,2060,extraversion_pre
3,Panel 1 (MTurk),factcheck,0.2024064564229234,0.13196754872773717,1.5337593095747277,0.12524243366831606,-0.0563972462665038,0.46121015911235064,2060,extraversion_pre
3,Panel 1 (MTurk),control,-0.10152813512550211,0.11728999624863927,-0.8656163217046738,0.38680139868563645,-0.3315474513151404,0.12849118106413615,2060,agreeableness_pre
3,Panel 1 (MTurk),factcheck,-0.031611991213884985,0.12087322983433038,-0.26153012753289195,0.7937098642486315,-0.2686584449727086,0.20543446254493858,2060,agreeableness_pre
3,Panel 1 (MTurk),control,-0.15289150962386616,0.12341037635282506,-1.2388869894274999,0.21552849326164927,-0.39491360261811037,0.08913058337037805,2060,conscientiousness_pre
3,Panel 1 (MTurk),factcheck,0.02660438655231181,0.12301323585396677,0.21627255284866087,0.8287967157081297,-0.21463886776088284,0.26784764086550644,2060,conscientiousness_pre
3,Panel 1 (MTurk),control,-0.027175374739888652,0.12711672982585479,-0.21378283391271874,0.8307375684831351,-0.2764660577135897,0.22211530823381237,2060,emotional_stability_pre
3,Panel 1 (MTurk),factcheck,0.20154172991874106,0.12467913739898986,1.6164831913600801,0.10614300023032638,-0.042968550965186564,0.44605201080266865,2060,emotional_stability_pre
3,Panel 1 (MTurk),control,0.08659038901602316,0.11791583923068395,0.7343406075126393,0.4628247508152735,-0.14465627800809577,0.3178370560401421,2060,openness_to_experience_pre
3,Panel 1 (MTurk),factcheck,0.09168889966852627,0.1189389300375644,0.7708905708128384,0.4408602023125562,-0.14156416734984006,0.32494196668689257,2060,openness_to_experience_pre
3,Panel 2 (MTurk),control,0.07968199398366521,0.13247552498689785,0.6014846439864718,0.5475837104273453,-0.18011857940843917,0.3394825673757696,2051,lucid_pid_7n
3,Panel 2 (MTurk),factcheck,0.35143559928443147,0.13406510117682494,2.6213801817141515,0.008822172826976782,0.08851767417294848,0.6143535243959144,2051,lucid_pid_7n
3,Panel 2 (MTurk),control,-0.01961095320650212,0.6715241137549589,-0.02920364705422658,0.9767050138008855,-1.3365511941862438,1.2973292877732396,2051,lucid_age
3,Panel 2 (MTurk),factcheck,-0.7004090733951003,0.660168175882519,-1.0609555246415612,0.2888350294754718,-1.995078942765016,0.5942607959748154,2051,lucid_age
3,Panel 2 (MTurk),control,0.010399656209712303,0.012750760650870174,0.8156106521380417,0.41481756013031856,-0.014606132056529199,0.035405444475953805,2051,race_asian
3,Panel 2 (MTurk),factcheck,-0.018962432915921333,0.011291854497725112,-1.6793019180101512,0.09324552897413751,-0.04110712925480612,0.0031822634229634536,2051,race_asian
3,Panel 2 (MTurk),control,-0.038165019338203814,0.016795628702202456,-2.272318590443663,0.023170375928615598,-0.07110328448374406,-0.005226754192663566,2051,race_black
3,Panel 2 (MTurk),factcheck,-0.02295617173524182,0.01745201958961336,-1.315387690081684,0.18852666739228,-0.05718169902928513,0.01126935555880149,2051,race_black
3,Panel 2 (MTurk),control,0.04461968199398449,0.020496865844327194,2.176902670528706,0.02960152741682273,0.00442284186352334,0.08481652212444565,2051,race_hispanic
3,Panel 2 (MTurk),factcheck,0.06426207513416951,0.021116470709231325,3.043220432952205,0.0023703173288855896,0.022850114707377765,0.10567403556096125,2051,race_hispanic
3,Panel 2 (MTurk),control,-0.006033519553072713,0.00703285379211807,-0.8579048749505725,0.39104523091199506,-0.019825798903962764,0.007758759797817338,2051,race_other
3,Panel 2 (MTurk),factcheck,-0.006918604651162752,0.006999468076575891,-0.9884472041977372,0.3230502711441541,-0.02064541056428517,0.006808201261959667,2051,race_other
3,Panel 2 (MTurk),control,-0.010820799312418814,0.0259816672393704,-0.41647825032651864,0.6771036584074575,-0.06177400026888892,0.040132401644051297,2051,race_white
3,Panel 2 (MTurk),factcheck,-0.015424865831842126,0.0262684889641715,-0.5872003468825571,0.5571337919239063,-0.06694055898128153,0.036090827317597274,2051,race_white
3,Panel 2 (MTurk),control,-0.1407348517404389,0.3305452474414933,-0.4257657698295876,0.670323204575084,-0.7889741761426505,0.5075044726617728,2051,lucid_hhin
3,Panel 2 (MTurk),factcheck,-0.11586314847942869,0.3316289372385645,-0.3493758700438135,0.7268430128320115,-0.7662277200220924,0.534501423063235,2051,lucid_hhin
3,Panel 2 (MTurk),control,0.03659048688961013,0.0459106535353503,0.7969933789209986,0.4255471260774858,-0.053445873520887754,0.126626847300108,2051,political_knowledge_pre
3,Panel 2 (MTurk),factcheck,0.020598949896467142,0.04616077475133028,0.44624359117528706,0.6554684046342876,-0.06992792855753768,0.11112582835047197,2051,political_knowledge_pre
3,Panel 2 (MTurk),control,0.024709926944562827,0.0500436513092391,0.493767466963404,0.6215232822530667,-0.07343174342104411,0.12285159731016976,2051,political_interest_pre
3,Panel 2 (MTurk),factcheck,0.029516994633272592,0.05123726874997787,0.5760844665102361,0.5646212969722029,-0.07096550431591925,0.12999949358246443,2051,political_interest_pre
3,Panel 2 (MTurk),control,0.05631074822136415,0.06625833085663635,0.8498666883595988,0.39549840064455477,-0.07362987552978073,0.18625137197250902,2051,cognitive_reflection_pre
3,Panel 2 (MTurk),factcheck,-0.003384118465512415,0.06754068195876722,-0.050104890376712195,0.9600436814641975,-0.13583958827336512,0.12907135134234027,2051,cognitive_reflection_pre
3,Panel 2 (MTurk),control,0.16974519072777094,0.2843003762884406,0.5970628422790188,0.5505313277011137,-0.3878023319760113,0.7272927134315532,2051,need_for_cognition_pre
3,Panel 2 (MTurk),factcheck,0.023278175313055992,0.2830581194789687,0.08223814726072738,0.9344653635740301,-0.5318331311052429,0.5783894817313548,2051,need_for_cognition_pre
3,Panel 2 (MTurk),control,-0.093415648013651,0.15480107140445132,-0.6034560818353925,0.5462720522629967,-0.3969993259539056,0.2101680299266036,2051,extraversion_pre
3,Panel 2 (MTurk),factcheck,-0.15835024180877463,0.15517380481440649,-1.020470188239357,0.3076258726111561,-0.46266489517742115,0.14596441155987191,2051,extraversion_pre
3,Panel 2 (MTurk),control,-0.03206939935869867,0.11997850628288338,-0.26729287063372803,0.789270549392386,-0.26736180322049985,0.2032230045031025,2051,agreeableness_pre
3,Panel 2 (MTurk),factcheck,-0.03183931471033518,0.12000998148815872,-0.26530555471735273,0.7908007475398849,-0.2671934452675314,0.20351481584686104,2051,agreeableness_pre
3,Panel 2 (MTurk),control,0.2741379791869937,0.12842381359776447,2.1346350922549284,0.032909068385879175,0.022283303289692802,0.5259926550842946,2051,conscientiousness_pre
3,Panel 2 (MTurk),factcheck,-0.09090170815159755,0.13233112657152224,-0.6869261262010571,0.4922069406559423,-0.3504190987360459,0.1686156824328508,2051,conscientiousness_pre
3,Panel 2 (MTurk),control,-0.18968049422738423,0.14444507910204796,-1.3131668825725675,0.18927361364106196,-0.4729548151111206,0.0935938266563521,2051,emotional_stability_pre
3,Panel 2 (MTurk),factcheck,-0.16028720256557324,0.14147603185475469,-1.1329636579723334,0.25736193827062104,-0.4377388616606408,0.11716445652949434,2051,emotional_stability_pre
3,Panel 2 (MTurk),control,0.08442848239536564,0.12572683474578508,0.6715231681929864,0.5019629303832509,-0.16213709083757571,0.330994055628307,2051,openness_to_experience_pre
3,Panel 2 (MTurk),factcheck,-0.08784047804138691,0.12483090811090887,-0.7036757111735743,0.4817146248497013,-0.33264903047006184,0.156968074387288,2051,openness_to_experience_pre
3,Panel 3 (Lucid),control,0.15117173061284814,0.1142929990433868,1.322668333827357,0.18607256164853098,-0.07295221868057944,0.3752956799062757,2384,lucid_pid_7n
3,Panel 3 (Lucid),factcheck,0.09231639546104806,0.11725951571242692,0.7872827625132734,0.43119461824673533,-0.13762477305905907,0.3222575639811552,2384,lucid_pid_7n
3,Panel 3 (Lucid),control,-0.7391439343535361,0.8229804908269032,-0.8981305663890878,0.3692066398814212,-2.352975396817392,0.8746875281103198,2384,lucid_age
3,Panel 3 (Lucid),factcheck,-0.5074074074074199,0.8428946056163543,-0.601982031948568,0.5472433425163459,-2.160289643677641,1.1454748288628016,2384,lucid_age
3,Panel 3 (Lucid),control,-0.009676942411473483,0.009484864167841667,-1.020251027345553,0.307712943627392,-0.02827637749149465,0.008922492668547681,2384,race_asian
3,Panel 3 (Lucid),factcheck,-0.004126318591727489,0.010088928086627591,-0.4089947471423386,0.6825802540379683,-0.023910298589084947,0.015657661405629967,2384,race_asian
3,Panel 3 (Lucid),control,0.013351075626525145,0.013432868935205424,0.9939109575865873,0.320367086589092,-0.012990237151140036,0.03969238840419033,2384,race_black
3,Panel 3 (Lucid),factcheck,0.04182889088549488,0.014935377039590206,2.8006585153234655,0.005140966747159017,0.012541220474215888,0.07111656129677388,2384,race_black
3,Panel 3 (Lucid),control,-0.020388851925778273,0.01549018327944035,-1.3162434270767975,0.18821888852407925,-0.050764474937904217,0.009986771086347674,2384,race_hispanic
3,Panel 3 (Lucid),factcheck,-0.002389271571661676,0.016508423977669155,-0.1447304464007969,0.8849359334007961,-0.03476162341694831,0.029983080273624958,2384,race_hispanic
3,Panel 3 (Lucid),control,-0.006121091151031302,0.009832908928366937,-0.6225107133223394,0.5336656373681425,-0.025403027932055143,0.01316084562999254,2384,race_other
3,Panel 3 (Lucid),factcheck,-0.0026654687032046046,0.010320956727959584,-0.2582579089769673,0.7962301610053243,-0.02290444748333767,0.017573510076928457,2384,race_other
3,Panel 3 (Lucid),control,0.022835809861757147,0.021938348353581116,1.0409083443161542,0.29802363766990553,-0.02018440410701845,0.06585602383053274,2384,race_white
3,Panel 3 (Lucid),factcheck,-0.03264783201890195,0.023281762763798786,-1.4022921009085545,0.16095823444932092,-0.07830242732053055,0.013006763282726652,2384,race_white
3,Panel 3 (Lucid),control,0.7432764101426754,0.3468849138785866,2.1427176000015673,0.03223676010037804,0.06304912151175535,1.4235036987735956,2384,lucid_hhin
3,Panel 3 (Lucid),factcheck,0.2975075704635343,0.3562701485335682,0.8350617408954846,0.4037666216439224,-0.4011237838015504,0.996138924728619,2384,lucid_hhin
3,Panel 3 (Lucid),control,0.010803879886521492,0.04438331404059108,0.24342210851223786,0.8076993618952261,-0.07623000415506871,0.0978377639281117,2384,political_knowledge_pre
3,Panel 3 (Lucid),factcheck,0.04854859872157475,0.045400268799780874,1.0693460634710839,0.2850220195942244,-0.04047949247872202,0.13757668992187153,2384,political_knowledge_pre
3,Panel 3 (Lucid),control,0.0575367782952595,0.05963996436720114,0.9647352895955403,0.3347752632139811,-0.059414780081664904,0.1744883366721839,2384,political_interest_pre
3,Panel 3 (Lucid),factcheck,0.11833216864663029,0.06205559232457404,1.9068735663291816,0.056657055865539145,-0.0033563384704746735,0.24002067576373526,2384,political_interest_pre
3,Panel 3 (Lucid),control,0.030871206476622157,0.041742424741878684,0.739564284238864,0.4596372350700124,-0.050984000443638114,0.11272641339688243,2384,cognitive_reflection_pre
3,Panel 3 (Lucid),factcheck,0.07451135972769576,0.043569114304796,1.7101876160813694,0.08736129905136575,-0.010925911556967954,0.15994863101235948,2384,cognitive_reflection_pre
3,Panel 3 (Lucid),control,0.28718652577830645,0.22240340617836907,1.2912865441817059,0.19672952316708592,-0.14893756009054315,0.723310611647156,2384,need_for_cognition_pre
3,Panel 3 (Lucid),factcheck,0.02885871278844032,0.22829761092914214,0.12640829954807256,0.8994193923748398,-0.4188236702442265,0.47654109582110715,2384,need_for_cognition_pre
3,Panel 3 (Lucid),control,-0.019931435484475735,0.12806848157442025,-0.15563107518295696,0.8763370048618064,-0.2710685489622277,0.23120567799327624,2384,extraversion_pre
3,Panel 3 (Lucid),factcheck,-0.1454564280505776,0.13240065663155715,-1.0986080564188732,0.27204999886015097,-0.40508876162897123,0.11417590552781606,2384,extraversion_pre
3,Panel 3 (Lucid),control,-0.06485860670374319,0.1027582222177801,-0.6311768080834003,0.5279854320698129,-0.2663633250905436,0.13664611168305726,2384,agreeableness_pre
3,Panel 3 (Lucid),factcheck,0.12605384405830639,0.1016843080595663,1.2396587680418152,0.21522364616552767,-0.07334497209165072,0.32545266020826347,2384,agreeableness_pre
3,Panel 3 (Lucid),control,-0.018488854155306565,0.09927143035667949,-0.18624546950594573,0.8522681139444743,-0.21315611470291432,0.17617840639230117,2384,conscientiousness_pre
3,Panel 3 (Lucid),factcheck,-0.05977100093862443,0.10324024644458031,-0.5789505836825922,0.562677211605576,-0.262220949341872,0.14267894746462317,2384,conscientiousness_pre
3,Panel 3 (Lucid),control,-0.1558855199653701,0.12485220580076595,-1.248560399598593,0.2119485001726454,-0.40071564671216287,0.08894460678142266,2384,emotional_stability_pre
3,Panel 3 (Lucid),factcheck,-0.03943512695086068,0.12574535935719144,-0.3136109925046341,0.7538439459274429,-0.2860166917040668,0.20714643780234543,2384,emotional_stability_pre
3,Panel 3 (Lucid),control,-0.008017079417843445,0.10660417777186254,-0.07520417665994605,0.9400585710518328,-0.2170635611217543,0.20102940228606742,2384,openness_to_experience_pre
3,Panel 3 (Lucid),factcheck,0.009033663514902139,0.10846725143173713,0.08328470939993711,0.9336321503536074,-0.20366623029622924,0.22173355732603353,2384,openness_to_experience_pre
3,Panel 4 (MTurk),control,0.01185015290519869,0.11086856843378966,0.1068846930433269,0.9148888090042459,-0.20555075399314326,0.22925105980354066,2567,lucid_pid_7n
3,Panel 4 (MTurk),factcheck,0.1001118568232643,0.1110321909353816,0.9016471347622718,0.3673289318009715,-0.11760989556571196,0.3178336092122406,2567,lucid_pid_7n
3,Panel 4 (MTurk),control,0.05856754406666825,0.6395588079743243,0.09157491592081944,0.927042927098761,-1.1955360024355604,1.3126710905688967,2567,lucid_age
3,Panel 4 (MTurk),factcheck,0.46548490410348353,0.6395949138156176,0.7277808094603978,0.4668141484931203,-0.7886894419296885,1.7196592501366554,2567,lucid_age
3,Panel 4 (MTurk),control,-0.014525993883792433,0.01298814154634061,-1.1184043407569046,0.26349899063254556,-0.039994291986556754,0.010942304218971893,2567,race_asian
3,Panel 4 (MTurk),factcheck,-0.009507829977628937,0.013103337715144948,-0.7256036732259222,0.46814791249684495,-0.03520201492932677,0.016186354974068895,2567,race_asian
3,Panel 4 (MTurk),control,0.008683645990232565,0.014589624516481225,0.5951932471204485,0.551766767328784,-0.019924981738946503,0.037292273719411635,2567,race_black
3,Panel 4 (MTurk),factcheck,-0.010634745734415032,0.013879972848479034,-0.7661935545918871,0.44363159158254983,-0.03785182563010934,0.016582334161279272,2567,race_black
3,Panel 4 (MTurk),control,0.03294308275138044,0.016034790532684685,2.0544754036063373,0.04003073183174793,0.0015006455216401426,0.06438551998112074,2567,race_hispanic
3,Panel 4 (MTurk),factcheck,0.00601021736952837,0.015204534505175407,0.3952911131532884,0.6926609022811964,-0.02380418031854395,0.03582461505760069,2567,race_hispanic
3,Panel 4 (MTurk),control,-0.0040394358482816126,0.006923579646166337,-0.583431700755879,0.5596539771109741,-0.01761580393278844,0.009536932236225214,2567,race_other
3,Panel 4 (MTurk),factcheck,-0.0044909679788975275,0.006851217609657027,-0.6554992462314077,0.5122051111193634,-0.01792544217423116,0.008943506216436106,2567,race_other
3,Panel 4 (MTurk),control,-0.023061299009540386,0.022781604169314646,-1.0122772232432373,0.311500924795999,-0.06773348587885865,0.02161088785977788,2567,race_white
3,Panel 4 (MTurk),factcheck,0.018623326321412545,0.022247561543959935,0.8370951703904221,0.4026169979408115,-0.02500166247621942,0.06224831511904451,2567,race_white
3,Panel 4 (MTurk),control,0.21897393765118844,0.3123130856915455,0.7011359679864871,0.4832817172406325,-0.3934372175096137,0.8313850928119906,2567,lucid_hhin
3,Panel 4 (MTurk),factcheck,-0.1794467261010447,0.3071342277220063,-0.5842615700372729,0.5590956829958118,-0.7817027179438693,0.4228092657417798,2567,lucid_hhin
3,Panel 4 (MTurk),control,-0.018861256431768687,0.03930528336359988,-0.4798656775296487,0.6313637914561386,-0.09593453671179661,0.05821202384825924,2567,political_knowledge_pre
3,Panel 4 (MTurk),factcheck,0.019492949050392772,0.038713341879669884,0.5035201846170092,0.6146417969918085,-0.05641959994884853,0.09540549804963407,2567,political_knowledge_pre
3,Panel 4 (MTurk),control,0.04024031220046139,0.047692267143101104,0.843749198999493,0.3988881866655558,-0.05327890857977368,0.13375953298069646,2567,political_interest_pre
3,Panel 4 (MTurk),factcheck,-0.013915322715287039,0.04753804758746758,-0.2927196934136505,0.7697600739139594,-0.10713213613399647,0.0793014907034224,2567,political_interest_pre
3,Panel 4 (MTurk),control,0.10684895123948139,0.059511525231537875,1.7954329152844037,0.07270233040125482,-0.009846517449341272,0.22354441992830404,2567,cognitive_reflection_pre
3,Panel 4 (MTurk),factcheck,0.05632621274730736,0.05846819143541927,0.9633650599492577,0.3354550941536808,-0.05832339464215767,0.1709758201367724,2567,cognitive_reflection_pre
3,Panel 4 (MTurk),control,0.07157435874036985,0.25928418607138726,0.27604598577664,0.7825349671447643,-0.4368530340962318,0.5800017515769715,2567,need_for_cognition_pre
3,Panel 4 (MTurk),factcheck,0.11753416040085739,0.2645290750533988,0.4443147142790694,0.6568525182748652,-0.40117787521032267,0.6362461960120375,2567,need_for_cognition_pre
3,Panel 4 (MTurk),control,0.019734239760495074,0.13953762485896043,0.14142593999605288,0.8875445604143009,-0.25388349175098324,0.29335197127197343,2567,extraversion_pre
3,Panel 4 (MTurk),factcheck,0.004306446538546446,0.1404752678130198,0.030656261458626013,0.9755460562281142,-0.27114989830977754,0.27976279138687044,2567,extraversion_pre
3,Panel 4 (MTurk),control,0.047466013275635564,0.10222694661746183,0.4643199747837102,0.6424578898624635,-0.15298963631053933,0.24792166286181047,2567,agreeableness_pre
3,Panel 4 (MTurk),factcheck,0.263662974658079,0.09917286037977902,2.658620248003242,0.007894845089036833,0.06919604781990729,0.45812990149625066,2567,agreeableness_pre
3,Panel 4 (MTurk),control,-0.04670002192610802,0.10795857107230458,-0.4325735461506893,0.6653609484388101,-0.25839474830461717,0.16499470445240116,2567,conscientiousness_pre
3,Panel 4 (MTurk),factcheck,0.08424378113174812,0.10870621324595647,0.77496748912723,0.4384302488243276,-0.12891698822795494,0.29740455049145115,2567,conscientiousness_pre
3,Panel 4 (MTurk),control,0.1837150073839147,0.1352798682034762,1.3580365639297236,0.1745714305776259,-0.08155373783387385,0.4489837526017032,2567,emotional_stability_pre
3,Panel 4 (MTurk),factcheck,0.14683287953519372,0.13205433656184515,1.1119125911206054,0.2662798582363479,-0.11211095760426362,0.4057767166746511,2567,emotional_stability_pre
3,Panel 4 (MTurk),control,0.004675153936654584,0.10790779325753534,0.043325452180240115,0.965445471997803,-0.20692000280604983,0.21627031067935898,2567,openness_to_experience_pre
3,Panel 4 (MTurk),factcheck,0.0960251735498655,0.1071904171133323,0.8958372971749723,0.3704236629635921,-0.1141632885223822,0.30621363562211323,2567,openness_to_experience_pre
3,Panel 5 (Lucid),control,0.06299242111891624,0.12176283564652352,0.5173370083280806,0.6049730276037149,-0.17578995934414454,0.30177480158197706,2196,lucid_pid_7n
3,Panel 5 (Lucid),factcheck,-0.11330458608454032,0.12050104781174907,-0.9402788452225634,0.3471779623412471,-0.34961254402592606,0.12300337185684544,2196,lucid_pid_7n
3,Panel 5 (Lucid),control,0.9058936857650555,0.8736412971162332,1.036917197888061,0.299888610985035,-0.8073560713434584,2.619143442873569,2196,lucid_age
3,Panel 5 (Lucid),factcheck,0.9487191004506206,0.8894175476236874,1.0666745928111863,0.2862360573258709,-0.7954685912990291,2.6929067922002705,2196,lucid_age
3,Panel 5 (Lucid),control,0.006077722887321215,0.01062879832570722,0.5718165592267754,0.5675047814320131,-0.014765827217259709,0.026921272991902136,2196,race_asian
3,Panel 5 (Lucid),factcheck,5.951578852804332e-4,0.01030032927988878,0.05778047177991377,0.9539287503112046,-0.019604249692128678,0.020794565462689547,2196,race_asian
3,Panel 5 (Lucid),control,0.017558490820633432,0.014992567879130779,1.171146328113301,0.24166702461267628,-0.011842607046580064,0.04695958868784693,2196,race_black
3,Panel 5 (Lucid),factcheck,-0.004255940349458796,0.014150317976319432,-0.3007664108030021,0.7636210953479153,-0.032005348391363785,0.023493467692446195,2196,race_black
3,Panel 5 (Lucid),control,-0.012998793076306091,0.016707953910012344,-0.778000295327394,0.43665265048316815,-0.04576383986678595,0.01976625371417377,2196,race_hispanic
3,Panel 5 (Lucid),factcheck,-0.007725823114584941,0.016868343129753553,-0.4580072301800406,0.646992561880007,-0.04080540035671753,0.02535375412754765,2196,race_hispanic
3,Panel 5 (Lucid),control,0.008913243926025218,0.009953680564608946,0.8954721691307758,0.3706328784644596,-0.010606369977234653,0.02843285782928509,2196,race_other
3,Panel 5 (Lucid),factcheck,0.002081181032804667,0.009510409404639162,0.21883190767681046,0.8268013256943723,-0.016569158249786255,0.020731520315395588,2196,race_other
3,Panel 5 (Lucid),control,-0.019550664557673767,0.023654774132662242,-0.826499735234353,0.408610457462698,-0.06593873729532106,0.02683740817997352,2196,race_white
3,Panel 5 (Lucid),factcheck,0.00930542454595776,0.023281833202653524,0.3996860756178419,0.689426619153612,-0.03635129430553246,0.054962143397447975,2196,race_white
3,Panel 5 (Lucid),control,0.2815599301333681,0.37140551684996487,0.7580930205921219,0.4484766432334055,-0.44678294197253554,1.0099028022392718,2196,lucid_hhin
3,Panel 5 (Lucid),factcheck,0.03305559298686548,0.36946248542349364,0.08946941649292418,0.9287170169046011,-0.6914769073675605,0.7575880933412914,2196,lucid_hhin
3,Panel 5 (Lucid),control,0.06287172946278807,0.046238049406072075,1.3597400900421985,0.17405177478807737,-0.027803158704254496,0.15354661762983063,2196,political_knowledge_pre
3,Panel 5 (Lucid),factcheck,0.09392121665117244,0.0460222005811683,2.04078065509983,0.0413919886525225,0.0036696177082762294,0.18417281559406865,2196,political_knowledge_pre
3,Panel 5 (Lucid),control,0.14673868227921177,0.062384850854677064,2.3521524900497637,0.01875297070155532,0.02439919246019233,0.2690781720982312,2196,political_interest_pre
3,Panel 5 (Lucid),factcheck,0.08495410920959585,0.0632559465568757,1.3430217052117075,0.1794037308091369,-0.03909363834075602,0.20900185675994773,2196,political_interest_pre
3,Panel 5 (Lucid),control,0.007350834557532789,0.04238243314903111,0.17344059817624777,0.8623211009044631,-0.07576301724632122,0.09046468636138678,2196,cognitive_reflection_pre
3,Panel 5 (Lucid),factcheck,0.07035437563641261,0.0432329273550111,1.6273331449127024,0.10380982195269703,-0.014427333440932374,0.15513608471375762,2196,cognitive_reflection_pre
3,Panel 5 (Lucid),control,0.4594359010340404,0.23471393545737174,1.9574291579184153,0.050423532150120555,-8.486508062616194e-4,0.9197204528743425,2196,need_for_cognition_pre
3,Panel 5 (Lucid),factcheck,0.6375047822904879,0.24151813658574667,2.639573124000786,0.008359774931464597,0.1638768869418319,1.111132677639144,2196,need_for_cognition_pre
3,Panel 5 (Lucid),control,0.3347072524470858,0.13492464256257863,2.480697714591663,0.013186944462312932,0.07011397845544165,0.59930052643873,2196,extraversion_pre
3,Panel 5 (Lucid),factcheck,0.2613130136383866,0.13536446685929937,1.9304402381313315,0.053680929418648375,-0.0041427755205402095,0.5267688027973134,2196,extraversion_pre
3,Panel 5 (Lucid),control,-0.14994931300288653,0.10640064518839813,-1.4092895088876483,0.1588911686456247,-0.35860574914770793,0.05870712314193491,2196,agreeableness_pre
3,Panel 5 (Lucid),factcheck,0.023109847144312533,0.10007652474886958,0.230921759146853,0.8173970976410859,-0.17314470524946438,0.21936439953808942,2196,agreeableness_pre
3,Panel 5 (Lucid),control,0.18475597926954163,0.10674363673417739,1.7308383424263274,0.08362106927676455,-0.024573078676053517,0.39408503721513677,2196,conscientiousness_pre
3,Panel 5 (Lucid),factcheck,0.16233559670499667,0.10890564293249569,1.4906077622223775,0.13620812106082006,-0.05123325233834361,0.3759044457483369,2196,conscientiousness_pre
3,Panel 5 (Lucid),control,0.0840128279535997,0.12545327472778972,0.6696742523133965,0.5031358730497816,-0.16200666902452654,0.33003232493172596,2196,emotional_stability_pre
3,Panel 5 (Lucid),factcheck,0.08716180151526792,0.13133256821553474,0.6636724058591732,0.5069696703365388,-0.17038725361572654,0.3447108566462624,2196,emotional_stability_pre
3,Panel 5 (Lucid),control,0.1422488631328347,0.10623139183030006,1.3390473444993636,0.1806938455059765,-0.06607565958755446,0.35057338585322384,2196,openness_to_experience_pre
3,Panel 5 (Lucid),factcheck,0.1941493138301187,0.107434265592522,1.8071451669478582,0.07087645379404474,-0.01653409827400429,0.4048327259342417,2196,openness_to_experience_pre
3,Panel 6 (MTurk),control,0.10732983374005861,0.14929582039711176,0.7189071566409034,0.47230376250349715,-0.18550751259759102,0.40016718007770824,1590,lucid_pid_7n
3,Panel 6 (MTurk),factcheck,-0.12543689320388093,0.14799386356536917,-0.8475817184708825,0.39679852362722223,-0.4157205070750787,0.1648467206673168,1590,lucid_pid_7n
3,Panel 6 (MTurk),control,-0.8659982439547032,0.6934438165561385,-1.2488369256150045,0.2119085588736476,-2.226158538693135,0.49416205078372855,1590,lucid_age
3,Panel 6 (MTurk),factcheck,0.024133148404995503,0.7303662980481116,0.03304252738590325,0.9736448214294418,-1.4084490096618991,1.4567153064718903,1590,lucid_age
3,Panel 6 (MTurk),control,0.0023560806896189136,0.012813155368035513,0.1838798189785896,0.8541311836518558,-0.02277637383058893,0.027488535209826758,1590,race_asian
3,Panel 6 (MTurk),factcheck,-0.008469717984280973,0.012230020167259784,-0.6925350791288735,0.4887024929377588,-0.032458377826935066,0.015518941858373122,1590,race_asian
3,Panel 6 (MTurk),control,-0.019062834670552427,0.01699367987150605,-1.1217602552650063,0.26213376627033963,-0.052395208643559066,0.014269539302454212,1590,race_black
3,Panel 6 (MTurk),factcheck,-0.00558483587609822,0.01780423483785244,-0.3136801961421369,0.7538050891527861,-0.04050707863963311,0.029337406887436676,1590,race_black
3,Panel 6 (MTurk),control,0.02033392440176283,0.02253406943902627,0.9023636168683737,0.3670004157844362,-0.023865686003676497,0.06453353480720216,1590,race_hispanic
3,Panel 6 (MTurk),factcheck,-0.01621821544151618,0.021753581173098675,-0.7455423230071311,0.4560541316716922,-0.05888693159932035,0.02645050071628799,1590,race_hispanic
3,Panel 6 (MTurk),control,0.004757808248037988,0.006673349200621529,0.7129565837188416,0.47597724132996344,-0.008331679896348736,0.017847296392424713,1590,race_other
3,Panel 6 (MTurk),factcheck,0.016957928802589017,0.008260672709700928,2.0528508268672185,0.04025038726407755,7.54973697494464e-4,0.03316088390768357,1590,race_other
3,Panel 6 (MTurk),control,-0.008384978668867803,0.02816932151441438,-0.2976634941163623,0.7659988952763358,-0.06363789424595218,0.04686793690821658,1590,race_white
3,Panel 6 (MTurk),factcheck,0.013314840499306478,0.028236000039706246,0.47155547813368676,0.6373088095616405,-0.04206886214436986,0.06869854314298282,1590,race_white
3,Panel 6 (MTurk),control,0.154553275162835,0.37447330930677186,0.4127217382967703,0.6798661409274837,-0.5799600546811556,0.8890666050068257,1590,lucid_hhin
3,Panel 6 (MTurk),factcheck,0.2245954692556697,0.37667628814778936,0.5962559267005132,0.5510891432203824,-0.5142389090686175,0.963429847579957,1590,lucid_hhin
3,Panel 6 (MTurk),control,0.02252201687064808,0.05227025213604597,0.43087637710315774,0.6666166644240556,-0.08000384009711792,0.1250478738384141,1590,political_knowledge_pre
3,Panel 6 (MTurk),factcheck,0.01911009388804751,0.05254330715965537,0.36370177137842824,0.7161290730494156,-0.08395134879340596,0.12217153656950097,1590,political_knowledge_pre
3,Panel 6 (MTurk),control,-0.0935550132551529,0.059698887734687414,-1.5671148459403164,0.11728683205625517,-0.21065182023229803,0.02354179372199222,1590,political_interest_pre
3,Panel 6 (MTurk),factcheck,-0.10442903374942329,0.05984183477224916,-1.7450840895314734,0.08116341786323182,-0.22180622520776194,0.012948157708915373,1590,political_interest_pre
3,Panel 6 (MTurk),control,0.06191686828707101,0.07312538117926212,0.8467219902113855,0.3972775185333981,-0.08151542953282492,0.20534916610696696,1590,cognitive_reflection_pre
3,Panel 6 (MTurk),factcheck,0.13660561208104308,0.07452910585017386,1.8329162885123276,0.06700191071915701,-0.009580031455598964,0.28279125561768514,1590,cognitive_reflection_pre
3,Panel 6 (MTurk),control,0.02410964283951955,0.31029239868561637,0.0776997533347476,0.9380766665538235,-0.5845155844317307,0.6327348701107698,1590,need_for_cognition_pre
3,Panel 6 (MTurk),factcheck,0.23827269862864356,0.32552289158405606,0.7319691019859262,0.4642952987482599,-0.40022648701552155,0.8767718842728086,1590,need_for_cognition_pre
3,Panel 6 (MTurk),control,-0.054627521058351274,0.1646085856275514,-0.3318631336882587,0.7400363478638392,-0.37750019941833074,0.2682451573016282,1590,extraversion_pre
3,Panel 6 (MTurk),factcheck,-0.07108783664087093,0.17504601306841114,-0.4061094302849875,0.684716844735463,-0.4144330811198699,0.272257407838128,1590,extraversion_pre
3,Panel 6 (MTurk),control,-0.08352782995956469,0.13298318151371563,-0.6281082239783066,0.5300232498866717,-0.34436863500307846,0.17731297508394905,1590,agreeableness_pre
3,Panel 6 (MTurk),factcheck,-0.07963954384342946,0.1358307814379756,-0.5863144053234741,0.5577474752975646,-0.3460657939652685,0.18678670627840954,1590,agreeableness_pre
3,Panel 6 (MTurk),control,-0.4297359966217743,0.13346681121526005,-3.2197966873478436,0.0013087159126163488,-0.6915254205752724,-0.16794657266827617,1590,conscientiousness_pre
3,Panel 6 (MTurk),factcheck,0.12355357944729257,0.1320194187415532,0.9358742874725595,0.3494800339467261,-0.1353968462677954,0.38250400516238053,1590,conscientiousness_pre
3,Panel 6 (MTurk),control,-0.26442281167810994,0.155685375404558,-1.6984434857223487,0.08961973837047293,-0.5697929960261074,0.04094737266988763,1590,emotional_stability_pre
3,Panel 6 (MTurk),factcheck,0.03520699704646426,0.1626732733430016,0.21642766708351177,0.8286821652788476,-0.28386964929979397,0.35428364339272245,1590,emotional_stability_pre
3,Panel 6 (MTurk),control,-0.25145778793019075,0.135969322120213,-1.8493714906357497,0.064589675230279045,-0.5181557796563043,0.015240203795922891,1590,openness_to_experience_pre
3,Panel 6 (MTurk),factcheck,-0.12841720859926223,0.14135614402852034,-0.9084657018753459,0.3637699003371001,-0.4056812203829122,0.14884680318438778,1590,openness_to_experience_pre
3,Panel 7 (Lucid),control,-0.09815579029573687,0.1168502174472992,-0.840013758125921,0.40098490497874517,-0.32729434146931213,0.1309827608778384,2384,lucid_pid_7n
3,Panel 7 (Lucid),factcheck,-0.023958435971389084,0.11839295058607201,-0.20236370369003714,0.8396496687734321,-0.25612222444437543,0.20820535250159725,2384,lucid_pid_7n
3,Panel 7 (Lucid),control,2.368163332142002,0.8487356731817011,2.7902248096446103,0.005309046368638254,0.7038269985797996,4.032499665704204,2384,lucid_age
3,Panel 7 (Lucid),factcheck,2.114708569157325,0.8533976847694053,2.477987234906474,0.013281364126265372,0.4412302193961135,3.7881869189185364,2384,lucid_age
3,Panel 7 (Lucid),control,0.008015770173651446,0.008764711342418961,0.9145503896810804,0.36052020077767055,-0.009171474337573055,0.025203014684875947,2384,race_asian
3,Panel 7 (Lucid),factcheck,0.020299371896851853,0.009672948706970323,2.0985712332191047,0.035959675954974964,0.001331110641444859,0.03926763315225885,2384,race_asian
3,Panel 7 (Lucid),control,0.004619577625121431,0.01513200482746807,0.3052852333707847,0.760175572713544,-0.025053671926864935,0.0342928271771078,2384,race_black
3,Panel 7 (Lucid),factcheck,-0.0029943869856894163,0.015099797236274876,-0.19830643675769863,0.842822224170045,-0.03260447875377069,0.026615704782391857,2384,race_black
3,Panel 7 (Lucid),control,0.0016500740801390517,0.016882363729464275,0.09773951720156507,0.9221473518681497,-0.03145555849687737,0.034755706657155466,2384,race_hispanic
3,Panel 7 (Lucid),factcheck,-0.006828805568590809,0.016889774899438572,-0.4043159609437899,0.6860166582398326,-0.03994897115023066,0.026291360013049044,2384,race_hispanic
3,Panel 7 (Lucid),control,-0.007319841983363916,0.009195990043340813,-0.7959819387434536,0.4261217833579044,-0.025352806586858033,0.010713122620130203,2384,race_other
3,Panel 7 (Lucid),factcheck,-0.00923199735465202,0.009190670799781147,-1.0044965765580307,0.3152412629493794,-0.027254531136627548,0.00879053642732351,2384,race_other
3,Panel 7 (Lucid),control,-0.00696557989554723,0.022939195721232247,-0.3036540592005138,0.7614179595066097,-0.051948415079579854,0.0380172552884854,2384,race_white
3,Panel 7 (Lucid),factcheck,-0.0012441819879187629,0.02320693187698608,-0.05361251519648735,0.957248377166664,-0.04675203694655203,0.0442636729707145,2384,race_white
3,Panel 7 (Lucid),control,0.0578202962260891,0.3514444638073466,0.16452185816130765,0.8693342883427002,-0.6313480854340403,0.7469886778862185,2384,lucid_hhin
3,Panel 7 (Lucid),factcheck,0.014143593631792233,0.3573157650277468,0.039582898422335026,0.9684289761846194,-0.68653817229527625,0.7148253595588606,2384,lucid_hhin
3,Panel 7 (Lucid),control,0.08884924922690278,0.04382007071804638,2.0275925568123756,0.04271288162137553,0.0029198625641410764,0.17477863588966447,2384,political_knowledge_pre
3,Panel 7 (Lucid),factcheck,0.0951878744905538,0.04511945537955505,2.1096858038248003,0.034989400063761514,0.006710447051663057,0.18366530192944452,2384,political_knowledge_pre
3,Panel 7 (Lucid),control,0.032900713720020326,0.057621267700901445,0.5709821222747172,0.5680655788373701,-0.08009226212723564,0.14589368956727627,2384,political_interest_pre
3,Panel 7 (Lucid),factcheck,0.027697662106893863,0.05941791097835195,0.4661500488797915,0.6411506885160856,-0.08881845855399005,0.14421378276777777,2384,political_interest_pre
3,Panel 7 (Lucid),control,0.03661834711581769,0.042428149473310396,0.8630672694988174,0.3881872973374084,-0.04658153827314134,0.11981823250477672,2384,cognitive_reflection_pre
3,Panel 7 (Lucid),factcheck,0.07133062124784713,0.043188587895065744,1.6516080919607141,0.09874616829962544,-0.013360453135230183,0.15602169563092444,2384,cognitive_reflection_pre
3,Panel 7 (Lucid),control,0.011177401300667682,0.22260263831363064,0.05021234871852485,0.9599573774854024,-0.42533737072879296,0.44769217333012834,2384,need_for_cognition_pre
3,Panel 7 (Lucid),factcheck,0.16715733699441962,0.22629452177361647,0.7386716023185161,0.46017914681371275,-0.2765970692060632,0.6109117431949025,2384,need_for_cognition_pre
3,Panel 7 (Lucid),control,-0.029629060689293985,0.13165377943374545,-0.22505286833945212,0.8219574343321938,-0.28779679828532817,0.22853867690674018,2384,extraversion_pre
3,Panel 7 (Lucid),factcheck,0.05089945921544979,0.1372616887711699,0.37082058126433737,0.7108041172721731,-0.218265161816165,0.3200640802470646,2384,extraversion_pre
3,Panel 7 (Lucid),control,0.06077324591259026,0.10210464922896696,0.5952054717538656,0.5517626250950294,-0.13944984227262014,0.26099633409780065,2384,agreeableness_pre
3,Panel 7 (Lucid),factcheck,0.062008267556736975,0.10508511515418566,0.5900766009130373,0.5551952188605278,-0.14405939378243296,0.2680759288959069,2384,agreeableness_pre
3,Panel 7 (Lucid),control,0.09839382103227566,0.10556723694464089,0.9320488428040705,0.35140566267366324,-0.1086192616417236,0.30540690370627493,2384,conscientiousness_pre
3,Panel 7 (Lucid),factcheck,0.0566976800624742,0.10919948340218272,0.519211980643316,0.6036611213285241,-0.15743809103238193,0.2708334511573303,2384,conscientiousness_pre
3,Panel 7 (Lucid),control,0.03175044856012198,0.12437959621001174,0.2552705550395273,0.798536160383948,-0.21215290989079666,0.2756538070110406,2384,emotional_stability_pre
3,Panel 7 (Lucid),factcheck,0.14286108274717274,0.12381281748621253,1.1538472804972826,0.24867844576618947,-0.09993084554602338,0.38565301104036886,2384,emotional_stability_pre
3,Panel 7 (Lucid),control,0.03706983850424887,0.1038629246303817,0.356911175341632,0.721189891061369,-0.16660115664122044,0.24074083364971816,2384,openness_to_experience_pre
3,Panel 7 (Lucid),factcheck,0.07839763948574552,0.10804626234774413,0.7255932577605019,0.46815937514175165,-0.13347671175581766,0.2902719907273087,2384,openness_to_experience_pre
