fc,panel,panel_factor,target,lucid_pid_3,term,estimate,std.error,statistic,p.value,conf.low,conf.high,df,outcome
1,panel_1_lucid,Panel 1 (Lucid),w1_ft_antifa,Democrat,treatmentcontrol,0.07999042867665349,2.3516232672595287,-0.03401498436859343,0.9728732443787986,-4.535725628399338,4.695706485752646,844,thermometer
1,panel_1_lucid,Panel 1 (Lucid),w1_ft_antifa,Democrat,treatmentfactcheck,1.5804320085977623,2.3973210287933613,0.6592492159438647,0.5099155738526738,-3.124978641409326,6.285842658604851,844,thermometer
1,panel_1_lucid,Panel 1 (Lucid),w1_ft_antifa,Independent,treatmentcontrol,3.1724712619438997,3.714617610305359,-0.8540505631434584,0.3939011713572633,-4.143749145844279,10.488691669732077,248,thermometer
1,panel_1_lucid,Panel 1 (Lucid),w1_ft_antifa,Independent,treatmentfactcheck,-2.2015037810349307,3.7151289700651753,-0.5925780232055603,0.554003509602352,-9.518731350556287,5.1157237884864255,248,thermometer
1,panel_1_lucid,Panel 1 (Lucid),w1_ft_antifa,Republican,treatmentcontrol,0.6703136004215775,2.1975020541969124,-0.30503434531102036,0.7604191378034515,-3.6432210241066993,4.983848224949854,802,thermometer
1,panel_1_lucid,Panel 1 (Lucid),w1_ft_antifa,Republican,treatmentfactcheck,0.19753147499669113,2.1054082173734687,0.09382098605234612,0.9252747939872167,-3.935229733149612,4.330292683142995,802,thermometer
1,panel_1_lucid,Panel 1 (Lucid),w1_ft_donald_trump,Democrat,treatmentcontrol,2.133024317859661,1.9413830275016533,-1.0987137971452388,0.27219653331380567,-1.6773113122587264,5.943359947978049,871,thermometer
1,panel_1_lucid,Panel 1 (Lucid),w1_ft_donald_trump,Democrat,treatmentfactcheck,3.5883070783904176,2.1421742776225954,1.6750771008102823,0.09427805198187428,-0.61611979684224,7.792733953623076,871,thermometer
1,panel_1_lucid,Panel 1 (Lucid),w1_ft_donald_trump,Independent,treatmentcontrol,-7.256307119946382,4.83111845871935,1.5019932096365756,0.13431705749151407,-16.769579187543812,2.2569649476510483,259,thermometer
1,panel_1_lucid,Panel 1 (Lucid),w1_ft_donald_trump,Independent,treatmentfactcheck,7.4518599358835615,4.749081561066278,1.5691160153944477,0.11784178283507658,-1.899867898504942,16.803587770272067,259,thermometer
1,panel_1_lucid,Panel 1 (Lucid),w1_ft_donald_trump,Republican,treatmentcontrol,1.4182755810951329,2.3981578598653384,-0.5914020944287512,0.5544146277390811,-3.2890009847284554,6.1255521469187215,817,thermometer
1,panel_1_lucid,Panel 1 (Lucid),w1_ft_donald_trump,Republican,treatmentfactcheck,2.08666833900522,2.274893752372613,0.9172596904048452,0.35927726045126374,-2.3786565795484735,6.551993257558913,817,thermometer
1,panel_1_lucid,Panel 1 (Lucid),w1_ft_joe_biden,Democrat,treatmentcontrol,-1.0019830470323194,1.873595015291979,0.5347916912963027,0.5929307141363009,-4.67928351013218,2.6753174160675406,869,thermometer
1,panel_1_lucid,Panel 1 (Lucid),w1_ft_joe_biden,Democrat,treatmentfactcheck,-1.1187108774402843,1.93980477660483,-0.5767131264612738,0.5642826163554897,-4.9259610809858065,2.6885393261052375,869,thermometer
1,panel_1_lucid,Panel 1 (Lucid),w1_ft_joe_biden,Independent,treatmentcontrol,2.6140483524226266,4.85765458003989,-0.5381297309948211,0.5909496187415195,-6.95147773127856,12.179574436123813,259,thermometer
1,panel_1_lucid,Panel 1 (Lucid),w1_ft_joe_biden,Independent,treatmentfactcheck,-7.032283480855094,4.672693784099344,-1.5049741767340223,0.13354922312253864,-16.23359113591352,2.1690241742033347,259,thermometer
1,panel_1_lucid,Panel 1 (Lucid),w1_ft_joe_biden,Republican,treatmentcontrol,-1.4634858404323106,2.4646074125861137,0.5938007947873021,0.5528117596710396,-6.301283301479,3.374311620614378,807,thermometer
1,panel_1_lucid,Panel 1 (Lucid),w1_ft_joe_biden,Republican,treatmentfactcheck,1.460214351735499,2.3614846132281984,0.6183459098381996,0.5365218211889242,-3.175162547577073,6.095591251048071,807,thermometer
1,panel_1_lucid,Panel 1 (Lucid),w1_ft_scientists,Democrat,treatmentcontrol,-3.3842877934214237,1.7733786402948657,1.9083842088335443,0.05667311729846316,-6.864927567082169,0.09635198023932112,863,thermometer
1,panel_1_lucid,Panel 1 (Lucid),w1_ft_scientists,Democrat,treatmentfactcheck,1.5603856854591698,1.6625387511707224,0.9385559791375577,0.3482213601139402,-1.702706792983509,4.823478163901848,863,thermometer
1,panel_1_lucid,Panel 1 (Lucid),w1_ft_scientists,Independent,treatmentcontrol,3.91123225833696,3.4169843935609108,-1.144644460685108,0.2534255212201959,-2.817745889263513,10.640210405937433,256,thermometer
1,panel_1_lucid,Panel 1 (Lucid),w1_ft_scientists,Independent,treatmentfactcheck,-5.299548423618091,3.3593031044425707,-1.577573758262423,0.11589842883075106,-11.914936314636137,1.3158394673999538,256,thermometer
1,panel_1_lucid,Panel 1 (Lucid),w1_ft_scientists,Republican,treatmentcontrol,0.5057180600776529,2.075659424137262,-0.2436421188354887,0.8075703125819104,-3.568648458781679,4.580084578936985,802,thermometer
1,panel_1_lucid,Panel 1 (Lucid),w1_ft_scientists,Republican,treatmentfactcheck,2.6772883778048193,2.0950212367908985,1.27792899221672,0.2016442183297936,-1.43508395275129,6.789660708360929,802,thermometer
1,panel_1_mturk,Panel 1 (MTurk),w1_ft_antifa,Democrat,treatmentcontrol,2.690458830310118,2.2009270225483744,-1.222420735783839,0.2218830855232034,-1.6293513617788387,7.010269022399075,861,thermometer
1,panel_1_mturk,Panel 1 (MTurk),w1_ft_antifa,Democrat,treatmentfactcheck,-2.9416072281644943,2.23158386496433,-1.3181701455846981,0.18779726622487078,-7.321588311413837,1.438373855084849,861,thermometer
1,panel_1_mturk,Panel 1 (MTurk),w1_ft_antifa,Independent,treatmentcontrol,4.139631736082533,6.650670367813888,-0.6224382666920919,0.5359363218041342,-9.154868898355328,17.434132370520395,62,thermometer
1,panel_1_mturk,Panel 1 (MTurk),w1_ft_antifa,Independent,treatmentfactcheck,2.425958116938396,8.18852227278464,0.2962632372633713,0.7680191848877311,-13.942664672951523,18.794580906828315,62,thermometer
1,panel_1_mturk,Panel 1 (MTurk),w1_ft_antifa,Republican,treatmentcontrol,0.34183238457026915,1.7041440404884272,-0.20058890354849118,0.8410591789675361,-3.0021127358033213,3.6857775049438595,1042,thermometer
1,panel_1_mturk,Panel 1 (MTurk),w1_ft_antifa,Republican,treatmentfactcheck,0.16846333692504334,1.6705733067317483,0.10084163098153362,0.9196955777952822,-3.109607838132966,3.446534511983053,1042,thermometer
1,panel_1_mturk,Panel 1 (MTurk),w1_ft_donald_trump,Democrat,treatmentcontrol,2.311061198089495,2.1172556162558958,-1.0915362228091856,0.2753398875556541,-1.8444780218618733,6.466600418040864,868,thermometer
1,panel_1_mturk,Panel 1 (MTurk),w1_ft_donald_trump,Democrat,treatmentfactcheck,-1.5301140722169448,2.16115803354957,-0.7080065633626181,0.4791312507587253,-5.771820600222101,2.711592455788212,868,thermometer
1,panel_1_mturk,Panel 1 (MTurk),w1_ft_donald_trump,Independent,treatmentcontrol,0.12541189841614198,8.294432555043029,-0.015120009426068734,0.9879842192598172,-16.44968895353024,16.700512750362527,63,thermometer
1,panel_1_mturk,Panel 1 (MTurk),w1_ft_donald_trump,Independent,treatmentfactcheck,-9.997328832394698,9.022141167970407,-1.1080882737554933,0.27203624946421356,-28.026639308695394,8.031981643905999,63,thermometer
1,panel_1_mturk,Panel 1 (MTurk),w1_ft_donald_trump,Republican,treatmentcontrol,2.0192015153344585,1.6292720462869914,-1.2393274161525645,0.21550226472316328,-1.1778123236663247,5.216215354335242,1046,thermometer
1,panel_1_mturk,Panel 1 (MTurk),w1_ft_donald_trump,Republican,treatmentfactcheck,0.05667502038381791,1.4925388860943143,0.037972223646464236,0.9697170739810654,-2.8720362927235703,2.9853863334912063,1046,thermometer
1,panel_1_mturk,Panel 1 (MTurk),w1_ft_joe_biden,Democrat,treatmentcontrol,1.5683463569261074,1.6698885065318527,-0.9391922579210779,0.3478933147951132,-1.70914509406383,4.845837807916045,868,thermometer
1,panel_1_mturk,Panel 1 (MTurk),w1_ft_joe_biden,Democrat,treatmentfactcheck,-1.6472970560629374,1.7096748764984349,-0.9635148054797105,0.3355575831959675,-5.002877245864677,1.708283133738802,868,thermometer
1,panel_1_mturk,Panel 1 (MTurk),w1_ft_joe_biden,Independent,treatmentcontrol,-1.7225142855710165,10.5683955161859,0.1629873033170381,0.8710501252990677,-22.841767514959717,19.396738943817684,63,thermometer
1,panel_1_mturk,Panel 1 (MTurk),w1_ft_joe_biden,Independent,treatmentfactcheck,3.0045939947728946,10.464434381366402,0.28712435715809487,0.7749593768727814,-17.90690948405954,23.916097473605326,63,thermometer
1,panel_1_mturk,Panel 1 (MTurk),w1_ft_joe_biden,Republican,treatmentcontrol,1.0321039763333464,1.6603796774820265,-0.6216072084780855,0.534335758062259,-2.225953941897437,4.29016189456413,1045,thermometer
1,panel_1_mturk,Panel 1 (MTurk),w1_ft_joe_biden,Republican,treatmentfactcheck,1.5191951032597957,1.6089176052306322,0.9442342468755726,0.3452682132563266,-1.6378820487877452,4.676272255307337,1045,thermometer
1,panel_1_mturk,Panel 1 (MTurk),w1_ft_scientists,Democrat,treatmentcontrol,-0.7150711407652797,1.306550852854427,0.5472968305849412,0.5843159934887281,-3.2794519190425087,1.8493096375119495,865,thermometer
1,panel_1_mturk,Panel 1 (MTurk),w1_ft_scientists,Democrat,treatmentfactcheck,-1.7252510328563748,1.3659103471532839,-1.2630777974938097,0.20690157513614,-4.40613730026607,0.9556352345533201,865,thermometer
1,panel_1_mturk,Panel 1 (MTurk),w1_ft_scientists,Independent,treatmentcontrol,-0.6590846001077191,6.522524581269337,0.10104746895096496,0.9198336815134045,-13.693309910446356,12.37514071023092,63,thermometer
1,panel_1_mturk,Panel 1 (MTurk),w1_ft_scientists,Independent,treatmentfactcheck,-5.409091163407179,7.014531423610167,-0.7711265139109298,0.44351454024188985,-19.42651369399311,8.60833136717875,63,thermometer
1,panel_1_mturk,Panel 1 (MTurk),w1_ft_scientists,Republican,treatmentcontrol,-0.45360879379767655,1.408961489218317,0.3219454877005445,0.7475585047438579,-3.21833086640706,2.311113278811707,1043,thermometer
1,panel_1_mturk,Panel 1 (MTurk),w1_ft_scientists,Republican,treatmentfactcheck,0.5095809183560148,1.317232888039511,0.38685711766158826,0.698940903995886,-2.0751475275224305,3.0943093642344603,1043,thermometer
1,panel_2_mturk,Panel 2 (MTurk),w1_ft_anthony_fauci,Democrat,treatmentcontrol,-0.7223185663418326,1.6115355256009314,0.44821758805005835,0.6540983726155761,-3.884899410942596,2.4402622782589307,950,thermometer
1,panel_2_mturk,Panel 2 (MTurk),w1_ft_anthony_fauci,Democrat,treatmentfactcheck,-0.4452507738868981,1.6455495770032338,-0.27057876596933617,0.7867738020671502,-3.674582978109147,2.7840814303353505,950,thermometer
1,panel_2_mturk,Panel 2 (MTurk),w1_ft_anthony_fauci,Independent,treatmentcontrol,-2.7496974839016928,7.183694846407358,0.3827692493476175,0.7027114453495874,-17.003706573167158,11.504311605363771,99,thermometer
1,panel_2_mturk,Panel 2 (MTurk),w1_ft_anthony_fauci,Independent,treatmentfactcheck,5.326737225916618,7.172009524220658,0.7427119565203651,0.4594147950933861,-8.904085648981248,19.557560100814484,99,thermometer
1,panel_2_mturk,Panel 2 (MTurk),w1_ft_anthony_fauci,Republican,treatmentcontrol,3.329276256562379,1.979110668193073,-1.6822082312365112,0.09288282955313172,-0.5550457359062948,7.213598249031053,881,thermometer
1,panel_2_mturk,Panel 2 (MTurk),w1_ft_anthony_fauci,Republican,treatmentfactcheck,-1.5493691769821454,2.0211325024466076,-0.7665846623645969,0.44353385578051996,-5.516165756434832,2.4174274024705413,881,thermometer
1,panel_2_mturk,Panel 2 (MTurk),w1_ft_black_lives_matter_protestors,Democrat,treatmentcontrol,-1.88641707483013,1.8415334927143077,1.0243729382568365,0.30591883202709164,-5.500341376380836,1.727507226720576,954,thermometer
1,panel_2_mturk,Panel 2 (MTurk),w1_ft_black_lives_matter_protestors,Democrat,treatmentfactcheck,-1.344151714666883,1.9387199420464793,-0.6933191770070821,0.4882780283495748,-5.148799927790481,2.4604964984567146,954,thermometer
1,panel_2_mturk,Panel 2 (MTurk),w1_ft_black_lives_matter_protestors,Independent,treatmentcontrol,-1.2950736258619318,7.0098507291933885,0.18475052834840516,0.8537879965383763,-15.19745923728525,12.607311985561386,103,thermometer
1,panel_2_mturk,Panel 2 (MTurk),w1_ft_black_lives_matter_protestors,Independent,treatmentfactcheck,-9.155863184940923,6.226420352656082,-1.4704858757303771,0.14447852072920306,-21.504499420651435,3.1927730507695866,103,thermometer
1,panel_2_mturk,Panel 2 (MTurk),w1_ft_black_lives_matter_protestors,Republican,treatmentcontrol,4.650589385978635,2.21703202486379,-2.097664505439139,0.0362156758090736,0.2993824023097895,9.00179636964748,892,thermometer
1,panel_2_mturk,Panel 2 (MTurk),w1_ft_black_lives_matter_protestors,Republican,treatmentfactcheck,-1.6327386821663432,2.2604796195904022,-0.7222974575909668,0.47030092892590447,-6.069217089737901,2.8037397254052148,892,thermometer
1,panel_2_mturk,Panel 2 (MTurk),w1_ft_donald_trump,Democrat,treatmentcontrol,1.2573698549477696,2.0146260287553557,-0.6241207236484371,0.5326968937759907,-2.69621957299397,5.21095928288951,958,thermometer
1,panel_2_mturk,Panel 2 (MTurk),w1_ft_donald_trump,Democrat,treatmentfactcheck,0.17812508499991905,2.1055901322370056,0.0845962764893264,0.9326000340763507,-3.953976241782636,4.310226411782474,958,thermometer
1,panel_2_mturk,Panel 2 (MTurk),w1_ft_donald_trump,Independent,treatmentcontrol,0.983829356124342,6.760837796515779,-0.14551885220961253,0.884585627851022,-12.424697834334586,14.39235654658327,103,thermometer
1,panel_2_mturk,Panel 2 (MTurk),w1_ft_donald_trump,Independent,treatmentfactcheck,-1.2291855199972002,7.095163143645224,-0.17324274228960035,0.8628006276868251,-15.300768184106897,12.842397144112496,103,thermometer
1,panel_2_mturk,Panel 2 (MTurk),w1_ft_donald_trump,Republican,treatmentcontrol,-0.6174821888916878,1.9483530174424304,0.3169252098381258,0.7513745113992398,-4.4413724895600435,3.2064081117766676,892,thermometer
1,panel_2_mturk,Panel 2 (MTurk),w1_ft_donald_trump,Republican,treatmentfactcheck,0.9292458719856161,1.9675243151122568,0.47229193807071107,0.6368339455484501,-2.9322705357355088,4.790762279706741,892,thermometer
1,panel_2_mturk,Panel 2 (MTurk),w1_ft_joe_biden,Democrat,treatmentcontrol,-0.20469325436854502,1.6317152047769676,0.12544667952427624,0.9001963650503659,-3.406858870732985,2.9974723619958947,954,thermometer
1,panel_2_mturk,Panel 2 (MTurk),w1_ft_joe_biden,Democrat,treatmentfactcheck,-2.966486672904175,1.6593842847566147,-1.7877032464118312,0.07414122441040558,-6.2229515789288925,0.2899782331205425,954,thermometer
1,panel_2_mturk,Panel 2 (MTurk),w1_ft_joe_biden,Independent,treatmentcontrol,6.460309118890778,6.934355369093129,-0.9316380218534507,0.3537022248947993,-7.292349251748935,20.21296748953049,103,thermometer
1,panel_2_mturk,Panel 2 (MTurk),w1_ft_joe_biden,Independent,treatmentfactcheck,-6.9098524326635555,6.98710692530808,-0.9889432788891923,0.32500840225206307,-20.76713107332538,6.947426207998269,103,thermometer
1,panel_2_mturk,Panel 2 (MTurk),w1_ft_joe_biden,Republican,treatmentcontrol,3.4783815830871694,2.134808325809715,-1.6293648197984465,0.10359087007997594,-0.7114830359000672,7.668246202074406,887,thermometer
1,panel_2_mturk,Panel 2 (MTurk),w1_ft_joe_biden,Republican,treatmentfactcheck,0.9117508026995971,2.1317483907097254,0.42770094569934064,0.6689726765819943,-3.2721082589470383,5.095609864346232,887,thermometer
1,panel_2_mturk,Panel 2 (MTurk),w1_ft_politifact,Democrat,treatmentcontrol,-0.9077201151802847,1.5644584708156395,0.5802136215907602,0.5619118755289063,-3.9780197767554366,2.162579546394867,925,thermometer
1,panel_2_mturk,Panel 2 (MTurk),w1_ft_politifact,Democrat,treatmentfactcheck,2.8846875042028928,1.6705114700149064,1.726828911972183,0.08453225045627596,-0.3937445518235978,6.163119560229383,925,thermometer
1,panel_2_mturk,Panel 2 (MTurk),w1_ft_politifact,Independent,treatmentcontrol,0.7980324511270113,6.127376404151315,-0.13024048116031225,0.8966515515974104,-11.366347704070296,12.962412606324317,95,thermometer
1,panel_2_mturk,Panel 2 (MTurk),w1_ft_politifact,Independent,treatmentfactcheck,8.157852194714568,6.579210704439538,1.2399439022692784,0.21805017430480958,-4.903532458548137,21.21923684797727,95,thermometer
1,panel_2_mturk,Panel 2 (MTurk),w1_ft_politifact,Republican,treatmentcontrol,4.364851891503529,1.9465131979696166,-2.242395220364522,0.02518789191696073,0.5444227938975801,8.185280989109478,867,thermometer
1,panel_2_mturk,Panel 2 (MTurk),w1_ft_politifact,Republican,treatmentfactcheck,-1.3926113775446254,1.946788576565893,-0.7153377589677312,0.4745929492753339,-5.213580961802896,2.4283582067136456,867,thermometer
1,panel_3_lucid,Panel 3 (Lucid),w1_ft_amy_coney_barrett,Democrat,treatmentcontrol,-2.172035800590144,2.3568197675859985,0.9215960551853646,0.357007435905934,-6.798071642329196,2.4540000411489076,829,thermometer
1,panel_3_lucid,Panel 3 (Lucid),w1_ft_amy_coney_barrett,Democrat,treatmentfactcheck,2.775988564041959,2.2335991348741135,1.2428320376289967,0.2142811406175852,-1.6081861599287208,7.1601632880126385,829,thermometer
1,panel_3_lucid,Panel 3 (Lucid),w1_ft_amy_coney_barrett,Independent,treatmentcontrol,1.9195529365556883,4.473640527623846,-0.4290807284811617,0.6682325252343051,-6.891104153499293,10.730210026610669,251,thermometer
1,panel_3_lucid,Panel 3 (Lucid),w1_ft_amy_coney_barrett,Independent,treatmentfactcheck,-2.5399407861500247,4.247454528758286,-0.59799128370953,0.5503849182839193,-10.905133547484233,5.825251975184184,251,thermometer
1,panel_3_lucid,Panel 3 (Lucid),w1_ft_amy_coney_barrett,Republican,treatmentcontrol,2.161643547275815,1.9694891435690494,-1.0975656069667636,0.27271798551776133,-1.7042182890629132,6.027505383614543,816,thermometer
1,panel_3_lucid,Panel 3 (Lucid),w1_ft_amy_coney_barrett,Republican,treatmentfactcheck,-1.5098364116907643,1.9273610516961104,-0.7833697844843771,0.43363729694719233,-5.293006051862199,2.27333322848067,816,thermometer
1,panel_3_lucid,Panel 3 (Lucid),w1_ft_anthony_fauci,Democrat,treatmentcontrol,0.27842029531071594,2.0197257591069353,-0.1378505443401511,0.890391652263651,-3.6858951640510966,4.242735754672529,838,thermometer
1,panel_3_lucid,Panel 3 (Lucid),w1_ft_anthony_fauci,Democrat,treatmentfactcheck,-1.3678197646070853,1.9583534124921842,-0.6984539950153376,0.48508709437567765,-5.211673650725534,2.476034121511363,838,thermometer
1,panel_3_lucid,Panel 3 (Lucid),w1_ft_anthony_fauci,Independent,treatmentcontrol,2.27651364390802,4.564565582939937,-0.49873610150689673,0.6183969370922064,-6.7127023590238775,11.265729646839917,254,thermometer
1,panel_3_lucid,Panel 3 (Lucid),w1_ft_anthony_fauci,Independent,treatmentfactcheck,-3.4124958352377233,4.463283151879463,-0.7645707697932498,0.44523690524806614,-12.202251531693257,5.377259861217811,254,thermometer
1,panel_3_lucid,Panel 3 (Lucid),w1_ft_anthony_fauci,Republican,treatmentcontrol,-1.478109491934949,2.554917402100284,0.5785351380517667,0.5630640993246225,-6.493167825944384,3.5369488420744863,808,thermometer
1,panel_3_lucid,Panel 3 (Lucid),w1_ft_anthony_fauci,Republican,treatmentfactcheck,5.153526646905997,2.5061890933834503,2.05631995626816,0.04007236191683134,0.2341173192134196,10.072935974598574,808,thermometer
1,panel_3_lucid,Panel 3 (Lucid),w1_ft_black_lives_matter_protestors,Democrat,treatmentcontrol,-1.0242141427823934,2.2945116013291726,0.44637566538738926,0.65543867121724,-5.527734533743438,3.4793062481786503,857,thermometer
1,panel_3_lucid,Panel 3 (Lucid),w1_ft_black_lives_matter_protestors,Democrat,treatmentfactcheck,-1.8709453008291195,2.295488973301,-0.8150530551835452,0.41526838409644007,-6.376384014888695,2.634493413230456,857,thermometer
1,panel_3_lucid,Panel 3 (Lucid),w1_ft_black_lives_matter_protestors,Independent,treatmentcontrol,0.448307555692096,4.72649017639541,-0.0948499920577411,0.9245056583203782,-8.857944965763561,9.754560077147755,265,thermometer
1,panel_3_lucid,Panel 3 (Lucid),w1_ft_black_lives_matter_protestors,Independent,treatmentfactcheck,2.3258263035799636,4.714842278028362,0.49329885634108006,0.6222099826338854,-6.957492015221607,11.609144622381535,265,thermometer
1,panel_3_lucid,Panel 3 (Lucid),w1_ft_black_lives_matter_protestors,Republican,treatmentcontrol,-2.3614783870875433,2.4501884738325588,0.9637945865420483,0.33543798914748946,-7.1709817614171545,2.448024987242068,806,thermometer
1,panel_3_lucid,Panel 3 (Lucid),w1_ft_black_lives_matter_protestors,Republican,treatmentfactcheck,5.4949906974982525,2.5598159710872923,2.1466350548489754,0.032120174314325865,0.470298237268965,10.51968315772754,806,thermometer
1,panel_3_lucid,Panel 3 (Lucid),w1_ft_donald_trump,Democrat,treatmentcontrol,-1.3220664807906681,2.0097479597100447,0.6578270048257238,0.5108235125037743,-5.26659400281977,2.6224610412384335,869,thermometer
1,panel_3_lucid,Panel 3 (Lucid),w1_ft_donald_trump,Democrat,treatmentfactcheck,1.5995897735053617,1.9127014873618131,0.8362987032083474,0.40321678058815835,-2.1544648689549684,5.353644415965691,869,thermometer
1,panel_3_lucid,Panel 3 (Lucid),w1_ft_donald_trump,Independent,treatmentcontrol,2.14133469285892,4.74897233295742,-0.45090485745689846,0.6524282457312298,-7.209346700916385,11.492016086634226,264,thermometer
1,panel_3_lucid,Panel 3 (Lucid),w1_ft_donald_trump,Independent,treatmentfactcheck,2.7474819518994726,4.918315090053822,0.5586225976972546,0.5768928093171737,-6.936633721322525,12.43159762512147,264,thermometer
1,panel_3_lucid,Panel 3 (Lucid),w1_ft_donald_trump,Republican,treatmentcontrol,2.165032572818477,2.2795208798487594,-0.9497752760054217,0.34250425520865646,-2.309302476000722,6.6393676216376765,826,thermometer
1,panel_3_lucid,Panel 3 (Lucid),w1_ft_donald_trump,Republican,treatmentfactcheck,-0.798583713750308,2.271213274277166,-0.35161106303610545,0.7252196414622311,-5.2566122610106305,3.659444833510014,826,thermometer
1,panel_3_lucid,Panel 3 (Lucid),w1_ft_joe_biden,Democrat,treatmentcontrol,0.04431143113872095,1.8716665524728104,-0.023674853344030498,0.9811174121318642,-3.6292158614281127,3.717838723705555,867,thermometer
1,panel_3_lucid,Panel 3 (Lucid),w1_ft_joe_biden,Democrat,treatmentfactcheck,-0.894456925633692,1.7730332741200054,-0.5044783641060714,0.6140534458619493,-4.374396295444913,2.5854824441775293,867,thermometer
1,panel_3_lucid,Panel 3 (Lucid),w1_ft_joe_biden,Independent,treatmentcontrol,-3.182764467136161,4.825920559110408,0.6595144756636566,0.5101403511604146,-12.684956186962298,6.319427252689975,264,thermometer
1,panel_3_lucid,Panel 3 (Lucid),w1_ft_joe_biden,Independent,treatmentfactcheck,-0.3842891390548029,4.634406260775552,-0.0829209002040519,0.9339772723046098,-9.509391025433445,8.74081274732384,264,thermometer
1,panel_3_lucid,Panel 3 (Lucid),w1_ft_joe_biden,Republican,treatmentcontrol,0.253470277886693,2.3617166170895807,-0.10732459434487639,0.9145575672167345,-4.382210107467973,4.8891506632413595,825,thermometer
1,panel_3_lucid,Panel 3 (Lucid),w1_ft_joe_biden,Republican,treatmentfactcheck,2.9932451605843964,2.413305375692485,1.2403093246023624,0.21521363310399802,-1.7436958902666202,7.730186211435413,825,thermometer
1,panel_3_lucid,Panel 3 (Lucid),w1_ft_politifact,Democrat,treatmentcontrol,-2.7975061748698216,2.201858541446631,1.2705203909383966,0.20427814818922205,-7.119776515858566,1.5247641661189237,780,thermometer
1,panel_3_lucid,Panel 3 (Lucid),w1_ft_politifact,Democrat,treatmentfactcheck,4.5368500873324,2.1645346180106433,2.0959933140279725,0.03640448778116191,0.28784698138170395,8.785853193283096,780,thermometer
1,panel_3_lucid,Panel 3 (Lucid),w1_ft_politifact,Independent,treatmentcontrol,-5.017264638625689,4.085122853252356,1.228179621239839,0.22057269624452014,-13.064201459764714,3.0296721825133366,242,thermometer
1,panel_3_lucid,Panel 3 (Lucid),w1_ft_politifact,Independent,treatmentfactcheck,-2.97483156535958,3.6036613557897526,-0.8255025296925097,0.40989937277679545,-10.073378242293261,4.1237151115741,242,thermometer
1,panel_3_lucid,Panel 3 (Lucid),w1_ft_politifact,Republican,treatmentcontrol,-1.1368609546081203,2.2022763627131687,0.5162208403342831,0.6058521324636847,-5.460210930974261,3.186489021758021,751,thermometer
1,panel_3_lucid,Panel 3 (Lucid),w1_ft_politifact,Republican,treatmentfactcheck,2.300929888431811,2.286330406081932,1.0063855522854623,0.3145542811991371,-2.1874289181449607,6.789288695008582,751,thermometer
1,panel_4_mturk,Panel 4 (MTurk),w1_ft_amy_coney_barrett,Democrat,treatmentcontrol,0.13838038910017136,1.7099821185391733,-0.08092505038496475,0.9355137333693933,-3.216175738906406,3.492936517106749,1330,thermometer
1,panel_4_mturk,Panel 4 (MTurk),w1_ft_amy_coney_barrett,Democrat,treatmentfactcheck,-0.6532567295688667,1.6965305892456055,-0.38505449516200574,0.7002586085834406,-3.981424330155434,2.674910871017701,1330,thermometer
1,panel_4_mturk,Panel 4 (MTurk),w1_ft_amy_coney_barrett,Independent,treatmentcontrol,-9.965033974482433,5.26250483107436,1.8935914159432767,0.05990151744223972,-20.34996043402042,0.41989248505555565,178,thermometer
1,panel_4_mturk,Panel 4 (MTurk),w1_ft_amy_coney_barrett,Independent,treatmentfactcheck,6.034460554702451,4.688114362896218,1.2871828815572002,0.19970180282078032,-3.21697473236818,15.285895841773083,178,thermometer
1,panel_4_mturk,Panel 4 (MTurk),w1_ft_amy_coney_barrett,Republican,treatmentcontrol,-3.708387644405976,1.666151550318137,2.225720489650471,0.026278844904750027,-6.978362740766371,-0.43841254804558094,904,thermometer
1,panel_4_mturk,Panel 4 (MTurk),w1_ft_amy_coney_barrett,Republican,treatmentfactcheck,4.173858395663737,1.6418021889933532,2.5422419482963883,0.011180237413653323,0.9516711521725014,7.396045639154973,904,thermometer
1,panel_4_mturk,Panel 4 (MTurk),w1_ft_donald_trump,Democrat,treatmentcontrol,-1.5973233590031892,1.5246630658301443,1.047656623159218,0.294984227833136,-4.588287628592457,1.393640910586079,1351,thermometer
1,panel_4_mturk,Panel 4 (MTurk),w1_ft_donald_trump,Democrat,treatmentfactcheck,0.14397372718011675,1.523984960196942,0.0944718819019784,0.9247483265374161,-2.8456602880300887,3.1336077423903226,1351,thermometer
1,panel_4_mturk,Panel 4 (MTurk),w1_ft_donald_trump,Independent,treatmentcontrol,-4.64042694909812,5.57550698807696,0.8322878904145438,0.4063372132298214,-15.641371010347815,6.360517112151574,182,thermometer
1,panel_4_mturk,Panel 4 (MTurk),w1_ft_donald_trump,Independent,treatmentfactcheck,6.765931242309339,4.824392618686736,1.4024420848548425,0.16248668421846457,-2.7530010164383096,16.28486350105699,182,thermometer
1,panel_4_mturk,Panel 4 (MTurk),w1_ft_donald_trump,Republican,treatmentcontrol,-1.4349862030925482,1.9907518550839391,0.7208262543761601,0.47119973688293526,-5.341933651029182,2.4719612448440857,919,thermometer
1,panel_4_mturk,Panel 4 (MTurk),w1_ft_donald_trump,Republican,treatmentfactcheck,2.127440516766429,1.9352840774296893,1.0992910764769732,0.2719290148998204,-1.670648716724462,5.92552975025732,919,thermometer
1,panel_4_mturk,Panel 4 (MTurk),w1_ft_hunter_biden,Democrat,treatmentcontrol,0.8173624225739412,1.356602968176337,-0.6025067331768487,0.5469408418141557,-1.8439819414038574,3.47870678655174,1314,thermometer
1,panel_4_mturk,Panel 4 (MTurk),w1_ft_hunter_biden,Democrat,treatmentfactcheck,-0.3279354770957374,1.3670807778796181,-0.23988010247966093,0.8104606208513048,-3.0098349043122257,2.353963950120751,1314,thermometer
1,panel_4_mturk,Panel 4 (MTurk),w1_ft_hunter_biden,Independent,treatmentcontrol,-5.151760279130099,4.131720277741593,1.2468802176380784,0.21406146182143962,-13.304598083479526,3.001077525219329,180,thermometer
1,panel_4_mturk,Panel 4 (MTurk),w1_ft_hunter_biden,Independent,treatmentfactcheck,1.0140588988338963,4.225048455681035,0.24001118791203077,0.8105946930218063,-7.322936942886745,9.351054740554538,180,thermometer
1,panel_4_mturk,Panel 4 (MTurk),w1_ft_hunter_biden,Republican,treatmentcontrol,1.1861043988082285,2.174472097393765,-0.5454677483467577,0.585565675465594,-3.081464881511006,5.453673679127463,909,thermometer
1,panel_4_mturk,Panel 4 (MTurk),w1_ft_hunter_biden,Republican,treatmentfactcheck,-2.7531058657923686,2.145523417223098,-1.2831861184510633,0.19975392855571258,-6.963861127504423,1.457649395919686,909,thermometer
1,panel_4_mturk,Panel 4 (MTurk),w1_ft_joe_biden,Democrat,treatmentcontrol,-0.3804974888631631,1.3986434891414583,0.27204751733890903,0.7856272369988302,-3.124257424500273,2.3632624467739474,1345,thermometer
1,panel_4_mturk,Panel 4 (MTurk),w1_ft_joe_biden,Democrat,treatmentfactcheck,-0.401861380092715,1.3842629707270564,-0.2903071082524481,0.7716260532921139,-3.117410631173357,2.3136878709879274,1345,thermometer
1,panel_4_mturk,Panel 4 (MTurk),w1_ft_joe_biden,Independent,treatmentcontrol,-6.236465569557515,5.250144894393597,1.1878654199081566,0.23642586075443034,-16.595064002387907,4.122132863272878,183,thermometer
1,panel_4_mturk,Panel 4 (MTurk),w1_ft_joe_biden,Independent,treatmentfactcheck,-3.3901315240680217,5.148838142378907,-0.6584265091117597,0.5110916115378052,-13.548850528089677,6.768587479953634,183,thermometer
1,panel_4_mturk,Panel 4 (MTurk),w1_ft_joe_biden,Republican,treatmentcontrol,-0.7792623030990947,2.268690287791191,0.3434855375776253,0.7313118686628051,-5.231683854386897,3.6731592481887074,918,thermometer
1,panel_4_mturk,Panel 4 (MTurk),w1_ft_joe_biden,Republican,treatmentfactcheck,-2.5854922225221943,2.2156480714660387,-1.1669236896505135,0.24354421962664308,-6.933815692037843,1.762831246993454,918,thermometer
1,panel_4_mturk,Panel 4 (MTurk),w1_ft_politifact,Democrat,treatmentcontrol,1.5516273940294345,1.5154758693243473,-1.0238548995974477,0.30609848687802815,-1.4214797268946133,4.524734514953482,1272,thermometer
1,panel_4_mturk,Panel 4 (MTurk),w1_ft_politifact,Democrat,treatmentfactcheck,3.7862073557148683,1.4553707285987474,2.601541505070866,0.00938831011123869,0.9310163464971017,6.641398364932635,1272,thermometer
1,panel_4_mturk,Panel 4 (MTurk),w1_ft_politifact,Independent,treatmentcontrol,5.924726863252478,4.506299154526728,-1.3147655448708708,0.19035959896447285,-2.9707829573665814,14.820236683871538,170,thermometer
1,panel_4_mturk,Panel 4 (MTurk),w1_ft_politifact,Independent,treatmentfactcheck,-2.8928969290419686,4.3544479033194925,-0.6643544700205619,0.507363576916428,-11.48864984270328,5.702855984619342,170,thermometer
1,panel_4_mturk,Panel 4 (MTurk),w1_ft_politifact,Republican,treatmentcontrol,-1.4097419943639153,1.9608188399433693,0.7189557574858013,0.4723612343671282,-5.258230280328066,2.4387462916002356,870,thermometer
1,panel_4_mturk,Panel 4 (MTurk),w1_ft_politifact,Republican,treatmentfactcheck,2.9856795828544764,1.9805182080566983,1.507524430075324,0.1320393056954983,-0.9014725438891888,6.872831709598142,870,thermometer
1,panel_4_mturk,Panel 4 (MTurk),w1_ft_the_world_health_organization_(who),Democrat,treatmentcontrol,1.2739499766776188,1.3801094136408363,-0.923078970468609,0.3561321057875978,-1.4334583934170144,3.981358346772252,1341,thermometer
1,panel_4_mturk,Panel 4 (MTurk),w1_ft_the_world_health_organization_(who),Democrat,treatmentfactcheck,0.4482825015547596,1.377128657345804,0.3255196957550449,0.7448385612410982,-2.2532784158215464,3.149843418931066,1341,thermometer
1,panel_4_mturk,Panel 4 (MTurk),w1_ft_the_world_health_organization_(who),Independent,treatmentcontrol,-2.4127381691867535,5.181937232264963,0.4656054407922989,0.6420546293591572,-12.63713601192282,7.811659673549312,182,thermometer
1,panel_4_mturk,Panel 4 (MTurk),w1_ft_the_world_health_organization_(who),Independent,treatmentfactcheck,-3.315107690746153,4.909255380740845,-0.6752770906462555,0.5003567558390007,-13.00148131406151,6.371265932569203,182,thermometer
1,panel_4_mturk,Panel 4 (MTurk),w1_ft_the_world_health_organization_(who),Republican,treatmentcontrol,4.094843595884159,2.2869129480758335,-1.7905550796454606,0.07369558040578222,-0.3933667955278599,8.583053987296179,914,thermometer
1,panel_4_mturk,Panel 4 (MTurk),w1_ft_the_world_health_organization_(who),Republican,treatmentfactcheck,-3.5225072344705364,2.283485147557551,-1.5426013338594569,0.12327366866613992,-8.00399035193066,0.9589758829895869,914,thermometer
1,panel_5_lucid,Panel 5 (Lucid),w1_ft_barack_obama,Democrat,treatmentcontrol,0.9184169859920467,1.668590282679795,-0.5504149194235074,0.5821904136405327,-2.356977995890488,4.1938119678745815,790,thermometer
1,panel_5_lucid,Panel 5 (Lucid),w1_ft_barack_obama,Democrat,treatmentfactcheck,-1.7093944954652296,1.748801824942781,-0.9774660976930072,0.32863767526901255,-5.142242439734254,1.7234534488037945,790,thermometer
1,panel_5_lucid,Panel 5 (Lucid),w1_ft_barack_obama,Independent,treatmentcontrol,10.176474651581934,5.5899154947432805,-1.8205059917545843,0.07009194151036395,-0.8424618703602942,21.195411173524164,212,thermometer
1,panel_5_lucid,Panel 5 (Lucid),w1_ft_barack_obama,Independent,treatmentfactcheck,-6.770623365202446,5.271724467507328,-1.2843280044193688,0.2004289180577507,-17.16233632101712,3.621089590612228,212,thermometer
1,panel_5_lucid,Panel 5 (Lucid),w1_ft_barack_obama,Republican,treatmentcontrol,-0.2138944313898667,2.5960581640605334,0.08239200274901053,0.934355400954364,-5.309708143622738,4.881919280843005,808,thermometer
1,panel_5_lucid,Panel 5 (Lucid),w1_ft_barack_obama,Republican,treatmentfactcheck,2.249622460106254,2.622805450716066,0.8577160991838235,0.39130358609570925,-2.898693615899199,7.397938536111707,808,thermometer
1,panel_5_lucid,Panel 5 (Lucid),w1_ft_donald_trump,Democrat,treatmentcontrol,0.4411057456514184,2.2570911701372194,-0.19543107141064286,0.845105746906874,-3.9894996396596563,4.871711130962493,790,thermometer
1,panel_5_lucid,Panel 5 (Lucid),w1_ft_donald_trump,Democrat,treatmentfactcheck,0.7013215448409763,2.299726669247387,0.30495865192122684,0.7604779681761817,-3.8129761053029134,5.215619194984866,790,thermometer
1,panel_5_lucid,Panel 5 (Lucid),w1_ft_donald_trump,Independent,treatmentcontrol,-1.1573823460261223,5.3797071452387595,0.21513854096136975,0.8298680958572193,-11.76253242182358,9.447767729771337,210,thermometer
1,panel_5_lucid,Panel 5 (Lucid),w1_ft_donald_trump,Independent,treatmentfactcheck,5.041658298341237,5.182707400975532,0.9727846679888305,0.33177949611386137,-5.175141297327525,15.25845789401,210,thermometer
1,panel_5_lucid,Panel 5 (Lucid),w1_ft_donald_trump,Republican,treatmentcontrol,1.128807365376923,2.387733083861258,-0.4727527431799466,0.6365169484570412,-3.558066792356343,5.8156815231101895,810,thermometer
1,panel_5_lucid,Panel 5 (Lucid),w1_ft_donald_trump,Republican,treatmentfactcheck,-0.7214089667643399,2.4118796374506073,-0.2991065373091668,0.7649354831456396,-5.455680322610399,4.012862389081719,810,thermometer
1,panel_5_lucid,Panel 5 (Lucid),w1_ft_joe_biden,Democrat,treatmentcontrol,0.9990132211403756,1.9168283077653088,-0.5211803358147672,0.6023873963348865,-2.7636732185346253,4.761699660815377,789,thermometer
1,panel_5_lucid,Panel 5 (Lucid),w1_ft_joe_biden,Democrat,treatmentfactcheck,0.20299612552675858,1.928265656147813,0.10527394131589393,0.916185196700539,-3.5821415454298062,3.9881337964833232,789,thermometer
1,panel_5_lucid,Panel 5 (Lucid),w1_ft_joe_biden,Independent,treatmentcontrol,-1.5324748105932062,5.604131544321563,0.2734544680961317,0.7847778550944366,-12.581281691933311,9.5163320707469,206,thermometer
1,panel_5_lucid,Panel 5 (Lucid),w1_ft_joe_biden,Independent,treatmentfactcheck,0.6237725868909206,5.37463224283973,0.11605865456598113,0.907719116090171,-9.97256571097267,11.220110884754511,206,thermometer
1,panel_5_lucid,Panel 5 (Lucid),w1_ft_joe_biden,Republican,treatmentcontrol,0.16624676180084905,2.4663394155886884,-0.06740627861277874,0.9462750087713676,-4.674968527618525,5.007462051220223,805,thermometer
1,panel_5_lucid,Panel 5 (Lucid),w1_ft_joe_biden,Republican,treatmentfactcheck,0.1637613216317703,2.458725301894402,0.06660415521229444,0.9469133754768871,-4.662508107781812,4.990030751045352,805,thermometer
1,panel_5_lucid,Panel 5 (Lucid),w1_ft_kamala_harris,Democrat,treatmentcontrol,-1.5456144988487486,2.1617508413485647,0.7149827210820227,0.47483365927490184,-5.789153023367009,2.6979240256695123,780,thermometer
1,panel_5_lucid,Panel 5 (Lucid),w1_ft_kamala_harris,Democrat,treatmentfactcheck,1.6451894742958875,2.22621377705209,0.7390078577603703,0.46012454668263836,-2.724890437800048,6.0152693863918225,780,thermometer
1,panel_5_lucid,Panel 5 (Lucid),w1_ft_kamala_harris,Independent,treatmentcontrol,2.27823370981985,5.325128072542124,-0.4278270266525742,0.6692305735380266,-8.221421681293304,12.777889100933002,203,thermometer
1,panel_5_lucid,Panel 5 (Lucid),w1_ft_kamala_harris,Independent,treatmentfactcheck,-0.7198334551322042,5.229047601864564,-0.13766052825289396,0.8906451615873591,-11.030045171241172,9.590378260976765,203,thermometer
1,panel_5_lucid,Panel 5 (Lucid),w1_ft_kamala_harris,Republican,treatmentcontrol,-0.3577338522159865,2.429904050683324,0.14722139012665403,0.8829945107863579,-5.127501698431112,4.412033993999139,797,thermometer
1,panel_5_lucid,Panel 5 (Lucid),w1_ft_kamala_harris,Republican,treatmentfactcheck,0.08239869310470797,2.394322681560658,0.03441419727561499,0.9725554792283893,-4.617524884848929,4.782322271058345,797,thermometer
1,panel_5_lucid,Panel 5 (Lucid),w1_ft_politifact,Democrat,treatmentcontrol,0.3943114172704321,2.1120147836694074,-0.18669917479713696,0.8519504439047678,-3.752310745036065,4.5409335795769294,702,thermometer
1,panel_5_lucid,Panel 5 (Lucid),w1_ft_politifact,Democrat,treatmentfactcheck,0.6010283028433894,2.1706260638243733,0.27689168247821194,0.7819447882243737,-3.6606682590984563,4.8627248647852355,702,thermometer
1,panel_5_lucid,Panel 5 (Lucid),w1_ft_politifact,Independent,treatmentcontrol,9.566594179578123,4.87019400171135,-1.9643148047524377,0.05106816387871383,-0.04490115759921487,19.178089516755463,176,thermometer
1,panel_5_lucid,Panel 5 (Lucid),w1_ft_politifact,Independent,treatmentfactcheck,-2.386452656208655,4.844186196367082,-0.49264263582568013,0.6228791367029078,-11.946620695190314,7.173715382773002,176,thermometer
1,panel_5_lucid,Panel 5 (Lucid),w1_ft_politifact,Republican,treatmentcontrol,1.015318220924614,2.2594560063596876,-0.4493640141993468,0.6533058396807603,-3.4206749216699412,5.45131136351917,712,thermometer
1,panel_5_lucid,Panel 5 (Lucid),w1_ft_politifact,Republican,treatmentfactcheck,0.5980300222761995,2.242427269668492,0.2666887039616714,0.7897860700885494,-3.8045305777166987,5.0005906222690975,712,thermometer
1,panel_6_mturk,Panel 6 (MTurk),w1_ft_chris_coons,Democrat,treatmentcontrol,2.7177880283603084,2.8217315007158366,-0.9631632306868464,0.33616033599713835,-2.8327570750562856,8.268333131776902,335,thermometer
1,panel_6_mturk,Panel 6 (MTurk),w1_ft_chris_coons,Democrat,treatmentfactcheck,-0.8336831295840126,2.779782428298915,-0.2999094897128996,0.7644322005979144,-6.301711445546681,4.634345186378656,335,thermometer
1,panel_6_mturk,Panel 6 (MTurk),w1_ft_chris_coons,Independent,treatmentcontrol,-10.185908234188775,9.549723217186196,1.0666181629073463,0.29365991894280574,-29.593280807819355,9.221464339441807,34,thermometer
1,panel_6_mturk,Panel 6 (MTurk),w1_ft_chris_coons,Independent,treatmentfactcheck,-6.172772868560715,10.315373956959473,-0.5984051469502112,0.5535355487596285,-27.136134954150585,14.790589217029156,34,thermometer
1,panel_6_mturk,Panel 6 (MTurk),w1_ft_chris_coons,Republican,treatmentcontrol,-4.1008788265577465,3.0248690056741836,1.355721130027494,0.17618112141519315,-10.052901483511441,1.8511438303959489,308,thermometer
1,panel_6_mturk,Panel 6 (MTurk),w1_ft_chris_coons,Republican,treatmentfactcheck,-3.3046781157689673,3.285663313631549,-1.0057872034722881,0.315307452567592,-9.769864690517123,3.1605084589791885,308,thermometer
1,panel_6_mturk,Panel 6 (MTurk),w1_ft_donald_trump,Democrat,treatmentcontrol,1.0824839992534592,2.828172817983962,-0.38275030166830415,0.7021183517378001,-4.478297418195646,6.643265416702564,381,thermometer
1,panel_6_mturk,Panel 6 (MTurk),w1_ft_donald_trump,Democrat,treatmentfactcheck,0.7560991440812141,2.847857924668432,0.2654974946368663,0.790769835016961,-4.843387325179235,6.355585613341664,381,thermometer
1,panel_6_mturk,Panel 6 (MTurk),w1_ft_donald_trump,Independent,treatmentcontrol,10.001111910866378,16.31542859981491,-0.6129849332293872,0.5434446687195664,-22.999957374487316,43.00218119622007,39,thermometer
1,panel_6_mturk,Panel 6 (MTurk),w1_ft_donald_trump,Independent,treatmentfactcheck,-5.836489340918486,13.017094884106314,-0.44837111451378875,0.6563666139937709,-32.16604896825729,20.49307028642032,39,thermometer
1,panel_6_mturk,Panel 6 (MTurk),w1_ft_donald_trump,Republican,treatmentcontrol,0.6826869500167325,3.1680295486661545,-0.2154926081116151,0.8295168032876379,-5.5494629430140465,6.914836843047511,329,thermometer
1,panel_6_mturk,Panel 6 (MTurk),w1_ft_donald_trump,Republican,treatmentfactcheck,-0.8443313389405245,3.2126596306478583,-0.26281381659166253,0.7928585857112587,-7.164277559743985,5.475614881862935,329,thermometer
1,panel_6_mturk,Panel 6 (MTurk),w1_ft_hunter_biden,Democrat,treatmentcontrol,-1.4664090783300765,2.344091018746719,0.6255768511557628,0.5319856231902047,-6.0761124500665336,3.143294293406381,363,thermometer
1,panel_6_mturk,Panel 6 (MTurk),w1_ft_hunter_biden,Democrat,treatmentfactcheck,1.1307843337297265,2.529905167302126,0.44696708332968366,0.6551653846623962,-3.844326396450583,6.105895063910037,363,thermometer
1,panel_6_mturk,Panel 6 (MTurk),w1_ft_hunter_biden,Independent,treatmentcontrol,-15.41466758288109,9.091691008736788,1.695467605318763,0.09816691579168438,-33.81983380105877,2.990498635296589,38,thermometer
1,panel_6_mturk,Panel 6 (MTurk),w1_ft_hunter_biden,Independent,treatmentfactcheck,-7.196404433099699,8.55699302851511,-0.8409968792914263,0.4056108130321707,-24.519131180661095,10.1263223144617,38,thermometer
1,panel_6_mturk,Panel 6 (MTurk),w1_ft_hunter_biden,Republican,treatmentcontrol,-5.848361479012224,3.2830221500986814,1.7813956810606453,0.07578738443967598,-12.307167854556177,0.6104448965317291,323,thermometer
1,panel_6_mturk,Panel 6 (MTurk),w1_ft_hunter_biden,Republican,treatmentfactcheck,-0.18216527063635066,3.500864692113459,-0.05203436483755622,0.9585334764267479,-7.069541035877372,6.70521049460467,323,thermometer
1,panel_6_mturk,Panel 6 (MTurk),w1_ft_joe_biden,Democrat,treatmentcontrol,-2.3855212219020636,2.500143352397815,0.9541537766681176,0.34061396489925044,-7.3014105177541015,2.5303680739499743,379,thermometer
1,panel_6_mturk,Panel 6 (MTurk),w1_ft_joe_biden,Democrat,treatmentfactcheck,5.799573458838227,2.6502525171839646,2.188309763403445,0.029256917839794314,0.5885330726801845,11.010613844996268,379,thermometer
1,panel_6_mturk,Panel 6 (MTurk),w1_ft_joe_biden,Independent,treatmentcontrol,-12.578279164770995,11.639000219172466,1.080700999047263,0.2864679161542059,-36.120379226397006,10.963820896855017,39,thermometer
1,panel_6_mturk,Panel 6 (MTurk),w1_ft_joe_biden,Independent,treatmentfactcheck,-8.236012586693793,10.374077240556979,-0.7939031487538458,0.43205605031849814,-29.219564424928404,12.747539251540818,39,thermometer
1,panel_6_mturk,Panel 6 (MTurk),w1_ft_joe_biden,Republican,treatmentcontrol,-3.8942716305939102,3.572104892102382,1.0901896075906985,0.2764298828418191,-10.92139791351315,3.13285465232533,328,thermometer
1,panel_6_mturk,Panel 6 (MTurk),w1_ft_joe_biden,Republican,treatmentfactcheck,-0.024032471917754303,4.00814229205193,-0.005995912861030468,0.9952196274126163,-7.908941481289309,7.8608765374538,328,thermometer
1,panel_6_mturk,Panel 6 (MTurk),w1_ft_politifact,Democrat,treatmentcontrol,-2.863470413895526,2.584105818332188,1.1081088063737432,0.2685757263878651,-7.945799301087611,2.218858473296559,350,thermometer
1,panel_6_mturk,Panel 6 (MTurk),w1_ft_politifact,Democrat,treatmentfactcheck,5.142174822052174,2.9267517392754665,1.7569562710245958,0.07979962761187047,-0.6140580708251369,10.898407714929483,350,thermometer
1,panel_6_mturk,Panel 6 (MTurk),w1_ft_politifact,Independent,treatmentcontrol,8.11574472378837,10.251199591943411,-0.7916873192252222,0.43403180338385805,-12.717199360858661,28.948688808435403,34,thermometer
1,panel_6_mturk,Panel 6 (MTurk),w1_ft_politifact,Independent,treatmentfactcheck,-26.208137003333533,7.948873077644596,-3.297088373072816,0.0022940093063976937,-42.362190670640196,-10.05408333602687,34,thermometer
1,panel_6_mturk,Panel 6 (MTurk),w1_ft_politifact,Republican,treatmentcontrol,1.6643367384556718,3.1910705998052977,-0.5215606130924276,0.6023511253005254,-4.614720131230728,7.94339360814207,308,thermometer
1,panel_6_mturk,Panel 6 (MTurk),w1_ft_politifact,Republican,treatmentfactcheck,-2.751994328009926,3.275741516304156,-0.8401133954900246,0.4014964736214238,-9.197657821798355,3.6936691657785024,308,thermometer
1,panel_7_lucid,Panel 7 (Lucid),w1_ft_donald_trump,Democrat,treatmentcontrol,-0.12141682784644878,1.9098944040017087,0.06357253447732504,0.9493227596089296,-3.8690816965100727,3.6262480408171753,1045,thermometer
1,panel_7_lucid,Panel 7 (Lucid),w1_ft_donald_trump,Democrat,treatmentfactcheck,-1.539253003958121,1.9038864705635545,-0.808479406601644,0.4189986696753787,-5.275128885213717,2.196622877297475,1045,thermometer
1,panel_7_lucid,Panel 7 (Lucid),w1_ft_donald_trump,Independent,treatmentcontrol,-4.931095715616035,5.135937981031635,0.9601158997300715,0.3380051145655837,-15.050597505212906,5.188406073980836,230,thermometer
1,panel_7_lucid,Panel 7 (Lucid),w1_ft_donald_trump,Independent,treatmentfactcheck,11.394158977756554,5.485617107665861,2.077097025571438,0.038902972733421665,0.5856732945011895,22.202644661011917,230,thermometer
1,panel_7_lucid,Panel 7 (Lucid),w1_ft_donald_trump,Republican,treatmentcontrol,-3.0074637407789373,2.527724802917824,1.189790810023044,0.23451124217078753,-7.969851702209634,1.9549242206517592,738,thermometer
1,panel_7_lucid,Panel 7 (Lucid),w1_ft_donald_trump,Republican,treatmentfactcheck,4.2245395841923985,2.4795028094245986,1.7037849556511528,0.08884223941422649,-0.643179748869124,9.092258917253922,738,thermometer
1,panel_7_lucid,Panel 7 (Lucid),w1_ft_joe_biden,Democrat,treatmentcontrol,-1.2982791605444906,1.647069911606416,0.788235612463017,0.43073852680377955,-4.530238185111209,1.9336798640222281,1040,thermometer
1,panel_7_lucid,Panel 7 (Lucid),w1_ft_joe_biden,Democrat,treatmentfactcheck,1.331665073245767,1.6088334686837216,0.827720891668967,0.4080184735591519,-1.825264581953865,4.488594728445399,1040,thermometer
1,panel_7_lucid,Panel 7 (Lucid),w1_ft_joe_biden,Independent,treatmentcontrol,-1.788826157062879,5.1891482066499925,0.34472442987279955,0.7306207213910458,-12.013884494896763,8.436232180771006,227,thermometer
1,panel_7_lucid,Panel 7 (Lucid),w1_ft_joe_biden,Independent,treatmentfactcheck,-3.387429603577781,5.6368066788206965,-0.6009483377007496,0.5484739745633116,-14.494585312904176,7.719726105748615,227,thermometer
1,panel_7_lucid,Panel 7 (Lucid),w1_ft_joe_biden,Republican,treatmentcontrol,1.1722144753474766,2.6792312824505333,-0.437518956659584,0.6618633859465755,-4.087632005610694,6.432060956305647,736,thermometer
1,panel_7_lucid,Panel 7 (Lucid),w1_ft_joe_biden,Republican,treatmentfactcheck,-4.202580316720712,2.7181772012236887,-1.5461024081979513,0.12250968859843818,-9.538885129271407,1.1337244958299824,736,thermometer
1,panel_7_lucid,Panel 7 (Lucid),w1_ft_politifact,Democrat,treatmentcontrol,-1.9317733272198665,1.9147584025064022,1.008886199267329,0.31329304687640486,-5.689547780733226,1.8260011262934928,925,thermometer
1,panel_7_lucid,Panel 7 (Lucid),w1_ft_politifact,Democrat,treatmentfactcheck,2.8965243252610904,1.9081594631062988,1.517967644352862,0.12936424017864823,-0.848299499146512,6.641348149668692,925,thermometer
1,panel_7_lucid,Panel 7 (Lucid),w1_ft_politifact,Independent,treatmentcontrol,3.566134585081212,4.501292423878633,-0.7922468147511237,0.4291554725293967,-5.309946947036982,12.442216117199406,200,thermometer
1,panel_7_lucid,Panel 7 (Lucid),w1_ft_politifact,Independent,treatmentfactcheck,-4.977715202965716,4.437595437114287,-1.1217145126241301,0.26332877982791525,-13.728192887426438,3.772762481495005,200,thermometer
1,panel_7_lucid,Panel 7 (Lucid),w1_ft_politifact,Republican,treatmentcontrol,1.599364490791935,2.4092473858759145,-0.6638440287071078,0.5070223180615538,-3.1313621150155977,6.3300910965994674,659,thermometer
1,panel_7_lucid,Panel 7 (Lucid),w1_ft_politifact,Republican,treatmentfactcheck,-4.0690981889283835,2.515981258261058,-1.617300675657964,0.10629192560153024,-9.009404256269582,0.8712078784128146,659,thermometer
1,panel_7_lucid,Panel 7 (Lucid),w1_ft_the_u.s._postal_service,Democrat,treatmentcontrol,2.3270118325083766,1.9114594408312098,-1.2174005803107502,0.2237328610813592,-1.4238218880151616,6.077845553031915,1022,thermometer
1,panel_7_lucid,Panel 7 (Lucid),w1_ft_the_u.s._postal_service,Democrat,treatmentfactcheck,-1.0591744627556694,1.861562686328694,-0.5689706129878089,0.5695010949024605,-4.712096385971421,2.5937474604600825,1022,thermometer
1,panel_7_lucid,Panel 7 (Lucid),w1_ft_the_u.s._postal_service,Independent,treatmentcontrol,-1.8986838077350656,4.063300731862316,0.4672762202528016,0.6407465811615922,-9.904919265119105,6.107551649648975,229,thermometer
1,panel_7_lucid,Panel 7 (Lucid),w1_ft_the_u.s._postal_service,Independent,treatmentfactcheck,-3.6232459313639924,4.459840101243503,-0.8124161066567724,0.417396650016323,-12.410813554121201,5.164321691393216,229,thermometer
1,panel_7_lucid,Panel 7 (Lucid),w1_ft_the_u.s._postal_service,Republican,treatmentcontrol,-0.46671026345787675,2.3424840082283165,0.19923733174633804,0.8421331930396907,-5.065603939453467,4.132183412537714,722,thermometer
1,panel_7_lucid,Panel 7 (Lucid),w1_ft_the_u.s._postal_service,Republican,treatmentfactcheck,-4.27995973265967,2.4226818667762076,-1.7666206163316391,0.07771426407315517,-9.036302263464407,0.47638279814506657,722,thermometer
2,panel_1_lucid,Panel 1 (Lucid),w1_ft_antifa,Democrat,treatmentcontrol,-6.1685685417101626,2.4031501697842295,2.566867696937981,0.010433505073987492,-10.88542050548766,-1.4517165779326646,844,thermometer
2,panel_1_lucid,Panel 1 (Lucid),w1_ft_antifa,Democrat,treatmentfactcheck,0.6038506380431224,2.40512425228879,0.25106837514464364,0.8018223572596515,-4.116876012824417,5.324577288910662,844,thermometer
2,panel_1_lucid,Panel 1 (Lucid),w1_ft_antifa,Independent,treatmentcontrol,-7.0895125765156415,3.716877352611041,1.9073840495531507,0.05762611846194798,-14.41018371773256,0.2311585647012766,248,thermometer
2,panel_1_lucid,Panel 1 (Lucid),w1_ft_antifa,Independent,treatmentfactcheck,-1.3795572363636952,3.8610215579399507,-0.3573036865144463,0.7211683353943876,-8.984131295007714,6.225016822280324,248,thermometer
2,panel_1_lucid,Panel 1 (Lucid),w1_ft_antifa,Republican,treatmentcontrol,-2.372017075483717,2.236585183317627,1.0605529774480567,0.28921237985449194,-6.762269002903764,2.0182348519363305,802,thermometer
2,panel_1_lucid,Panel 1 (Lucid),w1_ft_antifa,Republican,treatmentfactcheck,-0.8385349750543177,2.136522924104822,-0.39247646987249346,0.69481047692592,-5.032372060040601,3.3553021099319653,802,thermometer
2,panel_1_lucid,Panel 1 (Lucid),w1_ft_donald_trump,Democrat,treatmentcontrol,-3.228322042338171,2.0343389038723223,1.5869145677709484,0.11289493534783372,-7.221101364786478,0.7644572801101361,871,thermometer
2,panel_1_lucid,Panel 1 (Lucid),w1_ft_donald_trump,Democrat,treatmentfactcheck,0.7073769599599259,2.101350276936234,0.3366297221952356,0.7364771359729727,-3.416925003199405,4.831678923119257,871,thermometer
2,panel_1_lucid,Panel 1 (Lucid),w1_ft_donald_trump,Independent,treatmentcontrol,-2.299807148252115,4.728737201215968,0.4863469992920589,0.6271324180647717,-11.611473569957226,7.011859273452997,259,thermometer
2,panel_1_lucid,Panel 1 (Lucid),w1_ft_donald_trump,Independent,treatmentfactcheck,-0.9703969936327845,5.00867269624491,-0.19374334329338552,0.8465287116903116,-10.833302750151027,8.892508762885459,259,thermometer
2,panel_1_lucid,Panel 1 (Lucid),w1_ft_donald_trump,Republican,treatmentcontrol,2.161153416558446,2.360370928042689,-0.9155990657580918,0.36014738146706815,-2.4719522443218294,6.7942590774387215,817,thermometer
2,panel_1_lucid,Panel 1 (Lucid),w1_ft_donald_trump,Republican,treatmentfactcheck,-1.72277429700052,2.2027006163716054,-0.7821191333020812,0.4343711720627068,-6.046393340808361,2.600844746807321,817,thermometer
2,panel_1_lucid,Panel 1 (Lucid),w1_ft_joe_biden,Democrat,treatmentcontrol,0.0011624234460777415,1.8767928846040225,-6.193669294110719e-4,0.9995059588708071,-3.6824144901172664,3.6847393370094217,869,thermometer
2,panel_1_lucid,Panel 1 (Lucid),w1_ft_joe_biden,Democrat,treatmentfactcheck,-2.451315199783182,1.9714065890315664,-1.2434346184200216,0.21404306517304467,-6.320590205125864,1.4179598055595002,869,thermometer
2,panel_1_lucid,Panel 1 (Lucid),w1_ft_joe_biden,Independent,treatmentcontrol,-6.222575600619526,4.755480212577059,1.30850625435521,0.19186160630138965,-15.5869034391702,3.141752237931148,259,thermometer
2,panel_1_lucid,Panel 1 (Lucid),w1_ft_joe_biden,Independent,treatmentfactcheck,2.690606417234915,5.239363078737436,0.5135369274471598,0.6080135840564356,-7.626566894670755,13.007779729140584,259,thermometer
2,panel_1_lucid,Panel 1 (Lucid),w1_ft_joe_biden,Republican,treatmentcontrol,-0.8475658964105452,2.4624123961643685,0.3442014415338288,0.7307844678162325,-5.681054742292869,3.985922949471779,807,thermometer
2,panel_1_lucid,Panel 1 (Lucid),w1_ft_joe_biden,Republican,treatmentfactcheck,-0.5167495800512262,2.3272014257587643,-0.22204763813374873,0.8243329785262249,-5.0848317384451285,4.0513325783426755,807,thermometer
2,panel_1_lucid,Panel 1 (Lucid),w1_ft_scientists,Democrat,treatmentcontrol,2.042276499201658,1.6830019724189567,-1.2134724335862308,0.22528125679102706,-1.260979484177553,5.345532482580869,863,thermometer
2,panel_1_lucid,Panel 1 (Lucid),w1_ft_scientists,Democrat,treatmentfactcheck,-0.4279422945764107,1.70682896280155,-0.25072359556987833,0.8020874961115815,-3.777963908559189,2.9220793194063677,863,thermometer
2,panel_1_lucid,Panel 1 (Lucid),w1_ft_scientists,Independent,treatmentcontrol,-1.4908826339381158,3.5061298862646333,0.4252217351612364,0.6710322533391444,-8.395412672700521,5.413647404824289,256,thermometer
2,panel_1_lucid,Panel 1 (Lucid),w1_ft_scientists,Independent,treatmentfactcheck,-0.19576537236295782,4.026537385203245,-0.04861878920641794,0.9612610050951085,-8.125120310766189,7.733589566040274,256,thermometer
2,panel_1_lucid,Panel 1 (Lucid),w1_ft_scientists,Republican,treatmentcontrol,-1.3821700816990476,2.10882923453756,0.6554205807954575,0.5123849592796723,-5.521646494484287,2.757306331086191,802,thermometer
2,panel_1_lucid,Panel 1 (Lucid),w1_ft_scientists,Republican,treatmentfactcheck,-0.8782308813361243,2.0508652051042127,-0.4282245752428658,0.6686026003961363,-4.903928175025479,3.1474664123532303,802,thermometer
2,panel_1_mturk,Panel 1 (MTurk),w1_ft_antifa,Democrat,treatmentcontrol,-0.6385518832953129,2.1865311109077052,0.2920387823936462,0.7703273234650387,-4.930106887823453,3.6530031212328273,861,thermometer
2,panel_1_mturk,Panel 1 (MTurk),w1_ft_antifa,Democrat,treatmentfactcheck,3.374346245103794,2.280451044053903,1.479683702880681,0.13932345839478996,-1.1015475767902636,7.850240066997852,861,thermometer
2,panel_1_mturk,Panel 1 (MTurk),w1_ft_antifa,Independent,treatmentcontrol,3.057605986678822,7.531172102259477,-0.4059933759529263,0.6861453110437516,-11.996992535614261,18.112204508971903,62,thermometer
2,panel_1_mturk,Panel 1 (MTurk),w1_ft_antifa,Independent,treatmentfactcheck,5.312695561893162,6.512145947789689,0.8158133439402357,0.41773014573796585,-7.704898702502759,18.330289826289082,62,thermometer
2,panel_1_mturk,Panel 1 (MTurk),w1_ft_antifa,Republican,treatmentcontrol,1.8624756787456085,1.70063009244705,-1.0951680127367835,0.27369610696334246,-1.4745742208443904,5.199525578335607,1042,thermometer
2,panel_1_mturk,Panel 1 (MTurk),w1_ft_antifa,Republican,treatmentfactcheck,-3.426219090101209,1.6275888697720617,-2.1050887934500553,0.035522493856962205,-6.619944344387079,-0.23249383581533856,1042,thermometer
2,panel_1_mturk,Panel 1 (MTurk),w1_ft_donald_trump,Democrat,treatmentcontrol,1.0790258576375196,2.046919609834915,-0.5271461822208755,0.598226776367875,-2.9384648286304165,5.096516543905456,868,thermometer
2,panel_1_mturk,Panel 1 (MTurk),w1_ft_donald_trump,Democrat,treatmentfactcheck,0.5224893696347188,2.161557040089527,0.2417189830961289,0.8090550118591733,-3.72000028881207,4.764979028081507,868,thermometer
2,panel_1_mturk,Panel 1 (MTurk),w1_ft_donald_trump,Independent,treatmentcontrol,0.9818097793946127,8.558748489949958,-0.1147141758573108,0.9090365066084756,-16.12148432131056,18.085103880099787,63,thermometer
2,panel_1_mturk,Panel 1 (MTurk),w1_ft_donald_trump,Independent,treatmentfactcheck,5.419247385916226,8.731339678207739,0.62066619621293,0.537058267227783,-12.028942683566303,22.867437455398754,63,thermometer
2,panel_1_mturk,Panel 1 (MTurk),w1_ft_donald_trump,Republican,treatmentcontrol,-0.028979022609812444,1.6056723029496496,0.018047905887507334,0.985604078117631,-3.1796846307548026,3.121726585535178,1046,thermometer
2,panel_1_mturk,Panel 1 (MTurk),w1_ft_donald_trump,Republican,treatmentfactcheck,0.9743016250063355,1.5570954947488302,0.6257173232419485,0.5316368665709197,-2.0810848935940776,4.029688143606749,1046,thermometer
2,panel_1_mturk,Panel 1 (MTurk),w1_ft_joe_biden,Democrat,treatmentcontrol,-2.52615449020313,1.6899263232942938,1.494831138720129,0.13532196476954036,-5.8429741795027015,0.7906651990964413,868,thermometer
2,panel_1_mturk,Panel 1 (MTurk),w1_ft_joe_biden,Democrat,treatmentfactcheck,0.3810512407620561,1.7195319691923934,0.22160171929866657,0.8246760664298445,-2.993875472421152,3.7559779539452647,868,thermometer
2,panel_1_mturk,Panel 1 (MTurk),w1_ft_joe_biden,Independent,treatmentcontrol,-0.834743369915857,9.067729341886777,0.09205649379717447,0.9269452562916889,-18.95515454241312,17.285667802581408,63,thermometer
2,panel_1_mturk,Panel 1 (MTurk),w1_ft_joe_biden,Independent,treatmentfactcheck,10.070319916856707,8.053108201149529,1.2504885896627136,0.2157457856443507,-6.022532694806674,26.16317252852009,63,thermometer
2,panel_1_mturk,Panel 1 (MTurk),w1_ft_joe_biden,Republican,treatmentcontrol,2.340865683878876,1.6679092921493817,-1.4034730155272874,0.16077290627621899,-0.9319671204944586,5.613698488252211,1045,thermometer
2,panel_1_mturk,Panel 1 (MTurk),w1_ft_joe_biden,Republican,treatmentfactcheck,-4.340366854567976,1.5617651155307304,-2.7791418897796296,0.005548002353828726,-7.404919661422353,-1.2758140477135984,1045,thermometer
2,panel_1_mturk,Panel 1 (MTurk),w1_ft_scientists,Democrat,treatmentcontrol,-1.170219908820806,1.3473330015172735,0.8685454208447244,0.3853367287446252,-3.814644229145687,1.4742044115040747,865,thermometer
2,panel_1_mturk,Panel 1 (MTurk),w1_ft_scientists,Democrat,treatmentfactcheck,0.888890835571486,1.3342649490529352,0.6662026430375938,0.5054592143586027,-1.7298846839617112,3.507666355104683,865,thermometer
2,panel_1_mturk,Panel 1 (MTurk),w1_ft_scientists,Independent,treatmentcontrol,-3.0564166981859637,8.114124636274582,0.37667854946695134,0.7076782339759657,-19.27120092591982,13.158367529547895,63,thermometer
2,panel_1_mturk,Panel 1 (MTurk),w1_ft_scientists,Independent,treatmentfactcheck,7.847967260288304,6.641815685332148,1.1815996757663472,0.24180570364335785,-5.424642299661108,21.120576820237716,63,thermometer
2,panel_1_mturk,Panel 1 (MTurk),w1_ft_scientists,Republican,treatmentcontrol,0.15245621333927808,1.3796647922126575,-0.11050235839879208,0.9120322381702248,-2.5547786777637937,2.85969110444235,1043,thermometer
2,panel_1_mturk,Panel 1 (MTurk),w1_ft_scientists,Republican,treatmentfactcheck,0.2274761196732064,1.35076781513369,0.16840504868758097,0.8662972866601634,-2.423055936772381,2.8780081761187937,1043,thermometer
2,panel_2_mturk,Panel 2 (MTurk),w1_ft_anthony_fauci,Democrat,treatmentcontrol,3.62013672454948,1.7022485613280127,-2.126679268111834,0.03370394825623553,0.27953479100060097,6.960738658098359,950,thermometer
2,panel_2_mturk,Panel 2 (MTurk),w1_ft_anthony_fauci,Democrat,treatmentfactcheck,-1.2925675574172892,1.542064842804555,-0.8382057106408672,0.40212601971257156,-4.318814671124203,1.7336795562896241,950,thermometer
2,panel_2_mturk,Panel 2 (MTurk),w1_ft_anthony_fauci,Independent,treatmentcontrol,-1.62873227139476,6.925706167847194,0.2351720145096828,0.8145609855283085,-15.370835851343768,12.113371308554248,99,thermometer
2,panel_2_mturk,Panel 2 (MTurk),w1_ft_anthony_fauci,Independent,treatmentfactcheck,0.658583146661013,6.950722060058179,0.09475032104153804,0.9247046605256951,-13.13315739067209,14.450323683994116,99,thermometer
2,panel_2_mturk,Panel 2 (MTurk),w1_ft_anthony_fauci,Republican,treatmentcontrol,-1.8911749151433437,1.978278482885625,0.9559700171154734,0.33934962161263493,-5.773863610523845,1.9915137802371583,881,thermometer
2,panel_2_mturk,Panel 2 (MTurk),w1_ft_anthony_fauci,Republican,treatmentfactcheck,1.1370634605692815,1.9816305808282326,0.5738019344120335,0.5662482914963058,-2.752204264457535,5.026331185596098,881,thermometer
2,panel_2_mturk,Panel 2 (MTurk),w1_ft_black_lives_matter_protestors,Democrat,treatmentcontrol,4.2626517343003885,1.84369229359042,-2.3120190658275566,0.02098881980457623,0.6444908858830312,7.880812582717746,954,thermometer
2,panel_2_mturk,Panel 2 (MTurk),w1_ft_black_lives_matter_protestors,Democrat,treatmentfactcheck,-2.7336892144451133,1.826836905613353,-1.4964057306075105,0.13487869862535623,-6.318772143583031,0.8513937146928048,954,thermometer
2,panel_2_mturk,Panel 2 (MTurk),w1_ft_black_lives_matter_protestors,Independent,treatmentcontrol,-0.8650507616833286,6.847418747051847,0.1263323879609051,0.8997150996372825,-14.445290846960845,12.715189323594188,103,thermometer
2,panel_2_mturk,Panel 2 (MTurk),w1_ft_black_lives_matter_protestors,Independent,treatmentfactcheck,2.3787144566880065,7.234750094210202,0.32879013451917777,0.7429818761570056,-11.969706001555474,16.727134914931487,103,thermometer
2,panel_2_mturk,Panel 2 (MTurk),w1_ft_black_lives_matter_protestors,Republican,treatmentcontrol,-3.328790001013696,2.230924414298771,1.4921124085057844,0.13602325275349558,-7.707262563732105,1.0496825617047132,892,thermometer
2,panel_2_mturk,Panel 2 (MTurk),w1_ft_black_lives_matter_protestors,Republican,treatmentfactcheck,2.079819395547556,2.273540085769255,0.9147933694091199,0.36054733321435195,-2.3822918360022145,6.541930627097327,892,thermometer
2,panel_2_mturk,Panel 2 (MTurk),w1_ft_donald_trump,Democrat,treatmentcontrol,-2.689691028539282,2.027524213852758,1.3265888565780708,0.18496085953432279,-6.668592413892904,1.28921035681434,958,thermometer
2,panel_2_mturk,Panel 2 (MTurk),w1_ft_donald_trump,Democrat,treatmentfactcheck,4.219658943128619,2.043852398487536,2.06456148509119,0.039233196610933864,0.20871442062292545,8.230603465634312,958,thermometer
2,panel_2_mturk,Panel 2 (MTurk),w1_ft_donald_trump,Independent,treatmentcontrol,2.4776603772514876,6.564362736140774,-0.3774411129979874,0.7066224251486044,-10.541204870623494,15.496525625126468,103,thermometer
2,panel_2_mturk,Panel 2 (MTurk),w1_ft_donald_trump,Independent,treatmentfactcheck,2.7844262170638507,6.9139426827194415,0.402726251119088,0.6879842664235272,-10.927748404592421,16.496600838720124,103,thermometer
2,panel_2_mturk,Panel 2 (MTurk),w1_ft_donald_trump,Republican,treatmentcontrol,-1.4993658103284726,1.988007667649906,0.754205245144213,0.4509250388183418,-5.401083399453933,2.402351778796988,892,thermometer
2,panel_2_mturk,Panel 2 (MTurk),w1_ft_donald_trump,Republican,treatmentfactcheck,3.859066240384456,1.8969240424023595,2.03438100531276,0.042208564045627055,0.1361118363777809,7.582020644391131,892,thermometer
2,panel_2_mturk,Panel 2 (MTurk),w1_ft_joe_biden,Democrat,treatmentcontrol,0.030126627296120763,1.6844796931436423,-0.01788482664335197,0.985734473296018,-3.27558685693042,3.335840111522662,954,thermometer
2,panel_2_mturk,Panel 2 (MTurk),w1_ft_joe_biden,Democrat,treatmentfactcheck,0.9382903563265889,1.6713516103051447,0.5613961482080254,0.5746593560222184,-2.3416598725529707,4.218240585206148,954,thermometer
2,panel_2_mturk,Panel 2 (MTurk),w1_ft_joe_biden,Independent,treatmentcontrol,0.22504714833710515,7.0855632754080915,-0.03176136315346695,0.9747238236486635,-13.827496441303337,14.277590737977546,103,thermometer
2,panel_2_mturk,Panel 2 (MTurk),w1_ft_joe_biden,Independent,treatmentfactcheck,-6.943556509668656,6.462719992556241,-1.0744015704945042,0.28515323564816003,-19.76083734861603,5.8737243292787165,103,thermometer
2,panel_2_mturk,Panel 2 (MTurk),w1_ft_joe_biden,Republican,treatmentcontrol,-4.044284117447033,2.069131331549884,1.9545806763351552,0.05094640843031811,-8.105248304857433,0.01668006996336846,887,thermometer
2,panel_2_mturk,Panel 2 (MTurk),w1_ft_joe_biden,Republican,treatmentfactcheck,1.5341106062206114,2.1389186833179274,0.717236526187556,0.47341699298003304,-2.6638211733106596,5.732042385751883,887,thermometer
2,panel_2_mturk,Panel 2 (MTurk),w1_ft_politifact,Democrat,treatmentcontrol,0.8445781305291827,1.657488403674014,-0.50955296499033,0.6104862235078543,-2.4082957423144293,4.097452003372795,925,thermometer
2,panel_2_mturk,Panel 2 (MTurk),w1_ft_politifact,Democrat,treatmentfactcheck,0.5463396555135616,1.5729614597290573,0.3473318765277749,0.7284210166944607,-2.540647393084164,3.633326704111287,925,thermometer
2,panel_2_mturk,Panel 2 (MTurk),w1_ft_politifact,Independent,treatmentcontrol,7.602293185532749,6.258220353714368,-1.214769176515277,0.22746487744709853,-4.82184505183723,20.02643142290273,95,thermometer
2,panel_2_mturk,Panel 2 (MTurk),w1_ft_politifact,Independent,treatmentfactcheck,-0.7046789933716013,6.942528223312851,-0.10150178302557063,0.9193660670218913,-14.48734011556868,13.077982128825477,95,thermometer
2,panel_2_mturk,Panel 2 (MTurk),w1_ft_politifact,Republican,treatmentcontrol,0.19159045795031177,1.8967164307288913,-0.10101165089643119,0.9195645654705218,-3.5311023290405226,3.9142832449411458,867,thermometer
2,panel_2_mturk,Panel 2 (MTurk),w1_ft_politifact,Republican,treatmentfactcheck,2.081178269196845,1.912037248922131,1.0884611533431492,0.2766940446361449,-1.6715847478266639,5.8339412862203535,867,thermometer
2,panel_3_lucid,Panel 3 (Lucid),w1_ft_amy_coney_barrett,Democrat,treatmentcontrol,-3.8518972247534222,2.3484227778144207,1.6402060400462573,0.10134168824318535,-8.46145120556264,0.7576567560557956,829,thermometer
2,panel_3_lucid,Panel 3 (Lucid),w1_ft_amy_coney_barrett,Democrat,treatmentfactcheck,0.2741262765551665,2.2591319896524964,0.12134141688522285,0.9034500212783869,-4.1601650931476986,4.708417646258031,829,thermometer
2,panel_3_lucid,Panel 3 (Lucid),w1_ft_amy_coney_barrett,Independent,treatmentcontrol,8.505077117292272,4.508256003998692,-1.8865559342123683,0.06037434676163352,-0.37375377672940147,17.383908011313945,251,thermometer
2,panel_3_lucid,Panel 3 (Lucid),w1_ft_amy_coney_barrett,Independent,treatmentfactcheck,-10.55397635675817,4.3474807733312355,-2.4276073678115977,0.015902823492652936,-19.116166828457438,-1.9917858850589045,251,thermometer
2,panel_3_lucid,Panel 3 (Lucid),w1_ft_amy_coney_barrett,Republican,treatmentcontrol,-4.4892285404592505,1.9658310866944635,2.2836288279517793,0.022649549673532623,-8.347910066861875,-0.6305470140566265,816,thermometer
2,panel_3_lucid,Panel 3 (Lucid),w1_ft_amy_coney_barrett,Republican,treatmentfactcheck,2.096459409017053,2.0623485215274946,1.0165398268689785,0.309673694554194,-1.9516738181378597,6.144592636171966,816,thermometer
2,panel_3_lucid,Panel 3 (Lucid),w1_ft_anthony_fauci,Democrat,treatmentcontrol,-0.5585472856825557,1.9730568716781534,0.2830872711780943,0.7771798529429391,-4.431261105034121,3.31416653366901,838,thermometer
2,panel_3_lucid,Panel 3 (Lucid),w1_ft_anthony_fauci,Democrat,treatmentfactcheck,0.28453932465241605,1.9867178429363515,0.1432208029258294,0.8861502310943241,-3.6149882337944605,4.184066883099293,838,thermometer
2,panel_3_lucid,Panel 3 (Lucid),w1_ft_anthony_fauci,Independent,treatmentcontrol,1.780422569189385,4.349950029053332,-0.4092972464736229,0.6826664631321238,-6.7861408206031495,10.34698595898192,254,thermometer
2,panel_3_lucid,Panel 3 (Lucid),w1_ft_anthony_fauci,Independent,treatmentfactcheck,-1.0964460507943503,4.3773728523921855,-0.25048038807001666,0.8024183570289186,-9.71701451027512,7.52412240868642,254,thermometer
2,panel_3_lucid,Panel 3 (Lucid),w1_ft_anthony_fauci,Republican,treatmentcontrol,0.6639337717677833,2.4771010260046253,-0.26802854013534433,0.7887457586367822,-4.198378463624087,5.526246007159653,808,thermometer
2,panel_3_lucid,Panel 3 (Lucid),w1_ft_anthony_fauci,Republican,treatmentfactcheck,-0.21273871096531877,2.565796488692489,-0.08291332219950494,0.9339409965626767,-5.249151650738446,4.823674228807809,808,thermometer
2,panel_3_lucid,Panel 3 (Lucid),w1_ft_black_lives_matter_protestors,Democrat,treatmentcontrol,2.692187395388131,2.264588694171025,-1.188819586672728,0.23483997221499553,-1.752602230182366,7.136977020958628,857,thermometer
2,panel_3_lucid,Panel 3 (Lucid),w1_ft_black_lives_matter_protestors,Democrat,treatmentfactcheck,-1.8756297275875955,2.225977559204426,-0.8426094503207631,0.3996819947662812,-6.2446358907691915,2.4933764355940005,857,thermometer
2,panel_3_lucid,Panel 3 (Lucid),w1_ft_black_lives_matter_protestors,Independent,treatmentcontrol,-4.857216620659835,4.608084808066364,1.0540640684731692,0.2928136815252562,-13.930334148400892,4.215900907081221,265,thermometer
2,panel_3_lucid,Panel 3 (Lucid),w1_ft_black_lives_matter_protestors,Independent,treatmentfactcheck,8.310887863031924,4.507433230313082,1.8438182971053478,0.06632597737435204,-0.5640511084660886,17.185826834529937,265,thermometer
2,panel_3_lucid,Panel 3 (Lucid),w1_ft_black_lives_matter_protestors,Republican,treatmentcontrol,2.9765404726868407,2.483058795168587,-1.19873942513099,0.23098160563592346,-1.8974844366468293,7.850565382020511,806,thermometer
2,panel_3_lucid,Panel 3 (Lucid),w1_ft_black_lives_matter_protestors,Republican,treatmentfactcheck,-0.15759054893921923,2.6215180062056707,-0.06011423479303597,0.9520795544687672,-5.30339864956684,4.988217551688401,806,thermometer
2,panel_3_lucid,Panel 3 (Lucid),w1_ft_donald_trump,Democrat,treatmentcontrol,-2.652726773200145,2.0052316230046427,1.3229029219204584,0.1862156636558209,-6.588390091960804,1.2829365455605135,869,thermometer
2,panel_3_lucid,Panel 3 (Lucid),w1_ft_donald_trump,Democrat,treatmentfactcheck,0.8736222072994074,1.9371333401234794,0.45098713093427,0.6521113340922859,-2.9283847742425153,4.67562918884133,869,thermometer
2,panel_3_lucid,Panel 3 (Lucid),w1_ft_donald_trump,Independent,treatmentcontrol,6.026281008068577,5.1197486709162074,-1.1770657888544636,0.24022937318565912,-4.054455471633982,16.107017487771135,264,thermometer
2,panel_3_lucid,Panel 3 (Lucid),w1_ft_donald_trump,Independent,treatmentfactcheck,-13.591187239105212,4.492566672325454,-3.025261110275322,0.0027292656117443234,-22.43700832373719,-4.745366154473233,264,thermometer
2,panel_3_lucid,Panel 3 (Lucid),w1_ft_donald_trump,Republican,treatmentcontrol,-4.665514415053424,2.1934507322191084,2.1270203823239444,0.03371415789251556,-8.970907524537573,-0.36012130556927513,826,thermometer
2,panel_3_lucid,Panel 3 (Lucid),w1_ft_donald_trump,Republican,treatmentfactcheck,-0.9503630072263306,2.449445128902519,-0.38799113971258603,0.6981225581249892,-5.758232190304464,3.8575061758518028,826,thermometer
2,panel_3_lucid,Panel 3 (Lucid),w1_ft_joe_biden,Democrat,treatmentcontrol,-3.0188901559414214,1.9338272684555773,1.5610960736697097,0.1188660056954481,-6.81442052987256,0.7766402179897178,867,thermometer
2,panel_3_lucid,Panel 3 (Lucid),w1_ft_joe_biden,Democrat,treatmentfactcheck,3.1021609183214705,1.8899918945525085,1.6413620223783902,0.10108495852109868,-0.6073335951087455,6.811655431751687,867,thermometer
2,panel_3_lucid,Panel 3 (Lucid),w1_ft_joe_biden,Independent,treatmentcontrol,-3.619566253576154,4.598757341789314,0.7870748518702728,0.4319440544398272,-12.674475757245078,5.435343250092769,264,thermometer
2,panel_3_lucid,Panel 3 (Lucid),w1_ft_joe_biden,Independent,treatmentfactcheck,2.659675432351628,4.611206773518234,0.5767851156937738,0.5645760998788094,-6.419746884083713,11.73909774878697,264,thermometer
2,panel_3_lucid,Panel 3 (Lucid),w1_ft_joe_biden,Republican,treatmentcontrol,3.2970175276263274,2.2934465501940613,-1.4375820214111152,0.1509318571428849,-1.2046593927383626,7.798694447991018,825,thermometer
2,panel_3_lucid,Panel 3 (Lucid),w1_ft_joe_biden,Republican,treatmentfactcheck,1.6998111689872248,2.512445955713052,0.6765563116380766,0.498877139651666,-3.231727336473053,6.6313496744475025,825,thermometer
2,panel_3_lucid,Panel 3 (Lucid),w1_ft_politifact,Democrat,treatmentcontrol,0.9511257447077588,2.2216840404500857,-0.42811026563213395,0.668689024444386,-3.4100622491296724,5.31231373854519,780,thermometer
2,panel_3_lucid,Panel 3 (Lucid),w1_ft_politifact,Democrat,treatmentfactcheck,1.3892669452528745,2.139797462197532,0.6492516089939294,0.5163668845609233,-2.811176876402846,5.589710766908595,780,thermometer
2,panel_3_lucid,Panel 3 (Lucid),w1_ft_politifact,Independent,treatmentcontrol,-6.894235501261927,3.759350180311449,1.8338902125608219,0.0678982724230832,-14.299460380954201,0.5109893784303461,242,thermometer
2,panel_3_lucid,Panel 3 (Lucid),w1_ft_politifact,Independent,treatmentfactcheck,4.154931464100166,3.909260648273674,1.062843293893688,0.28891246156131795,-3.5455893241494243,11.855452252349757,242,thermometer
2,panel_3_lucid,Panel 3 (Lucid),w1_ft_politifact,Republican,treatmentcontrol,-2.0729376413347356,2.1778099537196707,0.9518450578271007,0.34148180162785524,-6.34825692975693,2.2023816470874595,751,thermometer
2,panel_3_lucid,Panel 3 (Lucid),w1_ft_politifact,Republican,treatmentfactcheck,3.835954345482034,2.250308018306118,1.7046352384992545,0.08867607258067751,-0.5816879098135201,8.253596600777588,751,thermometer
2,panel_4_mturk,Panel 4 (MTurk),w1_ft_amy_coney_barrett,Democrat,treatmentcontrol,-0.3732957053360213,1.6771774245568973,0.2225737717848452,0.8239014259291071,-3.6634972497288034,2.916905839056761,1330,thermometer
2,panel_4_mturk,Panel 4 (MTurk),w1_ft_amy_coney_barrett,Democrat,treatmentfactcheck,-0.30909399733497817,1.6727126933018108,-0.18478606551663665,0.8534250100857059,-3.590536858564191,2.972348863894235,1330,thermometer
2,panel_4_mturk,Panel 4 (MTurk),w1_ft_amy_coney_barrett,Independent,treatmentcontrol,1.4143084469023337,4.809334447279404,-0.2940757109754334,0.7690426874475602,-8.076340237998354,10.904957131803021,178,thermometer
2,panel_4_mturk,Panel 4 (MTurk),w1_ft_amy_coney_barrett,Independent,treatmentfactcheck,2.38826792098062,5.087943976980477,0.46939744851474885,0.6393600391029125,-7.652183485199739,12.42871932716098,178,thermometer
2,panel_4_mturk,Panel 4 (MTurk),w1_ft_amy_coney_barrett,Republican,treatmentcontrol,-0.02802546682795607,1.595290046152706,0.01756763097440739,0.9859876558585478,-3.1589283678245175,3.102877434168605,904,thermometer
2,panel_4_mturk,Panel 4 (MTurk),w1_ft_amy_coney_barrett,Republican,treatmentfactcheck,-1.5158487591814411,1.64472041301865,-0.9216452517904345,0.35695954089405635,-4.7437632847356435,1.7120657663727614,904,thermometer
2,panel_4_mturk,Panel 4 (MTurk),w1_ft_donald_trump,Democrat,treatmentcontrol,-0.6593266015248588,1.555921256576917,0.4237531936387328,0.6718132730079288,-3.711610734991526,2.3929575319418084,1351,thermometer
2,panel_4_mturk,Panel 4 (MTurk),w1_ft_donald_trump,Democrat,treatmentfactcheck,-0.14548518061033475,1.5184383025933523,-0.09581237536082927,0.9236837980388338,-3.1242381985170806,2.8332678372964115,1351,thermometer
2,panel_4_mturk,Panel 4 (MTurk),w1_ft_donald_trump,Independent,treatmentcontrol,-1.4889865835327183,5.047853933170191,0.29497418175046003,0.7683498131616565,-11.44882680378822,8.470853636722785,182,thermometer
2,panel_4_mturk,Panel 4 (MTurk),w1_ft_donald_trump,Independent,treatmentfactcheck,-1.2602547991809643,5.199176337697567,-0.24239508670695764,0.8087469740684355,-11.518666846353616,8.998157247991687,182,thermometer
2,panel_4_mturk,Panel 4 (MTurk),w1_ft_donald_trump,Republican,treatmentcontrol,-1.5000192661425729,1.9788939653028603,0.7580089142942037,0.44863997612227524,-5.383695028007541,2.3836564957223954,919,thermometer
2,panel_4_mturk,Panel 4 (MTurk),w1_ft_donald_trump,Republican,treatmentfactcheck,1.5287342599037252,1.989390321306145,0.7684435997959548,0.4424211049488297,-2.3755411116991114,5.433009631506562,919,thermometer
2,panel_4_mturk,Panel 4 (MTurk),w1_ft_hunter_biden,Democrat,treatmentcontrol,-0.3148045154777125,1.3381700712301778,0.2352500046487463,0.8140513529062767,-2.9399877567466395,2.3103787257912143,1314,thermometer
2,panel_4_mturk,Panel 4 (MTurk),w1_ft_hunter_biden,Democrat,treatmentfactcheck,0.9424539592196798,1.4028413483012478,0.6718179217920344,0.5018177145086855,-1.809599518059203,3.6945074364985624,1314,thermometer
2,panel_4_mturk,Panel 4 (MTurk),w1_ft_hunter_biden,Independent,treatmentcontrol,-1.3955991989780476,4.152757292973107,0.33606567890195393,0.7372127627689169,-9.589947890207725,6.7987494922516305,180,thermometer
2,panel_4_mturk,Panel 4 (MTurk),w1_ft_hunter_biden,Independent,treatmentfactcheck,-0.2509529392770688,4.197245216817769,-0.059789916079131096,0.9523892861722133,-8.533086573091492,8.031180694537355,180,thermometer
2,panel_4_mturk,Panel 4 (MTurk),w1_ft_hunter_biden,Republican,treatmentcontrol,1.019825251682904,2.086475782386339,-0.488778858730156,0.625116167506119,-3.0750444703586775,5.114694973724485,909,thermometer
2,panel_4_mturk,Panel 4 (MTurk),w1_ft_hunter_biden,Republican,treatmentfactcheck,0.9641789512395352,2.1437425420478555,0.4497643407862228,0.6529876016718095,-3.243081205523112,5.171439108002183,909,thermometer
2,panel_4_mturk,Panel 4 (MTurk),w1_ft_joe_biden,Democrat,treatmentcontrol,-0.277774643143,1.4301553315142097,0.19422690460406125,0.8460275474176677,-3.083352283771924,2.5278029974859235,1345,thermometer
2,panel_4_mturk,Panel 4 (MTurk),w1_ft_joe_biden,Democrat,treatmentfactcheck,1.113433952163913,1.3903313414736507,0.800840719726388,0.4233653013046098,-1.6140197997122236,3.8408877040400498,1345,thermometer
2,panel_4_mturk,Panel 4 (MTurk),w1_ft_joe_biden,Independent,treatmentcontrol,-0.1399061175952698,4.753523522698071,0.029432086940817313,0.9765520551646575,-9.518664666759074,9.238852431568533,183,thermometer
2,panel_4_mturk,Panel 4 (MTurk),w1_ft_joe_biden,Independent,treatmentfactcheck,3.0912313710283925,5.15678609319539,0.5994492141350231,0.5496148026595831,-7.0831690346551,13.265631776711885,183,thermometer
2,panel_4_mturk,Panel 4 (MTurk),w1_ft_joe_biden,Republican,treatmentcontrol,0.6003128021255919,2.1825188709149326,-0.27505503394522085,0.7833358499150955,-3.6829929048049777,4.883618509056161,918,thermometer
2,panel_4_mturk,Panel 4 (MTurk),w1_ft_joe_biden,Republican,treatmentfactcheck,1.8896297348188724,2.2154895323510133,0.8529174736445955,0.39392754625310733,-2.4583825935170998,6.237642063154845,918,thermometer
2,panel_4_mturk,Panel 4 (MTurk),w1_ft_politifact,Democrat,treatmentcontrol,1.6943855338819103,1.4355675932437215,-1.180289623321309,0.23810571383130455,-1.1219550759778651,4.510726143741685,1272,thermometer
2,panel_4_mturk,Panel 4 (MTurk),w1_ft_politifact,Democrat,treatmentfactcheck,3.0509571760666807,1.466903971920849,2.0798615549943467,0.037738083922559416,0.17313989575983513,5.928774456373526,1272,thermometer
2,panel_4_mturk,Panel 4 (MTurk),w1_ft_politifact,Independent,treatmentcontrol,-9.077446726541357,4.3036035492173745,2.1092664839427697,0.03638616255437055,-17.57283203571638,-0.582061417366333,170,thermometer
2,panel_4_mturk,Panel 4 (MTurk),w1_ft_politifact,Independent,treatmentfactcheck,4.611006940991685,4.430438618723887,1.0407563083042572,0.2994665508231004,-4.134752914502729,13.356766796486099,170,thermometer
2,panel_4_mturk,Panel 4 (MTurk),w1_ft_politifact,Republican,treatmentcontrol,2.141942750678188,1.9896123264202896,-1.0765628671651684,0.28197403532212517,-1.7630583518507486,6.046943853207124,870,thermometer
2,panel_4_mturk,Panel 4 (MTurk),w1_ft_politifact,Republican,treatmentfactcheck,2.57095029657564,1.9482096283273502,1.319647669939373,0.1872998292271162,-1.252789959529264,6.394690552680544,870,thermometer
2,panel_4_mturk,Panel 4 (MTurk),w1_ft_the_world_health_organization_(who),Democrat,treatmentcontrol,0.6161856591268177,1.3793644316761986,-0.44671708576538477,0.6551514751457304,-2.0897612540813584,3.322132572334994,1341,thermometer
2,panel_4_mturk,Panel 4 (MTurk),w1_ft_the_world_health_organization_(who),Democrat,treatmentfactcheck,0.37487604957022924,1.3772664570249151,0.27218846989130413,0.7855190084842928,-2.326955194202618,3.0767072933430764,1341,thermometer
2,panel_4_mturk,Panel 4 (MTurk),w1_ft_the_world_health_organization_(who),Independent,treatmentcontrol,-5.334190858674935,4.791553824775689,1.1132486566452477,0.2670697961701294,-14.788329416037781,4.119947698687911,182,thermometer
2,panel_4_mturk,Panel 4 (MTurk),w1_ft_the_world_health_organization_(who),Independent,treatmentfactcheck,3.4463809314875857,4.826807298229085,0.7140083948973961,0.47613666966658796,-6.07731569301694,12.97007755599211,182,thermometer
2,panel_4_mturk,Panel 4 (MTurk),w1_ft_the_world_health_organization_(who),Republican,treatmentcontrol,-0.935570343358337,2.273977886808431,0.4114245564064947,0.6808577033055184,-5.398394864073898,3.5272541773572246,914,thermometer
2,panel_4_mturk,Panel 4 (MTurk),w1_ft_the_world_health_organization_(who),Republican,treatmentfactcheck,0.7931605337216461,2.2895805391971695,0.346421765971056,0.7291055022391186,-3.700285172922154,5.286606240365446,914,thermometer
2,panel_5_lucid,Panel 5 (Lucid),w1_ft_barack_obama,Democrat,treatmentcontrol,1.896445168177586,2.148767713171136,-0.8825733728932599,0.3777352899294003,-2.321524370545039,6.114414706900211,790,thermometer
2,panel_5_lucid,Panel 5 (Lucid),w1_ft_barack_obama,Democrat,treatmentfactcheck,3.0483762853773824,1.4549266581262914,2.095209588985877,0.03647020157010456,0.1923968849816533,5.904355685773112,790,thermometer
2,panel_5_lucid,Panel 5 (Lucid),w1_ft_barack_obama,Independent,treatmentcontrol,0.3074179686871882,5.567300644358459,-0.05521849605853522,0.9560163969665452,-10.666939775440259,11.281775712814635,212,thermometer
2,panel_5_lucid,Panel 5 (Lucid),w1_ft_barack_obama,Independent,treatmentfactcheck,10.544504455675062,5.579893135235875,1.8897323300133992,0.06015833640883562,-0.45467582070029877,21.543684732050423,212,thermometer
2,panel_5_lucid,Panel 5 (Lucid),w1_ft_barack_obama,Republican,treatmentcontrol,-0.66415961230363,2.9575841575711483,0.22456152620490658,0.8223771721675349,-6.469614248828615,5.141295024221355,808,thermometer
2,panel_5_lucid,Panel 5 (Lucid),w1_ft_barack_obama,Republican,treatmentfactcheck,1.0734099696471855,2.350837932837924,0.45660738864774414,0.6480759836224199,-3.541059898260344,5.687879837554715,808,thermometer
2,panel_5_lucid,Panel 5 (Lucid),w1_ft_donald_trump,Democrat,treatmentcontrol,-2.0668584152765157,2.5178703844835626,0.8208756209269472,0.411964748923598,-7.0093659367294165,2.8756491061763856,790,thermometer
2,panel_5_lucid,Panel 5 (Lucid),w1_ft_donald_trump,Democrat,treatmentfactcheck,-2.889656364626483,2.019671405514299,-1.430755694583222,0.15289566558567322,-6.854213545223855,1.0749008159708895,790,thermometer
2,panel_5_lucid,Panel 5 (Lucid),w1_ft_donald_trump,Independent,treatmentcontrol,1.7162355437440089,5.349199539118528,-0.3208396940875419,0.7486509318242572,-8.828774131726135,12.261245219214153,210,thermometer
2,panel_5_lucid,Panel 5 (Lucid),w1_ft_donald_trump,Independent,treatmentfactcheck,-1.3927290684889244,5.680134521571751,-0.24519297266634843,0.8065464575196405,-12.590119079820653,9.804660942842805,210,thermometer
2,panel_5_lucid,Panel 5 (Lucid),w1_ft_donald_trump,Republican,treatmentcontrol,1.41424680078091,2.7981746305900943,-0.5054176338103193,0.6134030322926236,-4.0782818464033355,6.906775447965154,810,thermometer
2,panel_5_lucid,Panel 5 (Lucid),w1_ft_donald_trump,Republican,treatmentfactcheck,0.5396481070224097,2.112683302144124,0.2554325612715974,0.7984538703514579,-3.607331653496433,4.686627867541253,810,thermometer
2,panel_5_lucid,Panel 5 (Lucid),w1_ft_joe_biden,Democrat,treatmentcontrol,-1.316071275482054,2.239693303431957,0.587612274174055,0.5569606977484476,-5.712533696093458,3.08039114512935,789,thermometer
2,panel_5_lucid,Panel 5 (Lucid),w1_ft_joe_biden,Democrat,treatmentfactcheck,3.5618491609028324,1.706385981262696,2.087364289213819,0.03717553876602939,0.21225579015698148,6.911442531648683,789,thermometer
2,panel_5_lucid,Panel 5 (Lucid),w1_ft_joe_biden,Independent,treatmentcontrol,-4.774278734193858,5.573912931447059,0.8565398837248064,0.3926944951845709,-15.76350820996598,6.214950741578264,206,thermometer
2,panel_5_lucid,Panel 5 (Lucid),w1_ft_joe_biden,Independent,treatmentfactcheck,9.03935527884718,5.734989718942756,1.5761763702888703,0.11651960308722627,-2.2674446008370186,20.34615515853138,206,thermometer
2,panel_5_lucid,Panel 5 (Lucid),w1_ft_joe_biden,Republican,treatmentcontrol,-1.5463638135167241,2.718639190939005,0.5688006774384127,0.5696500632705973,-6.882822183520561,3.7900945564871127,805,thermometer
2,panel_5_lucid,Panel 5 (Lucid),w1_ft_joe_biden,Republican,treatmentfactcheck,1.4890793208378261,2.183630877655611,0.6819281299211756,0.49548054729462654,-2.79720306371033,5.775361705385982,805,thermometer
2,panel_5_lucid,Panel 5 (Lucid),w1_ft_kamala_harris,Democrat,treatmentcontrol,-3.696838342035089,2.5382898469378588,1.456428763048822,0.14567653305310757,-8.679526700863198,1.2858500167930198,780,thermometer
2,panel_5_lucid,Panel 5 (Lucid),w1_ft_kamala_harris,Democrat,treatmentfactcheck,9.112298961655902,1.8968895010436362,4.803811163825026,1.8669794427530403e-6,5.388685897436457,12.835912025875349,780,thermometer
2,panel_5_lucid,Panel 5 (Lucid),w1_ft_kamala_harris,Independent,treatmentcontrol,-0.13021051868877967,5.479140785543778,0.023764769657375562,0.9810635856164946,-10.933535678930285,10.673114641552727,203,thermometer
2,panel_5_lucid,Panel 5 (Lucid),w1_ft_kamala_harris,Independent,treatmentfactcheck,9.146369468640215,5.151088731931845,1.7756186982261506,0.077293967233682,-1.0101292742175012,19.30286821149793,203,thermometer
2,panel_5_lucid,Panel 5 (Lucid),w1_ft_kamala_harris,Republican,treatmentcontrol,0.30617335199988066,2.6889579749693513,-0.1138631971380551,0.909374915994502,-4.9721030825061545,5.584449786505917,797,thermometer
2,panel_5_lucid,Panel 5 (Lucid),w1_ft_kamala_harris,Republican,treatmentfactcheck,0.9373622438799653,2.111495465007809,0.4439328709979013,0.6572116179441334,-3.2073870821648613,5.082111569924792,797,thermometer
2,panel_5_lucid,Panel 5 (Lucid),w1_ft_politifact,Democrat,treatmentcontrol,0.4447413416610161,2.272906139238867,-0.19567079079206834,0.8449244710094966,-4.017766706429264,4.907249389751297,702,thermometer
2,panel_5_lucid,Panel 5 (Lucid),w1_ft_politifact,Democrat,treatmentfactcheck,-1.7264243671266568,1.945350265484533,-0.8874619639238347,0.3751341813169188,-5.545825910468153,2.09297717621484,702,thermometer
2,panel_5_lucid,Panel 5 (Lucid),w1_ft_politifact,Independent,treatmentcontrol,2.8352230413194963,5.0801111667930154,-0.5581025588283184,0.5774836054762306,-7.190551039716286,12.860997122355279,176,thermometer
2,panel_5_lucid,Panel 5 (Lucid),w1_ft_politifact,Independent,treatmentfactcheck,5.525721083499623,4.643956798024228,1.1898734901777168,0.2356987280062848,-3.63928735242271,14.690729519421957,176,thermometer
2,panel_5_lucid,Panel 5 (Lucid),w1_ft_politifact,Republican,treatmentcontrol,-0.8977817991491873,2.5062432573874256,0.3582181404390326,0.7202862498501121,-5.8182926974147655,4.0227290991163915,712,thermometer
2,panel_5_lucid,Panel 5 (Lucid),w1_ft_politifact,Republican,treatmentfactcheck,0.7650095580078774,2.0436370834907196,0.3743372853173964,0.7082648513939618,-3.247265990973803,4.777285106989558,712,thermometer
2,panel_6_mturk,Panel 6 (MTurk),w1_ft_chris_coons,Democrat,treatmentcontrol,-4.1688608856956,2.6765394436547902,1.5575563048691927,0.12028264406802318,-9.433802960910988,1.096081189519789,335,thermometer
2,panel_6_mturk,Panel 6 (MTurk),w1_ft_chris_coons,Democrat,treatmentfactcheck,0.8744359980088231,2.950460501309432,0.29637271796071946,0.7671291073419205,-4.929328139086641,6.678200135104287,335,thermometer
2,panel_6_mturk,Panel 6 (MTurk),w1_ft_chris_coons,Independent,treatmentcontrol,-2.4436272815849795,8.28209257094018,0.29504950115615286,0.7697502988453211,-19.274864434539225,14.387609871369264,34,thermometer
2,panel_6_mturk,Panel 6 (MTurk),w1_ft_chris_coons,Independent,treatmentfactcheck,-8.565052789851242,10.871117327995103,-0.7878723530832175,0.43623002532735833,-30.657821289817996,13.52771571011551,34,thermometer
2,panel_6_mturk,Panel 6 (MTurk),w1_ft_chris_coons,Republican,treatmentcontrol,1.3853279974175086,3.3151132247697133,-0.41788255890226533,0.6763241634933479,-5.137807049813526,7.908463044648544,308,thermometer
2,panel_6_mturk,Panel 6 (MTurk),w1_ft_chris_coons,Republican,treatmentfactcheck,5.2527530571807874,3.104789017588341,1.6918228670046274,0.09169115805517308,-0.8565278879053064,11.362034002266881,308,thermometer
2,panel_6_mturk,Panel 6 (MTurk),w1_ft_donald_trump,Democrat,treatmentcontrol,-0.21676436434298887,2.901161365202573,0.07471641079428663,0.9404795635166661,-5.921056586534636,5.487527857848658,381,thermometer
2,panel_6_mturk,Panel 6 (MTurk),w1_ft_donald_trump,Democrat,treatmentfactcheck,1.2428638773948733,2.806126954761487,0.4429107796730149,0.6580816311996303,-4.274570745346492,6.760298500136238,381,thermometer
2,panel_6_mturk,Panel 6 (MTurk),w1_ft_donald_trump,Independent,treatmentcontrol,9.338572805133888,13.691843371494528,-0.6820537272998719,0.49923594853647735,-18.355794460953597,37.032940071221375,39,thermometer
2,panel_6_mturk,Panel 6 (MTurk),w1_ft_donald_trump,Independent,treatmentfactcheck,-2.6027533972284096,13.047900810276232,-0.19947679209659072,0.8429262154391733,-28.994623891714433,23.789117097257616,39,thermometer
2,panel_6_mturk,Panel 6 (MTurk),w1_ft_donald_trump,Republican,treatmentcontrol,-4.755842286685388,3.1289457215321574,1.5199503954183597,0.12948386327002254,-10.911106448269965,1.3994218748991907,329,thermometer
2,panel_6_mturk,Panel 6 (MTurk),w1_ft_donald_trump,Republican,treatmentfactcheck,3.152609865492286,3.2278176478630303,0.9767001142643434,0.32943524480297304,-3.1971552171351947,9.502374948119765,329,thermometer
2,panel_6_mturk,Panel 6 (MTurk),w1_ft_hunter_biden,Democrat,treatmentcontrol,2.5399313515833444,2.439264393997374,-1.0412693916386002,0.2984435450370981,-2.2569324270160886,7.336795130182777,363,thermometer
2,panel_6_mturk,Panel 6 (MTurk),w1_ft_hunter_biden,Democrat,treatmentfactcheck,3.2034977699946263,2.538282938634848,1.2620727662919828,0.20773288166895681,-1.7880880204334448,8.195083560422697,363,thermometer
2,panel_6_mturk,Panel 6 (MTurk),w1_ft_hunter_biden,Independent,treatmentcontrol,-17.27186119146689,9.288381307485292,1.859512504891234,0.07070985227504373,-36.07520610252914,1.5314837195953608,38,thermometer
2,panel_6_mturk,Panel 6 (MTurk),w1_ft_hunter_biden,Independent,treatmentfactcheck,0.5663908184990736,10.995169834216233,0.05151269394097972,0.9591868262967622,-21.692166825109204,22.82494846210735,38,thermometer
2,panel_6_mturk,Panel 6 (MTurk),w1_ft_hunter_biden,Republican,treatmentcontrol,4.4671798816859685,3.376214519366786,-1.3231327144827854,0.18672711991361857,-2.174967160250622,11.10932692362256,323,thermometer
2,panel_6_mturk,Panel 6 (MTurk),w1_ft_hunter_biden,Republican,treatmentfactcheck,7.2753971513184394,3.143713025225526,2.3142688575387735,0.021279979531603373,1.0906585775634987,13.46013572507338,323,thermometer
2,panel_6_mturk,Panel 6 (MTurk),w1_ft_joe_biden,Democrat,treatmentcontrol,-4.105095266935407,2.441158668128193,1.6816175533903621,0.09346677786190638,-8.90500634188177,0.694815808010957,379,thermometer
2,panel_6_mturk,Panel 6 (MTurk),w1_ft_joe_biden,Democrat,treatmentfactcheck,0.2549761387990552,2.667556403995806,0.09558416025135191,0.9239013641055287,-4.990087893192489,5.500040170790599,379,thermometer
2,panel_6_mturk,Panel 6 (MTurk),w1_ft_joe_biden,Independent,treatmentcontrol,-13.286902375007392,10.448926157595997,1.2716045816199293,0.2110448334375201,-34.42185043811141,7.848045688096628,39,thermometer
2,panel_6_mturk,Panel 6 (MTurk),w1_ft_joe_biden,Independent,treatmentfactcheck,-2.3389775001693827,10.7829841187433,-0.21691374803230054,0.8294063167554088,-24.149621568052044,19.47166656771328,39,thermometer
2,panel_6_mturk,Panel 6 (MTurk),w1_ft_joe_biden,Republican,treatmentcontrol,7.1365172756213315,3.6906387186449394,-1.9336808123666969,0.05401253999607426,-0.12379145660217716,14.39682600784484,328,thermometer
2,panel_6_mturk,Panel 6 (MTurk),w1_ft_joe_biden,Republican,treatmentfactcheck,6.392834372595052,3.5722055784083664,1.7896042745231495,0.07443998289805312,-0.6344899827236503,13.420158727913755,328,thermometer
2,panel_6_mturk,Panel 6 (MTurk),w1_ft_politifact,Democrat,treatmentcontrol,-1.8302794435273766,2.5694445171649725,0.7123249524558084,0.47673814561549577,-6.8837729966873376,3.2232141096325844,350,thermometer
2,panel_6_mturk,Panel 6 (MTurk),w1_ft_politifact,Democrat,treatmentfactcheck,4.946930368298743,2.9524480040514836,1.675535136100734,0.09472236705192807,-0.8598410388443556,10.75370177544184,350,thermometer
2,panel_6_mturk,Panel 6 (MTurk),w1_ft_politifact,Independent,treatmentcontrol,8.628765628089443,10.428783191375329,-0.8273990809613808,0.4137806294009051,-12.56507175144798,29.822603007626867,34,thermometer
2,panel_6_mturk,Panel 6 (MTurk),w1_ft_politifact,Independent,treatmentfactcheck,-23.76934678766761,11.783283304574166,-2.017209140549185,0.05162428580058099,-47.715859585123596,0.17716600978837604,34,thermometer
2,panel_6_mturk,Panel 6 (MTurk),w1_ft_politifact,Republican,treatmentcontrol,5.302383859142295,3.3344722347515536,-1.5901718430525085,0.11282194805741888,-1.2588438346833408,11.863611552967932,308,thermometer
2,panel_6_mturk,Panel 6 (MTurk),w1_ft_politifact,Republican,treatmentfactcheck,0.9107555720151586,3.003843823895882,0.30319671241560753,0.7619446440218804,-4.999895918757034,6.821407062787352,308,thermometer
2,panel_7_lucid,Panel 7 (Lucid),w1_ft_donald_trump,Democrat,treatmentcontrol,-0.3915146836735176,1.9673905980884847,0.1990020101010511,0.8422998832931018,-4.252000693762238,3.4689713264152022,1045,thermometer
2,panel_7_lucid,Panel 7 (Lucid),w1_ft_donald_trump,Democrat,treatmentfactcheck,-2.2402839569337187,1.891748847538851,-1.1842396308835124,0.23658750122666056,-5.952342948991956,1.4717750351245185,1045,thermometer
2,panel_7_lucid,Panel 7 (Lucid),w1_ft_donald_trump,Independent,treatmentcontrol,-1.3877826154246442,5.470120414121636,0.25370238867904105,0.7999521312377622,-12.165734671009115,9.390169440159827,230,thermometer
2,panel_7_lucid,Panel 7 (Lucid),w1_ft_donald_trump,Independent,treatmentfactcheck,6.028119586538253,5.236921653674157,1.1510807274172226,0.2508942665701926,-4.290353541848187,16.346592714924693,230,thermometer
2,panel_7_lucid,Panel 7 (Lucid),w1_ft_donald_trump,Republican,treatmentcontrol,-0.8523025429628327,2.5510296027481028,0.3341013926473796,0.7383979654688191,-5.860442105987118,4.155837020061452,738,thermometer
2,panel_7_lucid,Panel 7 (Lucid),w1_ft_donald_trump,Republican,treatmentfactcheck,-1.4420610204983804,2.506414537771561,-0.5753481711690472,0.5652312214825703,-6.362613018182295,3.478490977185534,738,thermometer
2,panel_7_lucid,Panel 7 (Lucid),w1_ft_joe_biden,Democrat,treatmentcontrol,1.7172401568790165,1.6853226919330166,-1.0189384888121287,0.3084691397410881,-1.5897802950868256,5.024260608844859,1040,thermometer
2,panel_7_lucid,Panel 7 (Lucid),w1_ft_joe_biden,Democrat,treatmentfactcheck,0.7156370977781785,1.6139293989996337,0.44341288920181626,0.6575593407086,-2.4512920345881586,3.8825662301445156,1040,thermometer
2,panel_7_lucid,Panel 7 (Lucid),w1_ft_joe_biden,Independent,treatmentcontrol,-1.470371084874026,5.507695131348413,0.2669666802189257,0.7897371866502901,-12.323116426175034,9.382374256426981,227,thermometer
2,panel_7_lucid,Panel 7 (Lucid),w1_ft_joe_biden,Independent,treatmentfactcheck,-0.5912989283808288,5.079336881361918,-0.11641262278754078,0.9074284554266427,-10.599977397590708,9.417379540829051,227,thermometer
2,panel_7_lucid,Panel 7 (Lucid),w1_ft_joe_biden,Republican,treatmentcontrol,2.4006560740808256,2.663870224638127,-0.9011910760055671,0.3677815300992886,-2.8290336949847905,7.630345843146442,736,thermometer
2,panel_7_lucid,Panel 7 (Lucid),w1_ft_joe_biden,Republican,treatmentfactcheck,2.6941519108055023,2.638793419365211,1.0209787136173805,0.3075999955978357,-2.4863072648311744,7.874611086442179,736,thermometer
2,panel_7_lucid,Panel 7 (Lucid),w1_ft_politifact,Democrat,treatmentcontrol,-0.16591280195351413,1.8619894179775158,0.08910512613639224,0.9290176517664117,-3.820126439783325,3.4883008358762964,925,thermometer
2,panel_7_lucid,Panel 7 (Lucid),w1_ft_politifact,Democrat,treatmentfactcheck,2.2047973970559562,2.026689619152206,1.087881131980266,0.27693095820586783,-1.7726456401866573,6.18224043429857,925,thermometer
2,panel_7_lucid,Panel 7 (Lucid),w1_ft_politifact,Independent,treatmentcontrol,-1.3408382112269914,4.543446377933985,0.29511478725467055,0.7682123224795616,-10.300042966158172,7.618366543704189,200,thermometer
2,panel_7_lucid,Panel 7 (Lucid),w1_ft_politifact,Independent,treatmentfactcheck,1.1920092424704538,4.332840432171587,0.27511034877253204,0.783515461075982,-7.351902443337006,9.735920928277913,200,thermometer
2,panel_7_lucid,Panel 7 (Lucid),w1_ft_politifact,Republican,treatmentcontrol,0.9404358558115617,2.472737886836961,-0.3803216915216736,0.7038291859656107,-3.9149588118452003,5.795830523468324,659,thermometer
2,panel_7_lucid,Panel 7 (Lucid),w1_ft_politifact,Republican,treatmentfactcheck,3.6761739335737635,2.4003580435312046,1.5315106608702784,0.12612311650299476,-1.0370978236429673,8.389445690790495,659,thermometer
2,panel_7_lucid,Panel 7 (Lucid),w1_ft_the_u.s._postal_service,Democrat,treatmentcontrol,0.2031863457328844,1.8648008397412759,-0.10895873779265064,0.9132566066326628,-3.456089766723136,3.8624624581889053,1022,thermometer
2,panel_7_lucid,Panel 7 (Lucid),w1_ft_the_u.s._postal_service,Democrat,treatmentfactcheck,-0.20346613091364385,1.9355719555120339,-0.10511938361899811,0.916301705399286,-4.001615547088106,3.5946832852608184,1022,thermometer
2,panel_7_lucid,Panel 7 (Lucid),w1_ft_the_u.s._postal_service,Independent,treatmentcontrol,-10.568626247259514,4.278389385184496,2.470234776632835,0.01423252074275685,-18.99866750105079,-2.1385849934682373,229,thermometer
2,panel_7_lucid,Panel 7 (Lucid),w1_ft_the_u.s._postal_service,Independent,treatmentfactcheck,11.300221605868343,4.010440180529001,2.817701074493468,0.005259626578500733,3.3981413780155636,19.202301833721123,229,thermometer
2,panel_7_lucid,Panel 7 (Lucid),w1_ft_the_u.s._postal_service,Republican,treatmentcontrol,-4.033932406690569,2.4668724746719923,1.635241565223975,0.10243427951178774,-8.877032373822066,0.8091675604409279,722,thermometer
2,panel_7_lucid,Panel 7 (Lucid),w1_ft_the_u.s._postal_service,Republican,treatmentfactcheck,3.6432241620633405,2.3800647221953612,1.5307248278117607,0.12627542165662828,-1.0294500422924662,8.315898366419148,722,thermometer
3,panel_1_lucid,Panel 1 (Lucid),w1_ft_antifa,Democrat,treatmentcontrol,5.6655832032893745,2.4074344107733014,-2.3533697025911957,0.018832645445325594,0.9403222225570964,10.390844184021653,844,thermometer
3,panel_1_lucid,Panel 1 (Lucid),w1_ft_antifa,Democrat,treatmentfactcheck,-0.10698383720346485,2.487730871563795,-0.04300458639893571,0.965708049407738,-4.989849000781308,4.775881326374377,844,thermometer
3,panel_1_lucid,Panel 1 (Lucid),w1_ft_antifa,Independent,treatmentcontrol,-2.8686695333700105,4.035841296202226,0.7107983993497123,0.4778771045317127,-10.817564292268694,5.080225225528672,248,thermometer
3,panel_1_lucid,Panel 1 (Lucid),w1_ft_antifa,Independent,treatmentfactcheck,0.041996549448406376,3.683257051466347,0.011402014266608697,0.9909118727797759,-7.212456865166345,7.296449964063157,248,thermometer
3,panel_1_lucid,Panel 1 (Lucid),w1_ft_antifa,Republican,treatmentcontrol,1.0861698013740175,2.268693910189372,-0.47876436591807703,0.6322367663931316,-3.3671091911840465,5.539448793932082,802,thermometer
3,panel_1_lucid,Panel 1 (Lucid),w1_ft_antifa,Republican,treatmentfactcheck,-3.471999237490529,2.098243194151099,-1.6547172640277383,0.09837312263070078,-7.590696032956892,0.6466975579758341,802,thermometer
3,panel_1_lucid,Panel 1 (Lucid),w1_ft_donald_trump,Democrat,treatmentcontrol,0.0224427221137994,2.170652893734326,-0.010339157485096392,0.991753060441223,-4.237878885961267,4.282764330188867,871,thermometer
3,panel_1_lucid,Panel 1 (Lucid),w1_ft_donald_trump,Democrat,treatmentfactcheck,-2.095183250639002,2.0601804142779137,-1.01699018014078,0.3094405058560016,-6.138681481432364,1.9483149801543598,871,thermometer
3,panel_1_lucid,Panel 1 (Lucid),w1_ft_donald_trump,Independent,treatmentcontrol,0.04152350199440555,5.295436300409294,-0.00784137503291204,0.9937495884021326,-10.386067266661538,10.469114270650348,259,thermometer
3,panel_1_lucid,Panel 1 (Lucid),w1_ft_donald_trump,Independent,treatmentfactcheck,-4.378101770204966,4.760135819380292,-0.919743035982309,0.3585628639715306,-13.751597269316512,4.995393728906581,259,thermometer
3,panel_1_lucid,Panel 1 (Lucid),w1_ft_donald_trump,Republican,treatmentcontrol,-2.738943203735655,2.3031715640552943,1.1892050277457744,0.2347045020842248,-7.259773842948676,1.7818874354773664,817,thermometer
3,panel_1_lucid,Panel 1 (Lucid),w1_ft_donald_trump,Republican,treatmentfactcheck,-0.5903106778302206,2.355978193174578,-0.2505586340062013,0.802218362249081,-5.214793963073516,4.034172607413074,817,thermometer
3,panel_1_lucid,Panel 1 (Lucid),w1_ft_joe_biden,Democrat,treatmentcontrol,1.5459411456903038,1.906320725058894,-0.8109554312496621,0.4176133086667534,-2.195589989832857,5.287472281213464,869,thermometer
3,panel_1_lucid,Panel 1 (Lucid),w1_ft_joe_biden,Democrat,treatmentfactcheck,-0.15965161520870744,1.9023963955448973,-0.08392131922799347,0.9331383171216443,-3.893480478564514,3.5741772481470995,869,thermometer
3,panel_1_lucid,Panel 1 (Lucid),w1_ft_joe_biden,Independent,treatmentcontrol,-1.8288612772063628,5.458606741368082,0.3350417723530672,0.7378647679852124,-12.577761658014163,8.920039103601438,259,thermometer
3,panel_1_lucid,Panel 1 (Lucid),w1_ft_joe_biden,Independent,treatmentfactcheck,5.259664526320345,4.759563837956561,1.1050727977163752,0.27015354635889377,-4.1127046466727135,14.632033699313403,259,thermometer
3,panel_1_lucid,Panel 1 (Lucid),w1_ft_joe_biden,Republican,treatmentcontrol,2.221418393035123,2.469970468646115,-0.8993704261787256,0.3687236636101099,-2.626906253338539,7.069743039408785,807,thermometer
3,panel_1_lucid,Panel 1 (Lucid),w1_ft_joe_biden,Republican,treatmentfactcheck,-1.4179750472653316,2.4023649066936144,-0.5902413256680881,0.5551941072840518,-6.13359619924219,3.297646104711527,807,thermometer
3,panel_1_lucid,Panel 1 (Lucid),w1_ft_scientists,Democrat,treatmentcontrol,1.3026919114782085,1.6511133483606983,-0.7889778813620405,0.4303416244601377,-1.9379757387032857,4.5433595616597025,863,thermometer
3,panel_1_lucid,Panel 1 (Lucid),w1_ft_scientists,Democrat,treatmentfactcheck,-2.3851115702598005,1.7629890686412863,-1.3528793868801332,0.17644848085943501,-5.845359558710629,1.0751364181910281,863,thermometer
3,panel_1_lucid,Panel 1 (Lucid),w1_ft_scientists,Independent,treatmentcontrol,-5.398375261826933,3.743737441654479,1.441974856933668,0.15053169424224355,-12.770819655403479,1.9740691317496122,256,thermometer
3,panel_1_lucid,Panel 1 (Lucid),w1_ft_scientists,Independent,treatmentfactcheck,0.7081960531018436,3.5301375002410524,0.20061429705032313,0.8411594645780882,-6.2436115530172565,7.660003659220944,256,thermometer
3,panel_1_lucid,Panel 1 (Lucid),w1_ft_scientists,Republican,treatmentcontrol,-2.291091674396967,2.0300248182794003,1.1286027903534896,0.2594029178560446,-6.275880824230118,1.693697475436184,802,thermometer
3,panel_1_lucid,Panel 1 (Lucid),w1_ft_scientists,Republican,treatmentfactcheck,-1.9803341900040845,2.0289993632449908,-0.9760151855528059,0.32935123755653406,-5.963110447158307,2.002442067150138,802,thermometer
3,panel_1_mturk,Panel 1 (MTurk),w1_ft_antifa,Democrat,treatmentcontrol,-3.142643718485339,2.228373480643054,1.4102859084368786,0.15881643057113937,-7.5163237064373405,1.2310362694666632,861,thermometer
3,panel_1_mturk,Panel 1 (MTurk),w1_ft_antifa,Democrat,treatmentfactcheck,-2.2670696807829342,2.184134723109465,-1.0379715393908477,0.29957471178373857,-6.5539212397497355,2.019781878183867,861,thermometer
3,panel_1_mturk,Panel 1 (MTurk),w1_ft_antifa,Independent,treatmentcontrol,16.36385378376271,6.369234280689618,-2.5692026800419314,0.012613135979986655,3.6319358713515886,29.095771696173834,62,thermometer
3,panel_1_mturk,Panel 1 (MTurk),w1_ft_antifa,Independent,treatmentfactcheck,1.4579503917145518,7.075843486868763,0.2060461617643455,0.8374299566211886,-12.686459197522247,15.602359980951352,62,thermometer
3,panel_1_mturk,Panel 1 (MTurk),w1_ft_antifa,Republican,treatmentcontrol,-1.4673884851531782,1.655657004396732,0.8862877282289802,0.37566699514727886,-4.7161902468153,1.7814132765089434,1042,thermometer
3,panel_1_mturk,Panel 1 (MTurk),w1_ft_antifa,Republican,treatmentfactcheck,2.6802405216638614,1.7064598253225913,1.570643786563909,0.1165690008523799,-0.6682487318417021,6.028729775169425,1042,thermometer
3,panel_1_mturk,Panel 1 (MTurk),w1_ft_donald_trump,Democrat,treatmentcontrol,2.149787189770969,2.0873941813348895,-1.0298903815072336,0.30334835331193544,-1.9471429689855557,6.246717348527493,868,thermometer
3,panel_1_mturk,Panel 1 (MTurk),w1_ft_donald_trump,Democrat,treatmentfactcheck,-1.3552518967249585,2.1355175077525144,-0.6346245777920445,0.5258405240331812,-5.5466337451062815,2.836129951656365,868,thermometer
3,panel_1_mturk,Panel 1 (MTurk),w1_ft_donald_trump,Independent,treatmentcontrol,-1.6804538390341397,9.000063205777165,0.18671578194644808,0.852483455051517,-19.665645028387843,16.304737350319563,63,thermometer
3,panel_1_mturk,Panel 1 (MTurk),w1_ft_donald_trump,Independent,treatmentfactcheck,5.37661379489371,8.899926124199999,0.6041189241193848,0.5479339658539102,-12.408469404534632,23.161696994322053,63,thermometer
3,panel_1_mturk,Panel 1 (MTurk),w1_ft_donald_trump,Republican,treatmentcontrol,-1.5009509264631098,1.6112073894501344,0.9315690433714728,0.3517742463710686,-4.662517672367411,1.6606158194411909,1046,thermometer
3,panel_1_mturk,Panel 1 (MTurk),w1_ft_donald_trump,Republican,treatmentfactcheck,2.9124682783253255,1.542481933177044,1.8881701079807955,0.05927966902789536,-0.11424300541264598,5.939179562063297,1046,thermometer
3,panel_1_mturk,Panel 1 (MTurk),w1_ft_joe_biden,Democrat,treatmentcontrol,1.3048834963606692,1.6576168011725678,-0.7872045550199651,0.43137701909727455,-1.948522269119847,4.558289261841185,868,thermometer
3,panel_1_mturk,Panel 1 (MTurk),w1_ft_joe_biden,Democrat,treatmentfactcheck,-0.8497813595204721,1.693555861742188,-0.5017734452799735,0.6159541405503357,-4.1737247467121374,2.474162027671193,868,thermometer
3,panel_1_mturk,Panel 1 (MTurk),w1_ft_joe_biden,Independent,treatmentcontrol,10.619612695194782,8.937441523203734,-1.1882161877785415,0.23920834820805356,-7.240439047031568,28.479664437421132,63,thermometer
3,panel_1_mturk,Panel 1 (MTurk),w1_ft_joe_biden,Independent,treatmentfactcheck,-16.064172376949376,8.711620126532784,-1.8439936709387832,0.06988751784601023,-33.47295606683951,1.3446113129407564,63,thermometer
3,panel_1_mturk,Panel 1 (MTurk),w1_ft_joe_biden,Republican,treatmentcontrol,-2.2080404869878483,1.607984865522464,1.373172431116393,0.1699933046239433,-5.363287382960191,0.9472064089844952,1045,thermometer
3,panel_1_mturk,Panel 1 (MTurk),w1_ft_joe_biden,Republican,treatmentfactcheck,0.7660549994590325,1.6484829012018793,0.4647030302228283,0.642240943441243,-2.4686586278926104,4.000768626810675,1045,thermometer
3,panel_1_mturk,Panel 1 (MTurk),w1_ft_scientists,Democrat,treatmentcontrol,-2.3392727536016777,1.3125085436175674,1.7822914486743975,0.07505239783091835,-4.915346752730235,0.2368012455268791,865,thermometer
3,panel_1_mturk,Panel 1 (MTurk),w1_ft_scientists,Democrat,treatmentfactcheck,0.021430641742282066,1.3756719493942358,0.01557830829633391,0.9875744033681026,-2.678614822645622,2.721476106130186,865,thermometer
3,panel_1_mturk,Panel 1 (MTurk),w1_ft_scientists,Independent,treatmentcontrol,1.3812068651997862,7.860170824254566,-0.17572224523896088,0.8610757571191431,-14.326091164046785,17.08850489444636,63,thermometer
3,panel_1_mturk,Panel 1 (MTurk),w1_ft_scientists,Independent,treatmentfactcheck,0.7025527785809893,7.773812160852415,0.09037429308093198,0.9282765050914736,-14.832171232391163,16.237276789553142,63,thermometer
3,panel_1_mturk,Panel 1 (MTurk),w1_ft_scientists,Republican,treatmentcontrol,-1.5700175037717095,1.3304814809902876,1.1800370964976779,0.2382545241944194,-4.180742882598514,1.040707875055095,1043,thermometer
3,panel_1_mturk,Panel 1 (MTurk),w1_ft_scientists,Republican,treatmentfactcheck,0.5582190668115812,1.4079562906548202,0.3964747133960824,0.6918359590572556,-2.204530563912682,3.320968697535845,1043,thermometer
3,panel_2_mturk,Panel 2 (MTurk),w1_ft_anthony_fauci,Democrat,treatmentcontrol,1.294189073372834,1.5483033071163141,-0.8358756759250465,0.4034350289270965,-1.7443008034743694,4.332678950220037,950,thermometer
3,panel_2_mturk,Panel 2 (MTurk),w1_ft_anthony_fauci,Democrat,treatmentfactcheck,0.47398019252938006,1.6090967856165268,0.29456288569228245,0.7683921706738601,-2.683814712055097,3.631775097113857,950,thermometer
3,panel_2_mturk,Panel 2 (MTurk),w1_ft_anthony_fauci,Independent,treatmentcontrol,-6.225631259715774,6.784168463820729,0.9176704990326263,0.36102163646456287,-19.68689332804685,7.235630808615301,99,thermometer
3,panel_2_mturk,Panel 2 (MTurk),w1_ft_anthony_fauci,Independent,treatmentfactcheck,-3.3533992630377196,7.291054230200202,-0.4599333864707299,0.6465725460603498,-17.820432661536817,11.113634135461378,99,thermometer
3,panel_2_mturk,Panel 2 (MTurk),w1_ft_anthony_fauci,Republican,treatmentcontrol,1.9371950886937794,2.111420887657158,-0.9174840980394486,0.3591401148994009,-2.206806922458197,6.081197099845756,881,thermometer
3,panel_2_mturk,Panel 2 (MTurk),w1_ft_anthony_fauci,Republican,treatmentfactcheck,0.587730327086148,2.0587888519043527,0.2854738243518781,0.7753482571704169,-3.4529728755309472,4.628433529703243,881,thermometer
3,panel_2_mturk,Panel 2 (MTurk),w1_ft_black_lives_matter_protestors,Democrat,treatmentcontrol,2.4279179837485043,1.7888959418878356,-1.357215882096699,0.17503362376914378,-1.0827075589914061,5.938543526488415,954,thermometer
3,panel_2_mturk,Panel 2 (MTurk),w1_ft_black_lives_matter_protestors,Democrat,treatmentfactcheck,-3.7630276518395918,1.864334124577819,-2.018429852369802,0.043825938388968734,-7.42169713880683,-0.1043581648723535,954,thermometer
3,panel_2_mturk,Panel 2 (MTurk),w1_ft_black_lives_matter_protestors,Independent,treatmentcontrol,-10.394336107228408,7.085665999321693,1.4669525924907345,0.14543568252624303,-24.447083425523505,3.6584112110666887,103,thermometer
3,panel_2_mturk,Panel 2 (MTurk),w1_ft_black_lives_matter_protestors,Independent,treatmentfactcheck,0.6058843043531849,6.529137080839492,0.09279699550668379,0.926245095662523,-12.343119164386614,13.554887773092982,103,thermometer
3,panel_2_mturk,Panel 2 (MTurk),w1_ft_black_lives_matter_protestors,Republican,treatmentcontrol,-2.2979365794683178,2.3310145569908958,0.985809622070624,0.324493860368287,-6.8728487619099194,2.276975602973284,892,thermometer
3,panel_2_mturk,Panel 2 (MTurk),w1_ft_black_lives_matter_protestors,Republican,treatmentfactcheck,1.5156015271166219,2.3007350793173553,0.6587466504689066,0.5102284705137913,-2.9998833339162836,6.031086388149527,892,thermometer
3,panel_2_mturk,Panel 2 (MTurk),w1_ft_donald_trump,Democrat,treatmentcontrol,-1.6809595616723414,2.054551940781523,0.8181635753793247,0.41346724150849223,-5.712901329668531,2.350982206323849,958,thermometer
3,panel_2_mturk,Panel 2 (MTurk),w1_ft_donald_trump,Democrat,treatmentfactcheck,1.699823501327022,2.108595952795383,0.8061399810018378,0.42036220111852485,-2.438176577984424,5.837823580638468,958,thermometer
3,panel_2_mturk,Panel 2 (MTurk),w1_ft_donald_trump,Independent,treatmentcontrol,0.2638493333233567,7.095352946801078,-0.03718621685230084,0.9704085048264475,-13.808109760579908,14.335808427226622,103,thermometer
3,panel_2_mturk,Panel 2 (MTurk),w1_ft_donald_trump,Independent,treatmentfactcheck,4.288375915680631,7.1872473205440315,0.5966645816434806,0.5520405479732045,-9.965833994773444,18.542585826134708,103,thermometer
3,panel_2_mturk,Panel 2 (MTurk),w1_ft_donald_trump,Republican,treatmentcontrol,0.5007432103447929,1.9861152163992317,-0.2521219344226291,0.8010048958000593,-3.3972602027986163,4.3987466234882024,892,thermometer
3,panel_2_mturk,Panel 2 (MTurk),w1_ft_donald_trump,Republican,treatmentfactcheck,-0.42529500744683857,1.9672612291193954,-0.21618634127060657,0.8288919274540516,-4.286295075486531,3.435705060592854,892,thermometer
3,panel_2_mturk,Panel 2 (MTurk),w1_ft_joe_biden,Democrat,treatmentcontrol,1.1600514533383641,1.6470997162817047,-0.7042994676467782,0.481418180276711,-2.0723055552621767,4.392408461938905,954,thermometer
3,panel_2_mturk,Panel 2 (MTurk),w1_ft_joe_biden,Democrat,treatmentfactcheck,-0.7497944784515982,1.6602435384496768,-0.4516171640407351,0.6516474523207494,-4.007945630105211,2.508356673202014,954,thermometer
3,panel_2_mturk,Panel 2 (MTurk),w1_ft_joe_biden,Independent,treatmentcontrol,8.260281504110349,7.005486036978358,-1.1791161184974992,0.2410684780581815,-5.6334477697399254,22.15401077796062,103,thermometer
3,panel_2_mturk,Panel 2 (MTurk),w1_ft_joe_biden,Independent,treatmentfactcheck,-14.144877710172038,6.406441881661933,-2.2079147788198825,0.029467953201826654,-26.850544189647145,-1.4392112306969302,103,thermometer
3,panel_2_mturk,Panel 2 (MTurk),w1_ft_joe_biden,Republican,treatmentcontrol,-0.9471445633392337,2.167670958684382,0.4369411139382895,0.6622604027787377,-5.201506767942785,3.3072176412643177,887,thermometer
3,panel_2_mturk,Panel 2 (MTurk),w1_ft_joe_biden,Republican,treatmentfactcheck,0.5716643659554184,2.1431432607012937,0.2667410883994542,0.7897305143750942,-3.634558746851418,4.7778874787622545,887,thermometer
3,panel_2_mturk,Panel 2 (MTurk),w1_ft_politifact,Democrat,treatmentcontrol,0.7107387936933682,1.6020653022991675,-0.4436390905373006,0.6574072889020719,-2.4333654744793574,3.8548430618660943,925,thermometer
3,panel_2_mturk,Panel 2 (MTurk),w1_ft_politifact,Democrat,treatmentfactcheck,1.7306769444946888,1.6715114425369295,1.0353964085749607,0.3007544252183473,-1.5497175895094701,5.011071478498848,925,thermometer
3,panel_2_mturk,Panel 2 (MTurk),w1_ft_politifact,Independent,treatmentcontrol,0.8684516372260866,5.336600925506996,-0.16273497856570204,0.8710727646308456,-9.726040705445046,11.46294397989722,95,thermometer
3,panel_2_mturk,Panel 2 (MTurk),w1_ft_politifact,Independent,treatmentfactcheck,-3.666569763081724,6.900918734978665,-0.531316177438374,0.5964398160282656,-17.36662560680801,10.033486080644561,95,thermometer
3,panel_2_mturk,Panel 2 (MTurk),w1_ft_politifact,Republican,treatmentcontrol,4.038975706682582,1.968550229478815,-2.0517514088283764,0.04049372878206067,0.17529444079417944,7.902656972570986,867,thermometer
3,panel_2_mturk,Panel 2 (MTurk),w1_ft_politifact,Republican,treatmentfactcheck,0.5500382970705298,1.8949009012016385,0.2902728563386754,0.7716769151764468,-3.1690911429875865,4.269167737128646,867,thermometer
3,panel_3_lucid,Panel 3 (Lucid),w1_ft_amy_coney_barrett,Democrat,treatmentcontrol,-7.844128757561899,2.195775297698434,3.572373168504059,3.7416401494925463e-4,-12.154061730485992,-3.534195784637806,829,thermometer
3,panel_3_lucid,Panel 3 (Lucid),w1_ft_amy_coney_barrett,Democrat,treatmentfactcheck,5.567701404000591,2.3280481341907007,2.3915748657559828,0.0169982483282344,0.9981393788607402,10.137263429140441,829,thermometer
3,panel_3_lucid,Panel 3 (Lucid),w1_ft_amy_coney_barrett,Independent,treatmentcontrol,0.6252316981592436,4.204416433982783,-0.14870831849712152,0.8819032008409625,-7.655199247259091,8.905662643577578,251,thermometer
3,panel_3_lucid,Panel 3 (Lucid),w1_ft_amy_coney_barrett,Independent,treatmentfactcheck,0.1316799518280191,4.648294381662677,0.028328660152741374,0.977422532971155,-9.022950957287923,9.286310860943962,251,thermometer
3,panel_3_lucid,Panel 3 (Lucid),w1_ft_amy_coney_barrett,Republican,treatmentcontrol,2.470531510898897,2.0532220162961687,-1.2032461620275814,0.22923004870340505,-1.559687523436962,6.500750545234757,816,thermometer
3,panel_3_lucid,Panel 3 (Lucid),w1_ft_amy_coney_barrett,Republican,treatmentfactcheck,2.194719872478002,2.053949575913437,1.068536393597667,0.2855946187864968,-1.8369272707495687,6.226367015705573,816,thermometer
3,panel_3_lucid,Panel 3 (Lucid),w1_ft_anthony_fauci,Democrat,treatmentcontrol,1.8440256701848123,1.9355244918073946,-0.952726600975666,0.3410033280982485,-1.9550196359651988,5.6430709763348235,838,thermometer
3,panel_3_lucid,Panel 3 (Lucid),w1_ft_anthony_fauci,Democrat,treatmentfactcheck,-1.3550698075757568,2.005344064115018,-0.675729333346976,0.49939893372835764,-5.291156892104397,2.581017276952884,838,thermometer
3,panel_3_lucid,Panel 3 (Lucid),w1_ft_anthony_fauci,Independent,treatmentcontrol,-2.4511162811938094,4.034763710983538,0.6074993374509932,0.5440623062492387,-10.396968270784853,5.494735708397235,254,thermometer
3,panel_3_lucid,Panel 3 (Lucid),w1_ft_anthony_fauci,Independent,treatmentfactcheck,1.6984015721575791,4.603095560547656,0.36896943585405617,0.7124578800766002,-7.36669334740078,10.763496491715937,254,thermometer
3,panel_3_lucid,Panel 3 (Lucid),w1_ft_anthony_fauci,Republican,treatmentcontrol,-0.7983147376525086,2.478358502198118,0.32211430950948516,0.7474494180472868,-5.663095278461535,4.066465803156518,808,thermometer
3,panel_3_lucid,Panel 3 (Lucid),w1_ft_anthony_fauci,Republican,treatmentfactcheck,2.592489041334193,2.5747156239755817,1.00690306035863,0.3142827962162758,-2.4614313073660736,7.64640939003446,808,thermometer
3,panel_3_lucid,Panel 3 (Lucid),w1_ft_black_lives_matter_protestors,Democrat,treatmentcontrol,-0.35164336289014003,2.1833960112397763,0.16105340537398427,0.8720892953273449,-4.637073191384041,3.933786465603761,857,thermometer
3,panel_3_lucid,Panel 3 (Lucid),w1_ft_black_lives_matter_protestors,Democrat,treatmentfactcheck,-1.1006549191482629,2.348896239708198,-0.46858388231103665,0.6394862622892459,-5.710917994588699,3.509608156292173,857,thermometer
3,panel_3_lucid,Panel 3 (Lucid),w1_ft_black_lives_matter_protestors,Independent,treatmentcontrol,6.049949045759541,4.427516993113106,-1.3664428742272674,0.17295829141322802,-2.667638348523366,14.767536440042448,265,thermometer
3,panel_3_lucid,Panel 3 (Lucid),w1_ft_black_lives_matter_protestors,Independent,treatmentfactcheck,-4.634151098107816,4.773822899463838,-0.9707421485259312,0.3325618842410194,-14.033599681961482,4.765297485745849,265,thermometer
3,panel_3_lucid,Panel 3 (Lucid),w1_ft_black_lives_matter_protestors,Republican,treatmentcontrol,-2.209860860698925,2.573866405706022,0.8585763642587935,0.39082953601408543,-7.262133082008338,2.842411360610488,806,thermometer
3,panel_3_lucid,Panel 3 (Lucid),w1_ft_black_lives_matter_protestors,Republican,treatmentfactcheck,-4.657460140075944,2.484636154657172,-1.8745038911818364,0.06122248298614708,-9.534581266645104,0.2196609864932153,806,thermometer
3,panel_3_lucid,Panel 3 (Lucid),w1_ft_donald_trump,Democrat,treatmentcontrol,-2.4834941435020803,1.9370879857566383,1.2820760656011256,0.20015788676805754,-6.285412108136493,1.318423821132332,869,thermometer
3,panel_3_lucid,Panel 3 (Lucid),w1_ft_donald_trump,Democrat,treatmentfactcheck,-0.5300217853523612,1.9631365459470964,-0.2699872234799935,0.7872341839993959,-4.38306519687879,3.323021626174067,869,thermometer
3,panel_3_lucid,Panel 3 (Lucid),w1_ft_donald_trump,Independent,treatmentcontrol,0.8425951520415701,4.76137531654068,-0.176964657483407,0.859671839149624,-8.53250759854275,10.21769790262589,264,thermometer
3,panel_3_lucid,Panel 3 (Lucid),w1_ft_donald_trump,Independent,treatmentfactcheck,3.900098551709449,4.957553900098545,0.7866981641151545,0.4321641967629377,-5.861277965601438,13.661475069020337,264,thermometer
3,panel_3_lucid,Panel 3 (Lucid),w1_ft_donald_trump,Republican,treatmentcontrol,3.3347139611179966,2.190315074582828,-1.5224813999662279,0.12827122790280682,-0.9645243537392929,7.633952275975286,826,thermometer
3,panel_3_lucid,Panel 3 (Lucid),w1_ft_donald_trump,Republican,treatmentfactcheck,-1.9563686732604384,2.2935398313146287,-0.8529909298061207,0.39391160586166507,-6.458220682527745,2.545483336006869,826,thermometer
3,panel_3_lucid,Panel 3 (Lucid),w1_ft_joe_biden,Democrat,treatmentcontrol,1.2672380549929134,1.7657636418249996,-0.7176713943906804,0.4731532444791755,-2.198433178965077,4.732909288950904,867,thermometer
3,panel_3_lucid,Panel 3 (Lucid),w1_ft_joe_biden,Democrat,treatmentfactcheck,0.9711920558765971,1.9227809856555715,0.5050975972416689,0.6136186535571126,-2.802657735424255,4.745041847177449,867,thermometer
3,panel_3_lucid,Panel 3 (Lucid),w1_ft_joe_biden,Independent,treatmentcontrol,4.542917979677806,4.70238267913895,-0.9660885320608693,0.334884034582949,-4.716028828473687,13.801864787829299,264,thermometer
3,panel_3_lucid,Panel 3 (Lucid),w1_ft_joe_biden,Independent,treatmentfactcheck,0.43344165819553215,4.448048897417947,0.09744534473241542,0.9224466748451318,-8.324724350699109,9.191607667090173,264,thermometer
3,panel_3_lucid,Panel 3 (Lucid),w1_ft_joe_biden,Republican,treatmentcontrol,-1.04846047473982,2.4267402850383406,0.4320447808955606,0.6658217609886371,-5.811772151635867,3.7148512021562263,825,thermometer
3,panel_3_lucid,Panel 3 (Lucid),w1_ft_joe_biden,Republican,treatmentfactcheck,-1.5565724510114836,2.3874036186378054,-0.6519938391898836,0.5145867445027122,-6.24267240337687,3.1295275013539037,825,thermometer
3,panel_3_lucid,Panel 3 (Lucid),w1_ft_politifact,Democrat,treatmentcontrol,-2.7590899281693075,2.0874330766225317,1.3217621005764253,0.18663490164284408,-6.85674193716561,1.338562080826995,780,thermometer
3,panel_3_lucid,Panel 3 (Lucid),w1_ft_politifact,Democrat,treatmentfactcheck,-0.8592190278343198,2.2758752327223597,-0.3775334497605732,0.705879913394317,-5.326784874150584,3.608346818481944,780,thermometer
3,panel_3_lucid,Panel 3 (Lucid),w1_ft_politifact,Independent,treatmentcontrol,3.21360321991466,3.7161044626741777,-0.8647774173716557,0.38801736796550146,-4.106435590689169,10.53364203051849,242,thermometer
3,panel_3_lucid,Panel 3 (Lucid),w1_ft_politifact,Independent,treatmentfactcheck,-1.4178073439258565,4.082190426369105,-0.347315337071848,0.7286562915590129,-9.45896782621051,6.623353138358796,242,thermometer
3,panel_3_lucid,Panel 3 (Lucid),w1_ft_politifact,Republican,treatmentcontrol,0.2957276076270799,2.2589037709759654,-0.13091642566930153,0.8958764813363033,-4.138789208795876,4.730244424050035,751,thermometer
3,panel_3_lucid,Panel 3 (Lucid),w1_ft_politifact,Republican,treatmentfactcheck,-1.0402445430122853,2.2609818278380094,-0.46008531789350354,0.6455881545122414,-5.478840850655106,3.3983517646305357,751,thermometer
3,panel_4_mturk,Panel 4 (MTurk),w1_ft_amy_coney_barrett,Democrat,treatmentcontrol,2.690833828492621,1.6710267592041919,-1.6102876950780258,0.1075723562493222,-0.5873016527954413,5.968969309780684,1330,thermometer
3,panel_4_mturk,Panel 4 (MTurk),w1_ft_amy_coney_barrett,Democrat,treatmentfactcheck,0.7466610718515232,1.735955743252063,0.4301152692134658,0.6671814738689256,-2.658848794795083,4.152170938498129,1330,thermometer
3,panel_4_mturk,Panel 4 (MTurk),w1_ft_amy_coney_barrett,Independent,treatmentcontrol,-3.4164279965190616,5.174733266318034,0.6602133522043243,0.5099703543652596,-13.62814772760889,6.7952917345707675,178,thermometer
3,panel_4_mturk,Panel 4 (MTurk),w1_ft_amy_coney_barrett,Independent,treatmentfactcheck,3.1023959972862487,5.1721904099362535,0.5998224642554266,0.5493873575597298,-7.10430570961745,13.309097704189949,178,thermometer
3,panel_4_mturk,Panel 4 (MTurk),w1_ft_amy_coney_barrett,Republican,treatmentcontrol,-2.928404865837013,1.68656874379543,1.736309223451499,0.08284985792569252,-6.238450575339154,0.3816408436651284,904,thermometer
3,panel_4_mturk,Panel 4 (MTurk),w1_ft_amy_coney_barrett,Republican,treatmentfactcheck,0.8079823939355057,1.665111660012029,0.4852421692426733,0.6276221422930477,-2.45995182240814,4.075916610279152,904,thermometer
3,panel_4_mturk,Panel 4 (MTurk),w1_ft_donald_trump,Democrat,treatmentcontrol,1.4921653558928873,1.5525508887176782,-0.9611056015853586,0.33667105281578513,-1.5535070545850906,4.537837766370865,1351,thermometer
3,panel_4_mturk,Panel 4 (MTurk),w1_ft_donald_trump,Democrat,treatmentfactcheck,-0.6684750842363675,1.5347029069992895,-0.4355729575982858,0.6632161750272425,-3.679134725794861,2.342184557322126,1351,thermometer
3,panel_4_mturk,Panel 4 (MTurk),w1_ft_donald_trump,Independent,treatmentcontrol,5.183389528794484,5.3194317116962475,-0.9744254292046578,0.3311386870148927,-5.312296482029037,15.679075539618005,182,thermometer
3,panel_4_mturk,Panel 4 (MTurk),w1_ft_donald_trump,Independent,treatmentfactcheck,-3.9320858206915106,5.514356108511325,-0.7130634553365888,0.47671976334634836,-14.812374055155164,6.948202413772144,182,thermometer
3,panel_4_mturk,Panel 4 (MTurk),w1_ft_donald_trump,Republican,treatmentcontrol,-3.6174189896952296,1.9639400214197786,1.8419192797344757,0.06580901238194334,-7.471746908562392,0.23690892917193285,919,thermometer
3,panel_4_mturk,Panel 4 (MTurk),w1_ft_donald_trump,Republican,treatmentfactcheck,0.5078277591239436,2.040085881365035,0.24892469663294403,0.8034746505469395,-3.4959401175281717,4.511595635776059,919,thermometer
3,panel_4_mturk,Panel 4 (MTurk),w1_ft_hunter_biden,Democrat,treatmentcontrol,-1.238711915944871,1.3893026444215484,0.8916069662133426,0.37276687012665954,-3.9642055565500667,1.4867817246603248,1314,thermometer
3,panel_4_mturk,Panel 4 (MTurk),w1_ft_hunter_biden,Democrat,treatmentfactcheck,3.3157803199729767,1.359766892030667,2.4384917292854604,0.014880412333607243,0.6482290619257252,5.983331578020229,1314,thermometer
3,panel_4_mturk,Panel 4 (MTurk),w1_ft_hunter_biden,Independent,treatmentcontrol,-5.320163810048277,4.194061631603536,1.2684991965686,0.20625781347509306,-13.596015495390102,2.9556878752935463,180,thermometer
3,panel_4_mturk,Panel 4 (MTurk),w1_ft_hunter_biden,Independent,treatmentfactcheck,1.1417429240669494,4.292275291001782,0.26599946337562985,0.7905440570052448,-7.327906981246143,9.611392829380042,180,thermometer
3,panel_4_mturk,Panel 4 (MTurk),w1_ft_hunter_biden,Republican,treatmentcontrol,7.228259134196645,2.223517615347199,-3.25082161899939,0.0011930277339547027,2.8644342403856182,11.592084028007672,909,thermometer
3,panel_4_mturk,Panel 4 (MTurk),w1_ft_hunter_biden,Republican,treatmentfactcheck,-3.8667788448925635,2.161696742033785,-1.7887702607418416,0.07398472604914799,-8.10927550453078,0.37571781474565347,909,thermometer
3,panel_4_mturk,Panel 4 (MTurk),w1_ft_joe_biden,Democrat,treatmentcontrol,-1.591521744788004,1.4311213275209873,1.1120802367922675,0.2663023861051243,-4.3989944081028085,1.2159509185268003,1345,thermometer
3,panel_4_mturk,Panel 4 (MTurk),w1_ft_joe_biden,Democrat,treatmentfactcheck,2.4092095448780975,1.4034381688236008,1.7166481562187816,0.08627371757849325,-0.3439562544535213,5.162375344209716,1345,thermometer
3,panel_4_mturk,Panel 4 (MTurk),w1_ft_joe_biden,Independent,treatmentcontrol,-11.293097133351676,5.104387275155647,2.212429528675862,0.028174226550880768,-21.364114046703698,-1.222080219999654,183,thermometer
3,panel_4_mturk,Panel 4 (MTurk),w1_ft_joe_biden,Independent,treatmentfactcheck,5.6728492191615025,5.308388829005691,1.0686574404957594,0.28663167827441216,-4.8006651906429685,16.146363628965972,183,thermometer
3,panel_4_mturk,Panel 4 (MTurk),w1_ft_joe_biden,Republican,treatmentcontrol,7.611253439948944,2.2864695285947785,-3.3288234742523244,9.068384053837995e-4,3.123939212765528,12.098567667132361,918,thermometer
3,panel_4_mturk,Panel 4 (MTurk),w1_ft_joe_biden,Republican,treatmentfactcheck,-4.786597756444956,2.2603421109229687,-2.1176430476227504,0.03447360675893954,-9.22263558060964,-0.35055993228027127,918,thermometer
3,panel_4_mturk,Panel 4 (MTurk),w1_ft_politifact,Democrat,treatmentcontrol,1.6524988182124858,1.4537609387355364,-1.136706025166565,0.2558752952613105,-1.1995340557935088,4.50453169221848,1272,thermometer
3,panel_4_mturk,Panel 4 (MTurk),w1_ft_politifact,Democrat,treatmentfactcheck,-0.5367500942609774,1.539268733621857,-0.3487046040349428,0.7273687954046864,-3.5565347873601882,2.4830345988382336,1272,thermometer
3,panel_4_mturk,Panel 4 (MTurk),w1_ft_politifact,Independent,treatmentcontrol,-1.1230329338923208,4.349661135449004,0.2581886034155148,0.796573659786009,-9.709336687801736,7.463270820017095,170,thermometer
3,panel_4_mturk,Panel 4 (MTurk),w1_ft_politifact,Independent,treatmentfactcheck,1.2138606969643186,4.780944924612803,0.25389556167343347,0.799883062171592,-8.223804462484829,10.651525856413464,170,thermometer
3,panel_4_mturk,Panel 4 (MTurk),w1_ft_politifact,Republican,treatmentcontrol,4.9168984605387624,1.928907306156818,-2.5490589645467514,0.010972039473634117,1.131042765338702,8.702754155738823,870,thermometer
3,panel_4_mturk,Panel 4 (MTurk),w1_ft_politifact,Republican,treatmentfactcheck,-4.34612996136498,1.9862210245647913,-2.1881401453381946,0.02892471996603329,-8.24447497450963,-0.4477849482203289,870,thermometer
3,panel_4_mturk,Panel 4 (MTurk),w1_ft_the_world_health_organization_(who),Democrat,treatmentcontrol,0.18287764510587143,1.4358214509591516,-0.12736795719530883,0.8986682718567915,-2.6338229554886006,2.9995782457003433,1341,thermometer
3,panel_4_mturk,Panel 4 (MTurk),w1_ft_the_world_health_organization_(who),Democrat,treatmentfactcheck,0.824602117579697,1.411521020378015,0.5841940046765034,0.5591880521802672,-1.9444274878733747,3.593631723032769,1341,thermometer
3,panel_4_mturk,Panel 4 (MTurk),w1_ft_the_world_health_organization_(who),Independent,treatmentcontrol,-10.123155104491307,4.817469586459581,2.1013428155196596,0.036987627865224235,-19.628427638584675,-0.6178825703979403,182,thermometer
3,panel_4_mturk,Panel 4 (MTurk),w1_ft_the_world_health_organization_(who),Independent,treatmentfactcheck,6.781507295587922,5.2628857719972615,1.2885530086309178,0.1991891283660494,-3.602608821977535,17.165623413153376,182,thermometer
3,panel_4_mturk,Panel 4 (MTurk),w1_ft_the_world_health_organization_(who),Republican,treatmentcontrol,4.852548886690795,2.3219209918967167,-2.0898854455538016,0.03690399519587934,0.2956330090502357,9.409464764331354,914,thermometer
3,panel_4_mturk,Panel 4 (MTurk),w1_ft_the_world_health_organization_(who),Republican,treatmentfactcheck,-2.8757395191123973,2.3017896565464726,-1.2493493968632476,0.21185715292744262,-7.393146385888338,1.6416673476635437,914,thermometer
3,panel_5_lucid,Panel 5 (Lucid),w1_ft_barack_obama,Democrat,treatmentcontrol,0.9064924576245457,1.7434200984756922,-0.5199506753519192,0.6032436159459128,-2.515791311575775,4.328776226824866,790,thermometer
3,panel_5_lucid,Panel 5 (Lucid),w1_ft_barack_obama,Democrat,treatmentfactcheck,-2.6087075960502872,1.7072200996793343,-1.528044097266825,0.12690185890396805,-5.959931803396202,0.7425166112956281,790,thermometer
3,panel_5_lucid,Panel 5 (Lucid),w1_ft_barack_obama,Independent,treatmentcontrol,1.773690481788318,5.473246834562669,-0.32406550177634036,0.7462079382526278,-9.015266792374737,12.562647755951373,212,thermometer
3,panel_5_lucid,Panel 5 (Lucid),w1_ft_barack_obama,Independent,treatmentfactcheck,-0.04535857309930771,5.598700633091671,-0.008101625014777786,0.9935435277572957,-11.081612509211467,10.990895363012854,212,thermometer
3,panel_5_lucid,Panel 5 (Lucid),w1_ft_barack_obama,Republican,treatmentcontrol,-0.8820070617024893,2.5464987050830317,0.34636069515445933,0.7291618331091352,-5.880540299204631,4.1165261757996525,808,thermometer
3,panel_5_lucid,Panel 5 (Lucid),w1_ft_barack_obama,Republican,treatmentfactcheck,-1.409812592468022,2.604813515048637,-0.5412335986139484,0.588495769773593,-6.522812220732454,3.70318703579641,808,thermometer
3,panel_5_lucid,Panel 5 (Lucid),w1_ft_donald_trump,Democrat,treatmentcontrol,2.0100764107082982,2.319290177412422,-0.8666774128931523,0.38638193228922224,-2.5426238461970687,6.562776667613665,790,thermometer
3,panel_5_lucid,Panel 5 (Lucid),w1_ft_donald_trump,Democrat,treatmentfactcheck,0.552942787268124,2.234393484430327,0.24746885054988438,0.8046096964922133,-3.833107690444361,4.938993264980609,790,thermometer
3,panel_5_lucid,Panel 5 (Lucid),w1_ft_donald_trump,Independent,treatmentcontrol,1.123331771216783,5.1717042656466585,-0.21720727124297856,0.82825770161658,-9.07177707097476,11.318440613408326,210,thermometer
3,panel_5_lucid,Panel 5 (Lucid),w1_ft_donald_trump,Independent,treatmentfactcheck,-10.401963080563464,5.65041532320536,-1.8409200891559687,0.06704406418332869,-21.54076689932021,0.7368407381932816,210,thermometer
3,panel_5_lucid,Panel 5 (Lucid),w1_ft_donald_trump,Republican,treatmentcontrol,1.6112872662793012,2.3916558037809224,-0.6737120214924105,0.5006866120019087,-3.083286786699278,6.305861319257881,810,thermometer
3,panel_5_lucid,Panel 5 (Lucid),w1_ft_donald_trump,Republican,treatmentfactcheck,1.2647664200100974,2.377196006329957,0.5320412858856817,0.5948432951113056,-3.401424539624819,5.930957379645014,810,thermometer
3,panel_5_lucid,Panel 5 (Lucid),w1_ft_joe_biden,Democrat,treatmentcontrol,-0.40130991724494536,1.9849220513414216,0.202179182287656,0.8398287656420887,-4.297662687150247,3.4950428526603563,789,thermometer
3,panel_5_lucid,Panel 5 (Lucid),w1_ft_joe_biden,Democrat,treatmentfactcheck,-0.3382414600370361,1.9101112522701549,-0.17707945525949773,0.8594914257549358,-4.08774248632693,3.411259566252858,789,thermometer
3,panel_5_lucid,Panel 5 (Lucid),w1_ft_joe_biden,Independent,treatmentcontrol,2.6471278282539226,5.259964443599694,-0.5032596430333172,0.6153194167658713,-7.723137551925363,13.017393208433209,206,thermometer
3,panel_5_lucid,Panel 5 (Lucid),w1_ft_joe_biden,Independent,treatmentfactcheck,5.687060561327678,5.562443773348983,1.0224032445192102,0.3077892332007333,-5.279556933994842,16.6536780566502,206,thermometer
3,panel_5_lucid,Panel 5 (Lucid),w1_ft_joe_biden,Republican,treatmentcontrol,0.9236795207619206,2.385264710519186,-0.38724403068910074,0.69867791185402,-3.7583929924090533,5.605752033932895,805,thermometer
3,panel_5_lucid,Panel 5 (Lucid),w1_ft_joe_biden,Republican,treatmentfactcheck,-2.688459343148771,2.434167559614481,-1.1044676577542445,0.2697203389025138,-7.466524005348349,2.0896053190508064,805,thermometer
3,panel_5_lucid,Panel 5 (Lucid),w1_ft_kamala_harris,Democrat,treatmentcontrol,0.40242110102243495,2.231485713952121,-0.18033774471704697,0.8569342676657314,-3.9780076759409044,4.782849877985774,780,thermometer
3,panel_5_lucid,Panel 5 (Lucid),w1_ft_kamala_harris,Democrat,treatmentfactcheck,-2.625218714435323,2.1356023426451896,-1.2292638296995344,0.21934359685842406,-6.8174274744480385,1.5669900455773917,780,thermometer
3,panel_5_lucid,Panel 5 (Lucid),w1_ft_kamala_harris,Independent,treatmentcontrol,4.10657339439941,4.89572029162474,-0.838808826849167,0.4025632421782467,-5.546410581402075,13.759557370200895,203,thermometer
3,panel_5_lucid,Panel 5 (Lucid),w1_ft_kamala_harris,Independent,treatmentfactcheck,-1.740960654451851,5.267246559521052,-0.3305257566317829,0.7413436145360159,-12.126489975363773,8.644568666460072,203,thermometer
3,panel_5_lucid,Panel 5 (Lucid),w1_ft_kamala_harris,Republican,treatmentcontrol,1.1725566352692511,2.355122095874084,-0.49787509417173825,0.6187094250398869,-3.4504183516039935,5.795531622142496,797,thermometer
3,panel_5_lucid,Panel 5 (Lucid),w1_ft_kamala_harris,Republican,treatmentfactcheck,-3.3169768341649677,2.4025764652324955,-1.3805915783179814,0.1677916209056897,-8.03310213496296,1.399148466633024,797,thermometer
3,panel_5_lucid,Panel 5 (Lucid),w1_ft_politifact,Democrat,treatmentcontrol,0.8556002990589041,2.105949654445246,-0.4062776606520009,0.6846624154607028,-3.2791138977103134,4.990314495828121,702,thermometer
3,panel_5_lucid,Panel 5 (Lucid),w1_ft_politifact,Democrat,treatmentfactcheck,1.4349464299101529,2.0245949415103377,0.7087572928734525,0.47871039692480377,-2.5400400706930997,5.409932930513405,702,thermometer
3,panel_5_lucid,Panel 5 (Lucid),w1_ft_politifact,Independent,treatmentcontrol,-3.2417791334363266,4.3631453118615955,0.7429913288982752,0.45847750856637515,-11.852596444953848,5.369038178081196,176,thermometer
3,panel_5_lucid,Panel 5 (Lucid),w1_ft_politifact,Independent,treatmentfactcheck,3.7976214969342297,4.946386331437184,0.7677567505793309,0.44366052714249304,-5.964242023036482,13.559485016904942,176,thermometer
3,panel_5_lucid,Panel 5 (Lucid),w1_ft_politifact,Republican,treatmentcontrol,-1.0985838011382123,2.183149844217466,0.5032104434095734,0.6149719541946603,-5.384764948700403,3.1875973464239786,712,thermometer
3,panel_5_lucid,Panel 5 (Lucid),w1_ft_politifact,Republican,treatmentfactcheck,1.0343077327427863,2.3390893906294696,0.44218392716682153,0.6584903968175415,-3.5580297447483327,5.626645210233906,712,thermometer
3,panel_6_mturk,Panel 6 (MTurk),w1_ft_chris_coons,Democrat,treatmentcontrol,-3.1497300195441365,2.9272359852361065,1.0760082328278988,0.2826978765796433,-8.90780989364813,2.6083498545598576,335,thermometer
3,panel_6_mturk,Panel 6 (MTurk),w1_ft_chris_coons,Democrat,treatmentfactcheck,1.0648982821578445,2.95425761991854,0.3604622274570651,0.7187286697586277,-4.746335055354999,6.876131619670687,335,thermometer
3,panel_6_mturk,Panel 6 (MTurk),w1_ft_chris_coons,Independent,treatmentcontrol,1.4460226745217821,9.475998508190557,-0.15259844894149316,0.8796169526529898,-17.811523264051367,20.70356861309493,34,thermometer
3,panel_6_mturk,Panel 6 (MTurk),w1_ft_chris_coons,Independent,treatmentfactcheck,-2.0375964758108345,8.741850086908684,-0.23308526862777335,0.8170927648309684,-19.803173316209623,15.727980364587955,34,thermometer
3,panel_6_mturk,Panel 6 (MTurk),w1_ft_chris_coons,Republican,treatmentcontrol,-4.156451689836073,2.822436724310542,1.472646544751646,0.14186750014334099,-9.710149155545107,1.3972457758729595,308,thermometer
3,panel_6_mturk,Panel 6 (MTurk),w1_ft_chris_coons,Republican,treatmentfactcheck,-1.0957737900511284,3.3039615139208904,-0.33165452606944784,0.7403756998023345,-7.596965660400295,5.405418080298039,308,thermometer
3,panel_6_mturk,Panel 6 (MTurk),w1_ft_donald_trump,Democrat,treatmentcontrol,-3.0609167505512627,3.0198221638388034,1.0136082803830473,0.31141295511922207,-8.998521010762703,2.8766875096601776,381,thermometer
3,panel_6_mturk,Panel 6 (MTurk),w1_ft_donald_trump,Democrat,treatmentfactcheck,-1.0392802339807383,2.996075250723398,-0.3468805510575229,0.7288725695643588,-6.930193078330238,4.851632610368761,381,thermometer
3,panel_6_mturk,Panel 6 (MTurk),w1_ft_donald_trump,Independent,treatmentcontrol,-28.845153695710238,13.550566955590254,2.1287045619748213,0.039650013895498104,-56.25376243813281,-1.4365449532876617,39,thermometer
3,panel_6_mturk,Panel 6 (MTurk),w1_ft_donald_trump,Independent,treatmentfactcheck,-11.26124254177502,8.65276419999523,-1.301461854441986,0.20073634876413157,-28.76311012232452,6.240625038774477,39,thermometer
3,panel_6_mturk,Panel 6 (MTurk),w1_ft_donald_trump,Republican,treatmentcontrol,0.25620917247398944,3.0487414939218964,-0.08403768341290306,0.9330775817171499,-5.741277177747575,6.253695522695553,329,thermometer
3,panel_6_mturk,Panel 6 (MTurk),w1_ft_donald_trump,Republican,treatmentfactcheck,1.9062298844869534,3.2196411878489917,0.5920628334862635,0.5542151598191001,-4.42745046041347,8.239910229387377,329,thermometer
3,panel_6_mturk,Panel 6 (MTurk),w1_ft_hunter_biden,Democrat,treatmentcontrol,3.9071590347754657,2.6888576501853545,-1.4530925556829415,0.14706196386309345,-1.380535033864311,9.194853103415243,363,thermometer
3,panel_6_mturk,Panel 6 (MTurk),w1_ft_hunter_biden,Democrat,treatmentfactcheck,-6.502065209963018,2.585645885256485,-2.5146773759849332,0.012345676905074356,-11.586791212520676,-1.417339207405358,363,thermometer
3,panel_6_mturk,Panel 6 (MTurk),w1_ft_hunter_biden,Independent,treatmentcontrol,25.337691457803135,9.294919369512732,-2.725972162911986,0.009643018581422025,6.52111093212924,44.15427198347703,38,thermometer
3,panel_6_mturk,Panel 6 (MTurk),w1_ft_hunter_biden,Independent,treatmentfactcheck,-2.639160601469662,8.320977873508198,-0.31716952521554637,0.7528510971351153,-19.48409964664029,14.205778443700964,38,thermometer
3,panel_6_mturk,Panel 6 (MTurk),w1_ft_hunter_biden,Republican,treatmentcontrol,-9.286517894367073,2.982670346531105,3.1134912060152566,0.0020142857426902507,-15.15443147202659,-3.4186043167075564,323,thermometer
3,panel_6_mturk,Panel 6 (MTurk),w1_ft_hunter_biden,Republican,treatmentfactcheck,4.410368721490633,3.473902983881744,1.2695716437545648,0.2051511961047454,-2.4239643151116788,11.244701758092944,323,thermometer
3,panel_6_mturk,Panel 6 (MTurk),w1_ft_joe_biden,Democrat,treatmentcontrol,2.0463839782927016,2.586549602037708,-0.7911636323078982,0.42934333529569,-3.0394009986578183,7.1321689552432215,379,thermometer
3,panel_6_mturk,Panel 6 (MTurk),w1_ft_joe_biden,Democrat,treatmentfactcheck,-4.963705118637023,2.665290502095607,-1.8623505072840159,0.06332731387752663,-10.204313836941871,0.2769035996678255,379,thermometer
3,panel_6_mturk,Panel 6 (MTurk),w1_ft_joe_biden,Independent,treatmentcontrol,15.591213720955485,12.158741452000683,-1.2823048982910974,0.2073056306669874,-9.002162213080874,40.184589654991846,39,thermometer
3,panel_6_mturk,Panel 6 (MTurk),w1_ft_joe_biden,Independent,treatmentfactcheck,5.750511604681868,9.801487708223,0.5866978336214665,0.5607876443259553,-14.07486858559271,25.575891794956448,39,thermometer
3,panel_6_mturk,Panel 6 (MTurk),w1_ft_joe_biden,Republican,treatmentcontrol,-9.308922517209428,3.411507275564423,2.728683178806733,0.006701556182745621,-16.020117502970184,-2.5977275314486734,328,thermometer
3,panel_6_mturk,Panel 6 (MTurk),w1_ft_joe_biden,Republican,treatmentfactcheck,0.18883756431827523,3.8476403258578484,0.04907879851689959,0.960886370769965,-7.380328313434648,7.758003442071198,328,thermometer
3,panel_6_mturk,Panel 6 (MTurk),w1_ft_politifact,Democrat,treatmentcontrol,-5.280008569208144,2.9745814211456723,1.7750425426830398,0.07675989291558756,-11.130311206485878,0.5702940680695887,350,thermometer
3,panel_6_mturk,Panel 6 (MTurk),w1_ft_politifact,Democrat,treatmentfactcheck,5.686282175807049,2.8517350950372733,1.9939727871998318,0.046930576988586305,0.07758939344969029,11.294974958164408,350,thermometer
3,panel_6_mturk,Panel 6 (MTurk),w1_ft_politifact,Independent,treatmentcontrol,21.506798951931035,12.45641352513158,-1.7265643042870844,0.09332319643007429,-3.8076790403085816,46.82127694417065,34,thermometer
3,panel_6_mturk,Panel 6 (MTurk),w1_ft_politifact,Independent,treatmentfactcheck,-4.720044089241381,9.20127396766415,-0.5129772361771789,0.6112843579607588,-23.419282588754903,13.979194410272143,34,thermometer
3,panel_6_mturk,Panel 6 (MTurk),w1_ft_politifact,Republican,treatmentcontrol,-6.330792945486565,3.009954859922972,2.103285012602673,0.03625174834886056,-12.253469097433332,-0.4081167935397989,308,thermometer
3,panel_6_mturk,Panel 6 (MTurk),w1_ft_politifact,Republican,treatmentfactcheck,2.47798035599818,3.373859632368919,0.7344645675902921,0.4632244356453451,-4.160749762751391,9.116710474747752,308,thermometer
3,panel_7_lucid,Panel 7 (Lucid),w1_ft_donald_trump,Democrat,treatmentcontrol,-0.25258422607370185,1.9197410880401136,0.13157202689846478,0.8953481386039419,-4.019570619407089,3.5144021672596852,1045,thermometer
3,panel_7_lucid,Panel 7 (Lucid),w1_ft_donald_trump,Democrat,treatmentfactcheck,-0.9233146899132797,1.9334501694571467,-0.47754770435718963,0.6330720247159742,-4.717201545754236,2.870572165927676,1045,thermometer
3,panel_7_lucid,Panel 7 (Lucid),w1_ft_donald_trump,Independent,treatmentcontrol,4.293145225717565,5.431271125356019,-0.7904494411400149,0.43007959000451434,-6.408260841842873,14.994551293278002,230,thermometer
3,panel_7_lucid,Panel 7 (Lucid),w1_ft_donald_trump,Independent,treatmentfactcheck,-6.488397690881486,5.376836334843203,-1.2067314842438288,0.22877524588753306,-17.082549161122948,4.105753779359977,230,thermometer
3,panel_7_lucid,Panel 7 (Lucid),w1_ft_donald_trump,Republican,treatmentcontrol,-0.8248345797847516,2.3926442077846697,0.34473766601030054,0.7303898173687999,-5.522034527734753,3.8723653681652497,738,thermometer
3,panel_7_lucid,Panel 7 (Lucid),w1_ft_donald_trump,Republican,treatmentfactcheck,-2.5131876445091064,2.5650114921331513,-0.9797958614286962,0.32750797218114924,-7.5487762239304015,2.5224009349121883,738,thermometer
3,panel_7_lucid,Panel 7 (Lucid),w1_ft_joe_biden,Democrat,treatmentcontrol,-0.6636780888853988,1.6289865075371444,0.40741779371077175,0.6837850053494166,-3.8601529967399335,2.5327968189691354,1040,thermometer
3,panel_7_lucid,Panel 7 (Lucid),w1_ft_joe_biden,Democrat,treatmentfactcheck,1.898452011744019,1.682908874102017,1.1280777236123456,0.25954726597257455,-1.403831931912379,5.2007359554004164,1040,thermometer
3,panel_7_lucid,Panel 7 (Lucid),w1_ft_joe_biden,Independent,treatmentcontrol,2.413351950488294,5.260160225733998,-0.45879818235984193,0.6468180793563114,-7.951633405982448,12.778337306959035,227,thermometer
3,panel_7_lucid,Panel 7 (Lucid),w1_ft_joe_biden,Independent,treatmentfactcheck,-4.044389347163963,5.2220930693135585,-0.7744766884623134,0.4394548668933206,-14.334364532474893,6.245585838146968,227,thermometer
3,panel_7_lucid,Panel 7 (Lucid),w1_ft_joe_biden,Republican,treatmentcontrol,0.26113529678812725,2.601130332536677,-0.10039300742514606,0.9200596609548063,-4.845383993175113,5.3676545867513665,736,thermometer
3,panel_7_lucid,Panel 7 (Lucid),w1_ft_joe_biden,Republican,treatmentfactcheck,0.39202326333850174,2.7106781502218027,0.14462184059233452,0.8850490443873393,-4.929559469307721,5.713605995984725,736,thermometer
3,panel_7_lucid,Panel 7 (Lucid),w1_ft_politifact,Democrat,treatmentcontrol,-2.9472948995961237,1.9694253907913783,1.4965252877194835,0.13485793555525336,-6.81235506171841,0.9177652625261632,925,thermometer
3,panel_7_lucid,Panel 7 (Lucid),w1_ft_politifact,Democrat,treatmentfactcheck,4.054152000650251,1.9709796735876222,2.056922278285494,0.03997365882317237,0.18604150895238147,7.9222624923481195,925,thermometer
3,panel_7_lucid,Panel 7 (Lucid),w1_ft_politifact,Independent,treatmentcontrol,3.1215878470526452,4.6185849876338185,-0.6758753720913749,0.49990054321996213,-5.985782448594739,12.228958142700028,200,thermometer
3,panel_7_lucid,Panel 7 (Lucid),w1_ft_politifact,Independent,treatmentfactcheck,-2.0159568074933314,4.71911682534668,-0.42718942592510056,0.6697009027410737,-11.321565454281686,7.289651839295022,200,thermometer
3,panel_7_lucid,Panel 7 (Lucid),w1_ft_politifact,Republican,treatmentcontrol,4.763633911649831,2.4930589124562124,-1.910758661918904,0.0564692396841155,-0.13166251832402054,9.658930341623682,659,thermometer
3,panel_7_lucid,Panel 7 (Lucid),w1_ft_politifact,Republican,treatmentfactcheck,-1.0975788785839036,2.497192408332776,-0.4395251542978582,0.6604251514248559,-6.00099171828508,3.8058339611172727,659,thermometer
3,panel_7_lucid,Panel 7 (Lucid),w1_ft_the_u.s._postal_service,Democrat,treatmentcontrol,-4.266934044062495,1.963198101925556,2.173460762761218,0.029974688872542284,-8.11929391290076,-0.41457417522423023,1022,thermometer
3,panel_7_lucid,Panel 7 (Lucid),w1_ft_the_u.s._postal_service,Democrat,treatmentfactcheck,3.6805950732288055,1.9871010816136752,1.852243505519048,0.06427906398804441,-0.21866932328083832,7.57985946973845,1022,thermometer
3,panel_7_lucid,Panel 7 (Lucid),w1_ft_the_u.s._postal_service,Independent,treatmentcontrol,2.4795474074764896,4.1241408480747195,-0.6012276250540816,0.5482830556710457,-5.646566032807392,10.605660847760372,229,thermometer
3,panel_7_lucid,Panel 7 (Lucid),w1_ft_the_u.s._postal_service,Independent,treatmentfactcheck,-3.1105722763822654,4.146537466978367,-0.7501613819129381,0.4539275463780288,-11.280815505777207,5.0596709530126756,229,thermometer
3,panel_7_lucid,Panel 7 (Lucid),w1_ft_the_u.s._postal_service,Republican,treatmentcontrol,2.8664131724656468,2.432775722270957,-1.1782480177785957,0.23908593283655158,-1.9097461716185649,7.642572516549858,722,thermometer
3,panel_7_lucid,Panel 7 (Lucid),w1_ft_the_u.s._postal_service,Republican,treatmentfactcheck,-2.556273138865363,2.434470283951895,-1.0500325905460404,0.294054463752275,-7.335759339812065,2.2232130620813395,722,thermometer
