name,value,fc,panel,panel_factor,term,estimate,std.error,statistic,p.value,conf.low,conf.high,df,outcome,type2
grp_agree,low,1,panel_1_lucid,Panel 1 (Lucid),treatmentcontrol,8.556886252966144,3.674089414024898,-2.3289814941091027,0.020235043102689174,1.3393211814728447,15.774451324459445,530,outcome_w1,treatmentcontrol
grp_agree,low,1,panel_1_lucid,Panel 1 (Lucid),treatmentfactcheck,-6.470154212025621,3.646241064582204,-1.7744724217149337,0.07655901393113484,-13.633012592530653,0.6927041684794109,530,outcome_w1,treatmentfactcheck
grp_agree,low,1,panel_1_mturk,Panel 1 (MTurk),treatmentcontrol,4.9382107771348105,1.8395178489963677,-2.684513651133679,0.007346114728745878,1.3298162555938768,8.546605298675743,1453,outcome_w1,treatmentcontrol
grp_agree,low,1,panel_1_mturk,Panel 1 (MTurk),treatmentfactcheck,-2.4411455669710476,1.833249472957904,-1.3315948554630253,0.18320221314052515,-6.037244054652624,1.154952920710529,1453,outcome_w1,treatmentfactcheck
grp_agree,low,1,panel_2_mturk,Panel 2 (MTurk),treatmentcontrol,1.1921928919999316,3.10963780186236,-0.3833864160275927,0.7015704464338026,-4.915029148807163,7.299414932807027,594,outcome_w1,treatmentcontrol
grp_agree,low,1,panel_2_mturk,Panel 2 (MTurk),treatmentfactcheck,-5.214089448492442,3.086125816046096,-1.6895258843246594,0.09164343495974786,-11.275134755174992,0.8469558581901087,594,outcome_w1,treatmentfactcheck
grp_agree,low,1,panel_3_lucid,Panel 3 (Lucid),treatmentcontrol,-3.325334043009166,3.6002220594841643,0.9236469273469248,0.3560796685712737,-10.397373832479811,3.7467057464614797,544,outcome_w1,treatmentcontrol
grp_agree,low,1,panel_3_lucid,Panel 3 (Lucid),treatmentfactcheck,-1.9862113459266975,3.6358585437293347,-0.5462839992365108,0.5850947009565541,-9.128253104824417,5.155830412971023,544,outcome_w1,treatmentfactcheck
grp_agree,low,1,panel_4_mturk,Panel 4 (MTurk),treatmentcontrol,9.026272939953861,3.348791083681117,-2.695382516974407,0.0072361551055964935,2.448942405753958,15.603603474153765,576,outcome_w1,treatmentcontrol
grp_agree,low,1,panel_4_mturk,Panel 4 (MTurk),treatmentfactcheck,-17.73446210572568,3.4322821885725636,-5.16695922170117,3.2846402207790056e-7,-24.47577677026224,-10.99314744118912,576,outcome_w1,treatmentfactcheck
grp_agree,low,1,panel_5_lucid,Panel 5 (Lucid),treatmentcontrol,11.937405536885136,3.5009041922765727,-3.4098064046484127,7.015038629915318e-4,5.059468867009871,18.8153422067604,511,outcome_w1,treatmentcontrol
grp_agree,low,1,panel_5_lucid,Panel 5 (Lucid),treatmentfactcheck,-10.875636871501252,3.451883261496751,-3.1506386652211207,0.0017246107348931415,-17.65726617651181,-4.094007566490691,511,outcome_w1,treatmentfactcheck
grp_agree,low,1,panel_6_mturk,Panel 6 (MTurk),treatmentcontrol,0.06427740717305315,3.340887296427082,-0.019239621534612898,0.9846572735832484,-6.49890075471024,6.627455569056346,524,outcome_w1,treatmentcontrol
grp_agree,low,1,panel_6_mturk,Panel 6 (MTurk),treatmentfactcheck,-5.368272277060171,3.2664341037746194,-1.6434656590367809,0.10088646607549999,-11.785187029033853,1.0486424749135095,524,outcome_w1,treatmentfactcheck
grp_agree,low,1,panel_7_lucid,Panel 7 (Lucid),treatmentcontrol,7.883025042702054,3.55380792361949,-2.218191081827893,0.0269323951760701,0.9029715622095722,14.863078523194536,574,outcome_w1,treatmentcontrol
grp_agree,low,1,panel_7_lucid,Panel 7 (Lucid),treatmentfactcheck,-13.035002793085217,3.8282785703687305,-3.40492536096445,7.080442149524082e-4,-20.554145564364084,-5.515860021806352,574,outcome_w1,treatmentfactcheck
grp_agree,low,2,panel_1_lucid,Panel 1 (Lucid),treatmentcontrol,1.2925664213897894,3.544653058999629,-0.36465244972510147,0.7155154890571597,-5.670637696351214,8.255770539130793,533,outcome_w1,treatmentcontrol
grp_agree,low,2,panel_1_lucid,Panel 1 (Lucid),treatmentfactcheck,-9.406452767500834,3.451525363121095,-2.725303098742089,0.006635429576425083,-16.186714536689355,-2.626190998312314,533,outcome_w1,treatmentfactcheck
grp_agree,low,2,panel_1_mturk,Panel 1 (MTurk),treatmentcontrol,3.257380298986118,1.8309834043261723,-1.7790332185915578,0.0754436133275182,-0.3342772002335863,6.849037798205822,1451,outcome_w1,treatmentcontrol
grp_agree,low,2,panel_1_mturk,Panel 1 (MTurk),treatmentfactcheck,-4.525561750419071,1.8095162406314678,-2.500978796874342,0.012494568669051164,-8.075109256020653,-0.9760142448174882,1451,outcome_w1,treatmentfactcheck
grp_agree,low,2,panel_2_mturk,Panel 2 (MTurk),treatmentcontrol,5.072583285563358,2.925884130443067,-1.73369247017831,0.08349241773903808,-0.6737726282321033,10.81893919935882,593,outcome_w1,treatmentcontrol
grp_agree,low,2,panel_2_mturk,Panel 2 (MTurk),treatmentfactcheck,-9.253492381856095,3.014737465668454,-3.069418975029831,0.002242780295608319,-15.17435380084924,-3.332630962862951,593,outcome_w1,treatmentfactcheck
grp_agree,low,2,panel_3_lucid,Panel 3 (Lucid),treatmentcontrol,4.515176790088562,3.322974841714867,-1.3587754964038314,0.17477572148177964,-2.0121242208091363,11.04247780098626,549,outcome_w1,treatmentcontrol
grp_agree,low,2,panel_3_lucid,Panel 3 (Lucid),treatmentfactcheck,-14.338599432408284,3.429173696860769,-4.181356997324029,3.3723528695861066e-5,-21.07450626416507,-7.602692600651498,549,outcome_w1,treatmentfactcheck
grp_agree,low,2,panel_4_mturk,Panel 4 (MTurk),treatmentcontrol,-6.948407971059951,3.33804331049159,2.0815811314433383,0.037822516920950136,-13.504652908673659,-0.39216303344624226,575,outcome_w1,treatmentcontrol
grp_agree,low,2,panel_4_mturk,Panel 4 (MTurk),treatmentfactcheck,-6.954107127518633,3.2495286879233745,-2.1400356160458105,0.03277204868193349,-13.336500652152266,-0.5717136028849996,575,outcome_w1,treatmentfactcheck
grp_agree,low,2,panel_5_lucid,Panel 5 (Lucid),treatmentcontrol,8.429322059251332,3.7610916316484952,-2.241190293881976,0.02544235380510135,1.0402166649519398,15.818427453550724,511,outcome_w1,treatmentcontrol
grp_agree,low,2,panel_5_lucid,Panel 5 (Lucid),treatmentfactcheck,-7.967517595376135,3.136692479516974,-2.5401016030118035,0.01137700693127817,-14.129917661789438,-1.805117528962831,511,outcome_w1,treatmentfactcheck
grp_agree,low,2,panel_6_mturk,Panel 6 (MTurk),treatmentcontrol,-4.346886635946156,3.022081629037393,1.4383749909927965,0.15092352475989948,-10.283744401750898,1.5899711298585872,525,outcome_w1,treatmentcontrol
grp_agree,low,2,panel_6_mturk,Panel 6 (MTurk),treatmentfactcheck,-1.5830040048749185,3.253826291653912,-0.4865053825815273,0.6268119132005534,-7.975122504446444,4.809114494696608,525,outcome_w1,treatmentfactcheck
grp_agree,low,2,panel_7_lucid,Panel 7 (Lucid),treatmentcontrol,13.675923481050658,3.519137553364133,-3.8861576945115734,1.1378809593173593e-4,6.763889530903673,20.587957431197644,571,outcome_w1,treatmentcontrol
grp_agree,low,2,panel_7_lucid,Panel 7 (Lucid),treatmentfactcheck,-11.75273797911203,3.5750605219872704,-3.2874235014569853,0.0010732114479603426,-18.77461175559562,-4.730864202628443,571,outcome_w1,treatmentfactcheck
grp_agree,low,3,panel_1_lucid,Panel 1 (Lucid),treatmentcontrol,10.38444722728964,3.6346698529811974,-2.8570537758119072,0.004443564366100542,3.2443506894733636,17.524543765105914,531,outcome_w1,treatmentcontrol
grp_agree,low,3,panel_1_lucid,Panel 1 (Lucid),treatmentfactcheck,-13.689916934860443,3.501095696133935,-3.910180732842423,1.0418152096388508e-4,-20.56761484682502,-6.812219022895868,531,outcome_w1,treatmentfactcheck
grp_agree,low,3,panel_1_mturk,Panel 1 (MTurk),treatmentcontrol,1.909070015772222,1.8337497465483559,-1.0410744537882777,0.2980141880831485,-1.68800980758057,5.506149839125014,1453,outcome_w1,treatmentcontrol
grp_agree,low,3,panel_1_mturk,Panel 1 (MTurk),treatmentfactcheck,0.355613649569244,1.8143495539182273,0.19600062667156337,0.8446370825905508,-3.203410794847384,3.914638093985872,1453,outcome_w1,treatmentfactcheck
grp_agree,low,3,panel_2_mturk,Panel 2 (MTurk),treatmentcontrol,0.8642784286609541,3.3027617336566153,-0.2616835540552536,0.7936567486466887,-5.62232217981494,7.350879037136849,590,outcome_w1,treatmentcontrol
grp_agree,low,3,panel_2_mturk,Panel 2 (MTurk),treatmentfactcheck,-4.4995587018603675,3.086877854309822,-1.4576406693832074,0.14547166195409825,-10.562164903213027,1.5630474994922912,590,outcome_w1,treatmentfactcheck
grp_agree,low,3,panel_3_lucid,Panel 3 (Lucid),treatmentcontrol,4.185077029458866,3.407407879084181,-1.2282289581908525,0.2198921493457678,-2.508211246012605,10.878365304930337,544,outcome_w1,treatmentcontrol
grp_agree,low,3,panel_3_lucid,Panel 3 (Lucid),treatmentfactcheck,-15.805162814054118,3.716443081690637,-4.252766009499663,2.4855397987919908e-5,-23.10549954739019,-8.504826080718047,544,outcome_w1,treatmentfactcheck
grp_agree,low,3,panel_4_mturk,Panel 4 (MTurk),treatmentcontrol,9.775646275162133,2.882601549741421,-3.3912582458852287,7.434066388182414e-4,4.1139544236045085,15.437338126719759,576,outcome_w1,treatmentcontrol
grp_agree,low,3,panel_4_mturk,Panel 4 (MTurk),treatmentfactcheck,-3.3048113091086075,3.191496768444403,-1.0355051403418578,0.3008676002453559,-9.573201489428548,2.963578871211334,576,outcome_w1,treatmentfactcheck
grp_agree,low,3,panel_5_lucid,Panel 5 (Lucid),treatmentcontrol,8.240690661720778,3.5307826392341184,-2.333955811991959,0.019985522874527865,1.3040219902845864,15.177359333156971,510,outcome_w1,treatmentcontrol
grp_agree,low,3,panel_5_lucid,Panel 5 (Lucid),treatmentfactcheck,-10.528059831004105,3.9267010983411024,-2.6811462261417995,0.00757469387148319,-18.242560346636303,-2.8135593153719096,510,outcome_w1,treatmentfactcheck
grp_agree,low,3,panel_6_mturk,Panel 6 (MTurk),treatmentcontrol,-5.2581279589621035,3.2060765206885113,1.640050674097108,0.10159362107890703,-11.556442374670539,1.0401864567463308,525,outcome_w1,treatmentcontrol
grp_agree,low,3,panel_6_mturk,Panel 6 (MTurk),treatmentfactcheck,-18.82844846296675,3.5483126858723235,-5.306310387450516,1.6527473296072585e-7,-25.79908337971272,-11.857813546220783,525,outcome_w1,treatmentfactcheck
grp_agree,low,3,panel_7_lucid,Panel 7 (Lucid),treatmentcontrol,2.3340901304830974,3.440101148646835,-0.6784946225785287,0.4977325316780902,-4.422681173082751,9.090861434048945,572,outcome_w1,treatmentcontrol
grp_agree,low,3,panel_7_lucid,Panel 7 (Lucid),treatmentfactcheck,-8.087601288293179,3.668838495712322,-2.204403736426379,0.02789337208435346,-15.29364017903849,-0.8815623975478681,572,outcome_w1,treatmentfactcheck
grp_agree,high,1,panel_1_lucid,Panel 1 (Lucid),treatmentcontrol,5.1745004694703205,3.1732663663600578,-1.6306543076009745,0.10348981807302639,-1.0576007813154407,11.40660172025608,598,outcome_w1,treatmentcontrol
grp_agree,high,1,panel_1_lucid,Panel 1 (Lucid),treatmentfactcheck,1.325517293398114,3.137928484878207,0.4224179422143719,0.6728718200646983,-4.837182517370565,7.488217104166794,598,outcome_w1,treatmentfactcheck
grp_agree,high,1,panel_1_mturk,Panel 1 (MTurk),treatmentcontrol,6.946093830830693,3.441012087914417,-2.018619421659949,0.04411682344776557,0.1837266691058952,13.70846099255549,452,outcome_w1,treatmentcontrol
grp_agree,high,1,panel_1_mturk,Panel 1 (MTurk),treatmentfactcheck,-10.746937182347148,3.4497466851951843,-3.115282994101665,0.001954621222684245,-17.526469803626654,-3.967404561067643,452,outcome_w1,treatmentfactcheck
grp_agree,high,1,panel_2_mturk,Panel 2 (MTurk),treatmentcontrol,-0.5524521394765091,3.1206503929731406,0.17703108964736378,0.8595472995148707,-6.681921613388161,5.577017334435142,566,outcome_w1,treatmentcontrol
grp_agree,high,1,panel_2_mturk,Panel 2 (MTurk),treatmentfactcheck,-14.858273858337535,2.8502078127877457,-5.213049305273246,2.607852804864954e-7,-20.456549724844493,-9.259997991830579,566,outcome_w1,treatmentfactcheck
grp_agree,high,1,panel_3_lucid,Panel 3 (Lucid),treatmentcontrol,3.165090325341155,3.5729521258465473,-0.8858473928170094,0.37604046629235144,-3.8513546324123515,10.18153528309466,625,outcome_w1,treatmentcontrol
grp_agree,high,1,panel_3_lucid,Panel 3 (Lucid),treatmentfactcheck,-13.986612862575715,3.298878854176153,-4.2398079713868935,2.5751727526686364e-5,-20.464841813695458,-7.508383911455971,625,outcome_w1,treatmentfactcheck
grp_agree,high,1,panel_4_mturk,Panel 4 (MTurk),treatmentcontrol,11.626546642019772,2.5443995340916983,-4.569465795854355,5.632149763673325e-6,6.63233246069429,16.620760823345254,830,outcome_w1,treatmentcontrol
grp_agree,high,1,panel_4_mturk,Panel 4 (MTurk),treatmentfactcheck,-23.389668138533427,2.3374205369351744,-10.006615313306847,2.4738221285266196e-22,-27.977618512235374,-18.80171776483148,830,outcome_w1,treatmentfactcheck
grp_agree,high,1,panel_5_lucid,Panel 5 (Lucid),treatmentcontrol,13.600542063758661,3.556449613550091,-3.8241908480695264,1.471822315666946e-4,6.613704052117325,20.5873800754,518,outcome_w1,treatmentcontrol
grp_agree,high,1,panel_5_lucid,Panel 5 (Lucid),treatmentfactcheck,-15.082593068038877,3.900133505024269,-3.8671991737229066,1.2410791470928977e-4,-22.7446167108197,-7.420569425258054,518,outcome_w1,treatmentfactcheck
grp_agree,high,1,panel_6_mturk,Panel 6 (MTurk),treatmentcontrol,0.3857173807791214,5.163057565689094,-0.07470716254306205,0.9405216393858569,-9.794682762995912,10.566117524554155,202,outcome_w1,treatmentcontrol
grp_agree,high,1,panel_6_mturk,Panel 6 (MTurk),treatmentfactcheck,-6.612843773412704,5.553640305460922,-1.190722374819677,0.23515995162642345,-17.563386130312274,4.337698583486864,202,outcome_w1,treatmentfactcheck
grp_agree,high,1,panel_7_lucid,Panel 7 (Lucid),treatmentcontrol,9.811103193547284,3.3682217353091395,-2.9128436203285792,0.0037083982267265216,3.1968028410443923,16.425403546050177,630,outcome_w1,treatmentcontrol
grp_agree,high,1,panel_7_lucid,Panel 7 (Lucid),treatmentfactcheck,-16.07466526786762,3.46376925853217,-4.640801412585874,4.224171780803309e-6,-22.876595790293653,-9.272734745441586,630,outcome_w1,treatmentfactcheck
grp_agree,high,2,panel_1_lucid,Panel 1 (Lucid),treatmentcontrol,11.679212560515577,3.0126673026221398,-3.876701735485469,1.1760589941447519e-4,5.762518057996007,17.595907063035146,598,outcome_w1,treatmentcontrol
grp_agree,high,2,panel_1_lucid,Panel 1 (Lucid),treatmentfactcheck,-15.149986868774008,2.971374950154211,-5.098645281366372,4.597285503197294e-7,-20.985585714089595,-9.314388023458422,598,outcome_w1,treatmentfactcheck
grp_agree,high,2,panel_1_mturk,Panel 1 (MTurk),treatmentcontrol,2.6173350437296814,3.114683609361991,-0.8403213205548714,0.40117154806187416,-3.5036865606231964,8.73835664808256,453,outcome_w1,treatmentcontrol
grp_agree,high,2,panel_1_mturk,Panel 1 (MTurk),treatmentfactcheck,-3.5117712506385548,3.2266470369153324,-1.0883654798498816,0.27701248328167816,-9.852825013921304,2.829282512644194,453,outcome_w1,treatmentfactcheck
grp_agree,high,2,panel_2_mturk,Panel 2 (MTurk),treatmentcontrol,7.298217855903913,3.429801371137325,-2.1278835320669947,0.03377900613343601,0.5614995785408521,14.034936133266974,565,outcome_w1,treatmentcontrol
grp_agree,high,2,panel_2_mturk,Panel 2 (MTurk),treatmentfactcheck,-31.341184012438408,3.422518567840365,-9.157345209733933,9.696463608813156e-19,-38.063597614757036,-24.61877041011978,565,outcome_w1,treatmentfactcheck
grp_agree,high,2,panel_3_lucid,Panel 3 (Lucid),treatmentcontrol,9.654717402905112,3.445752816243412,-2.8019181635410413,0.005238340171389434,2.8879776672143445,16.42145713859588,621,outcome_w1,treatmentcontrol
grp_agree,high,2,panel_3_lucid,Panel 3 (Lucid),treatmentfactcheck,-16.704599443491002,3.4055733059773137,-4.905077043613132,1.1942488241733277e-6,-23.39243500259762,-10.016763884384385,621,outcome_w1,treatmentfactcheck
grp_agree,high,2,panel_4_mturk,Panel 4 (MTurk),treatmentcontrol,-2.818493772166133,2.3287853831163416,1.2102848946923876,0.22651539240689933,-7.389519054028611,1.752531509696345,827,outcome_w1,treatmentcontrol
grp_agree,high,2,panel_4_mturk,Panel 4 (MTurk),treatmentfactcheck,-12.648045588820194,2.2871029089204375,-5.530160247485474,4.292338100868999e-8,-17.137254982992285,-8.158836194648103,827,outcome_w1,treatmentfactcheck
grp_agree,high,2,panel_5_lucid,Panel 5 (Lucid),treatmentcontrol,6.128911031767565,3.4674097746910513,-1.7675762110677142,0.0777137176842717,-0.6828207305971032,12.940642794132234,524,outcome_w1,treatmentcontrol
grp_agree,high,2,panel_5_lucid,Panel 5 (Lucid),treatmentfactcheck,-12.816013815649717,2.842740702588899,-4.508330219487871,8.067503605996254e-6,-18.40058223826051,-7.231445393038921,524,outcome_w1,treatmentfactcheck
grp_agree,high,2,panel_6_mturk,Panel 6 (MTurk),treatmentcontrol,-8.18584528076043,4.204191795919164,1.9470675169258675,0.05290614192384115,-16.475329487329653,0.10363892580879153,203,outcome_w1,treatmentcontrol
grp_agree,high,2,panel_6_mturk,Panel 6 (MTurk),treatmentfactcheck,-12.797255566802011,4.317524757161904,-2.96402598400251,0.003399553928621617,-21.31020050920572,-4.2843106243983,203,outcome_w1,treatmentfactcheck
grp_agree,high,2,panel_7_lucid,Panel 7 (Lucid),treatmentcontrol,10.127779543037573,3.3059469507782593,-3.063503345283073,0.0022809891187799696,3.6357704651727616,16.619788620902384,630,outcome_w1,treatmentcontrol
grp_agree,high,2,panel_7_lucid,Panel 7 (Lucid),treatmentfactcheck,-10.315081587210123,3.4557650126029698,-2.9848909140498945,0.0029467483445293143,-17.101293878821352,-3.528869295598895,630,outcome_w1,treatmentfactcheck
grp_agree,high,3,panel_1_lucid,Panel 1 (Lucid),treatmentcontrol,5.692472261459712,3.5226686086107937,-1.6159545202591754,0.10662979701624266,-1.2257868769566347,12.610731399876059,600,outcome_w1,treatmentcontrol
grp_agree,high,3,panel_1_lucid,Panel 1 (Lucid),treatmentfactcheck,-10.048996937256327,3.5402199960456886,-2.8385232975579857,0.004685658258807511,-17.001725695158463,-3.0962681793541904,600,outcome_w1,treatmentfactcheck
grp_agree,high,3,panel_1_mturk,Panel 1 (MTurk),treatmentcontrol,1.141998546463747,3.859238131225946,-0.2959129516324958,0.767432159284904,-6.442232451051679,8.726229543979173,453,outcome_w1,treatmentcontrol
grp_agree,high,3,panel_1_mturk,Panel 1 (MTurk),treatmentfactcheck,-10.355262718578848,3.6572148969776612,-2.831461374374386,0.004839923111390472,-17.542474713041088,-3.168050724116606,453,outcome_w1,treatmentfactcheck
grp_agree,high,3,panel_2_mturk,Panel 2 (MTurk),treatmentcontrol,10.534658865334546,3.795592008702113,-2.7754982203518836,0.005693967598503159,3.0794932994803865,17.989824431188705,566,outcome_w1,treatmentcontrol
grp_agree,high,3,panel_2_mturk,Panel 2 (MTurk),treatmentfactcheck,-20.482070439648638,3.592467643331527,-5.701393157338027,1.9149409837400776e-8,-27.538266418986414,-13.425874460310862,566,outcome_w1,treatmentfactcheck
grp_agree,high,3,panel_3_lucid,Panel 3 (Lucid),treatmentcontrol,-1.886736725916659,3.1495060180332004,0.5990579840501101,0.5493530391726551,-8.071729028004256,4.298255576170939,620,outcome_w1,treatmentcontrol
grp_agree,high,3,panel_3_lucid,Panel 3 (Lucid),treatmentfactcheck,-14.658745750009116,2.9078206491358496,-5.041145076937748,6.0818961666487e-7,-20.36911690909893,-8.9483745909193,620,outcome_w1,treatmentfactcheck
grp_agree,high,3,panel_4_mturk,Panel 4 (MTurk),treatmentcontrol,-0.294084034985981,1.9217681142970184,0.1530278459706658,0.8784135549252647,-4.066187569807882,3.4780194998359204,829,outcome_w1,treatmentcontrol
grp_agree,high,3,panel_4_mturk,Panel 4 (MTurk),treatmentfactcheck,-1.5756292960586638,1.8960805287624811,-0.8309928149977011,0.40621695710139205,-5.29731247502441,2.1460538829070828,829,outcome_w1,treatmentfactcheck
grp_agree,high,3,panel_5_lucid,Panel 5 (Lucid),treatmentcontrol,11.692370254612902,3.484541280397079,-3.355497700770675,8.492118238581509e-4,4.847103675494715,18.53763683373109,528,outcome_w1,treatmentcontrol
grp_agree,high,3,panel_5_lucid,Panel 5 (Lucid),treatmentfactcheck,-13.548887823267217,3.8202840240966642,-3.5465655793670883,4.250098526446544e-4,-21.05370996442091,-6.044065682113525,528,outcome_w1,treatmentfactcheck
grp_agree,high,3,panel_6_mturk,Panel 6 (MTurk),treatmentcontrol,6.211544198514013,5.296246117329038,-1.1728201561838616,0.24224231997192686,-4.2311640971250215,16.65425249415305,203,outcome_w1,treatmentcontrol
grp_agree,high,3,panel_6_mturk,Panel 6 (MTurk),treatmentfactcheck,-22.299069636691836,5.363047908914561,-4.157909833254686,4.7363736127626466e-5,-32.873492283911176,-11.724646989472499,203,outcome_w1,treatmentfactcheck
grp_agree,high,3,panel_7_lucid,Panel 7 (Lucid),treatmentcontrol,4.467065221591259,3.4314756724919993,-1.3017913131079248,0.1934620166821642,-2.271408158881848,11.205538602064365,632,outcome_w1,treatmentcontrol
grp_agree,high,3,panel_7_lucid,Panel 7 (Lucid),treatmentfactcheck,-15.713146064971005,3.4461314911177237,-4.559647856000578,6.154268060456826e-6,-22.480399437815954,-8.945892692126055,632,outcome_w1,treatmentfactcheck
grp_conscientiousness,low,1,panel_1_lucid,Panel 1 (Lucid),treatmentcontrol,5.454126226544754,3.449281428497247,-1.581235494872612,0.11434169225644822,-1.3197594578046328,12.228011910894141,611,outcome_w1,treatmentcontrol
grp_conscientiousness,low,1,panel_1_lucid,Panel 1 (Lucid),treatmentfactcheck,-4.088799432989832,3.481970604605817,-1.1742774127907127,0.2407414046214471,-10.926881891845813,2.7492830258661476,611,outcome_w1,treatmentfactcheck
grp_conscientiousness,low,1,panel_1_mturk,Panel 1 (MTurk),treatmentcontrol,4.781377219673799,1.8281556110529271,-2.615410411874054,0.009007053747985529,1.1951818482368393,8.36757259111076,1411,outcome_w1,treatmentcontrol
grp_conscientiousness,low,1,panel_1_mturk,Panel 1 (MTurk),treatmentfactcheck,-3.3575350377269104,1.8254961404541161,-1.839245213025583,0.06608912904131985,-6.938513467512806,0.22344339205898534,1411,outcome_w1,treatmentfactcheck
grp_conscientiousness,low,1,panel_2_mturk,Panel 2 (MTurk),treatmentcontrol,2.7114888422069914,2.137182746408738,-1.2687210987283615,0.20477433195045658,-1.4813303870713197,6.9043080714853025,1263,outcome_w1,treatmentcontrol
grp_conscientiousness,low,1,panel_2_mturk,Panel 2 (MTurk),treatmentfactcheck,-4.10219195928317,2.1235908780726387,-1.9317242325914963,0.053617032500380864,-8.26834606270026,0.06396214413392176,1263,outcome_w1,treatmentfactcheck
grp_conscientiousness,low,1,panel_3_lucid,Panel 3 (Lucid),treatmentcontrol,-0.18596802476620622,3.5038455883778146,0.053075405315536284,0.9576893766944035,-7.0671680432674595,6.695231993735048,604,outcome_w1,treatmentcontrol
grp_conscientiousness,low,1,panel_3_lucid,Panel 3 (Lucid),treatmentfactcheck,-3.1146259099437144,3.3746378806958854,-0.9229511491471334,0.3564012002489656,-9.742074997342144,3.512823177454714,604,outcome_w1,treatmentfactcheck
grp_conscientiousness,low,1,panel_4_mturk,Panel 4 (MTurk),treatmentcontrol,5.4615002902609655,3.110367459530597,-1.7559019509177838,0.07954816218133852,-0.645404517919177,11.568405098441108,691,outcome_w1,treatmentcontrol
grp_conscientiousness,low,1,panel_4_mturk,Panel 4 (MTurk),treatmentfactcheck,-20.836695539533967,2.983346051926566,-6.98433744421911,6.737994113865909e-12,-26.69420613467282,-14.979184944395112,691,outcome_w1,treatmentfactcheck
grp_conscientiousness,low,1,panel_5_lucid,Panel 5 (Lucid),treatmentcontrol,7.488049077644902,3.4185902728064725,-2.1903909155798393,0.028923529544919127,0.7726559420966659,14.203442213193139,539,outcome_w1,treatmentcontrol
grp_conscientiousness,low,1,panel_5_lucid,Panel 5 (Lucid),treatmentfactcheck,-7.98894219608071,3.5444938103812254,-2.253902143285578,0.024603212054783347,-14.951657088405792,-1.0262273037556273,539,outcome_w1,treatmentfactcheck
grp_conscientiousness,low,1,panel_6_mturk,Panel 6 (MTurk),treatmentcontrol,6.7587521159310295,4.630692924787497,-1.4595552384292874,0.14587870320467053,-2.368858838894777,15.886363070756836,214,outcome_w1,treatmentcontrol
grp_conscientiousness,low,1,panel_6_mturk,Panel 6 (MTurk),treatmentfactcheck,-3.716952488547299,4.812458295619091,-0.7723604570102851,0.44075311151930785,-13.202843212072425,5.768938234977826,214,outcome_w1,treatmentfactcheck
grp_conscientiousness,low,1,panel_7_lucid,Panel 7 (Lucid),treatmentcontrol,4.296651147590388,3.4177460311278915,-1.2571592823040887,0.2091574260802306,-2.414780009685134,11.008082304865908,636,outcome_w1,treatmentcontrol
grp_conscientiousness,low,1,panel_7_lucid,Panel 7 (Lucid),treatmentfactcheck,-11.40489162082669,3.438356119318029,-3.316960554710884,9.618572870216996e-4,-18.156794828036197,-4.652988413617185,636,outcome_w1,treatmentfactcheck
grp_conscientiousness,low,2,panel_1_lucid,Panel 1 (Lucid),treatmentcontrol,5.828300455355107,3.1464276667067317,-1.8523548203653473,0.06445777088076038,-0.350844713865782,12.007445624575997,610,outcome_w1,treatmentcontrol
grp_conscientiousness,low,2,panel_1_lucid,Panel 1 (Lucid),treatmentfactcheck,-11.848619359804168,3.1105225134566803,-3.809205465816405,1.5352834782939975e-4,-17.957251815002486,-5.739986904605848,610,outcome_w1,treatmentfactcheck
grp_conscientiousness,low,2,panel_1_mturk,Panel 1 (MTurk),treatmentcontrol,3.5137973214053035,1.792192005662933,-1.9606143260892115,0.05012066472165094,-0.0018523037832407496,7.029446946593848,1410,outcome_w1,treatmentcontrol
grp_conscientiousness,low,2,panel_1_mturk,Panel 1 (MTurk),treatmentfactcheck,-4.2771524037183655,1.7643030614832858,-2.424273072519908,0.015464114091595873,-7.7380937410436275,-0.8162110663931039,1410,outcome_w1,treatmentfactcheck
grp_conscientiousness,low,2,panel_2_mturk,Panel 2 (MTurk),treatmentcontrol,5.904803196047844,1.9773156703259367,-2.986272391739306,0.002878557156493203,2.0256093774085175,9.78399701468717,1260,outcome_w1,treatmentcontrol
grp_conscientiousness,low,2,panel_2_mturk,Panel 2 (MTurk),treatmentfactcheck,-16.257099533632225,2.1011493516691733,-7.737241296396864,2.071352984802358e-14,-20.37923627656793,-12.13496279069652,1260,outcome_w1,treatmentfactcheck
grp_conscientiousness,low,2,panel_3_lucid,Panel 3 (Lucid),treatmentcontrol,6.862051810422689,3.1667722311430744,-2.166891493786331,0.030627591234149636,0.6430132602689778,13.0810903605764,613,outcome_w1,treatmentcontrol
grp_conscientiousness,low,2,panel_3_lucid,Panel 3 (Lucid),treatmentfactcheck,-16.46177894536667,3.074497661507821,-5.354298736819772,1.2159322884751388e-7,-22.499604871474684,-10.423953019258658,613,outcome_w1,treatmentfactcheck
grp_conscientiousness,low,2,panel_4_mturk,Panel 4 (MTurk),treatmentcontrol,-5.55455560547668,2.9508519001929248,1.8823566188169345,0.06020817666466817,-11.348281818221537,0.23917060726817585,690,outcome_w1,treatmentcontrol
grp_conscientiousness,low,2,panel_4_mturk,Panel 4 (MTurk),treatmentfactcheck,-4.197207604287722,2.9236940486773086,-1.4355837288058768,0.1515739816371607,-9.93761187424122,1.5431966656657758,690,outcome_w1,treatmentfactcheck
grp_conscientiousness,low,2,panel_5_lucid,Panel 5 (Lucid),treatmentcontrol,0.043883548602930623,3.6321046867991233,-0.012082126586941529,0.9903645878825271,-7.091021825494961,7.1787889227008215,536,outcome_w1,treatmentcontrol
grp_conscientiousness,low,2,panel_5_lucid,Panel 5 (Lucid),treatmentfactcheck,-4.227098814375982,3.0249438839404843,-1.3974139609061091,0.16286726695480513,-10.169297686647958,1.7151000578959943,536,outcome_w1,treatmentfactcheck
grp_conscientiousness,low,2,panel_6_mturk,Panel 6 (MTurk),treatmentcontrol,-3.6918789991519385,4.753305082963738,0.7766972526934903,0.43818711997692084,-13.060678834390297,5.676920836086419,216,outcome_w1,treatmentcontrol
grp_conscientiousness,low,2,panel_6_mturk,Panel 6 (MTurk),treatmentfactcheck,2.302773966422498,4.806367221984176,0.47910903600741966,0.6323457400529994,-7.170611741305683,11.776159674150678,216,outcome_w1,treatmentfactcheck
grp_conscientiousness,low,2,panel_7_lucid,Panel 7 (Lucid),treatmentcontrol,9.728344919842364,3.336441572796086,-2.915784588935445,0.003673088555255042,3.1765517335453843,16.280138106139344,635,outcome_w1,treatmentcontrol
grp_conscientiousness,low,2,panel_7_lucid,Panel 7 (Lucid),treatmentfactcheck,-6.413044172953748,3.5314286024758355,-1.8159914569581421,0.06984313056419794,-13.347734725980713,0.5216463800732161,635,outcome_w1,treatmentfactcheck
grp_conscientiousness,low,3,panel_1_lucid,Panel 1 (Lucid),treatmentcontrol,7.894403047955663,3.4804390127172455,-2.2682204799768497,0.02366450607626979,1.059306172930567,14.729499922980759,610,outcome_w1,treatmentcontrol
grp_conscientiousness,low,3,panel_1_lucid,Panel 1 (Lucid),treatmentfactcheck,-10.530988949953322,3.388377696854636,-3.1079737538495285,0.001971399789691669,-17.185290238541192,-3.8766876613654535,610,outcome_w1,treatmentfactcheck
grp_conscientiousness,low,3,panel_1_mturk,Panel 1 (MTurk),treatmentcontrol,0.8115941142349603,1.8082111857290717,-0.4488381228035182,0.6536173577980657,-2.7354773416283216,4.358665570098243,1411,outcome_w1,treatmentcontrol
grp_conscientiousness,low,3,panel_1_mturk,Panel 1 (MTurk),treatmentfactcheck,0.6635735384692495,1.7981346843946122,0.3690343911544415,0.7121574581181058,-2.8637313820797305,4.190878459018229,1411,outcome_w1,treatmentfactcheck
grp_conscientiousness,low,3,panel_2_mturk,Panel 2 (MTurk),treatmentcontrol,-1.5857191980962584,2.414286978959466,0.6568064243877452,0.5114253338523194,-6.322184531250264,3.150746135057747,1260,outcome_w1,treatmentcontrol
grp_conscientiousness,low,3,panel_2_mturk,Panel 2 (MTurk),treatmentfactcheck,-4.186544990464945,2.305119065919143,-1.8161946826792665,0.06957806686990566,-8.708839415141817,0.3357494342119276,1260,outcome_w1,treatmentfactcheck
grp_conscientiousness,low,3,panel_3_lucid,Panel 3 (Lucid),treatmentcontrol,-0.17225779946807737,3.0657421974104038,0.056187959840061405,0.955210562296275,-6.193007114920164,5.8484915159840085,607,outcome_w1,treatmentcontrol
grp_conscientiousness,low,3,panel_3_lucid,Panel 3 (Lucid),treatmentfactcheck,-17.98167680273875,3.263753047992419,-5.50950900338478,5.321995921575885e-8,-24.391295636997985,-11.572057968479516,607,outcome_w1,treatmentfactcheck
grp_conscientiousness,low,3,panel_4_mturk,Panel 4 (MTurk),treatmentcontrol,1.2942558847719774,2.747565999239014,-0.4710554305630671,0.6377493945775057,-4.10029613055253,6.688807900096484,693,outcome_w1,treatmentcontrol
grp_conscientiousness,low,3,panel_4_mturk,Panel 4 (MTurk),treatmentfactcheck,-3.5525029063161573,2.7029882664412406,-1.3142872096124152,0.18918440562427627,-8.859531310426437,1.754525497794122,693,outcome_w1,treatmentfactcheck
grp_conscientiousness,low,3,panel_5_lucid,Panel 5 (Lucid),treatmentcontrol,8.972004531496278,3.5327538085457184,-2.5396631120439337,0.011378320951277679,2.032205172091258,15.911803890901298,534,outcome_w1,treatmentcontrol
grp_conscientiousness,low,3,panel_5_lucid,Panel 5 (Lucid),treatmentfactcheck,-12.602192746703926,3.809796509447347,-3.3078388085698607,0.0010035061351364443,-20.08621931877068,-5.118166174637173,534,outcome_w1,treatmentfactcheck
grp_conscientiousness,low,3,panel_6_mturk,Panel 6 (MTurk),treatmentcontrol,-8.493584396646826,4.4788549126508475,1.8963740871927077,0.05925137377953681,-17.321672228940365,0.3345034356467149,215,outcome_w1,treatmentcontrol
grp_conscientiousness,low,3,panel_6_mturk,Panel 6 (MTurk),treatmentfactcheck,-16.664896578196903,5.674805350649748,-2.9366463778865692,0.0036789513571543913,-27.850273430927903,-5.479519725465902,215,outcome_w1,treatmentfactcheck
grp_conscientiousness,low,3,panel_7_lucid,Panel 7 (Lucid),treatmentcontrol,1.7870917351599014,3.3673177424587357,-0.5307166925848255,0.5958018471743863,-4.825413242917921,8.399596713237724,631,outcome_w1,treatmentcontrol
grp_conscientiousness,low,3,panel_7_lucid,Panel 7 (Lucid),treatmentfactcheck,-9.869909823790174,3.454244378098396,-2.85732818626564,0.004413019099676932,-16.653115298481985,-3.086704349098361,631,outcome_w1,treatmentfactcheck
grp_conscientiousness,high,1,panel_1_lucid,Panel 1 (Lucid),treatmentcontrol,7.671918845758385,3.185228497456281,-2.4085929319937858,0.016305331302756052,1.4167550602181684,13.927082631298601,619,outcome_w1,treatmentcontrol
grp_conscientiousness,high,1,panel_1_lucid,Panel 1 (Lucid),treatmentfactcheck,-3.397587754415106,3.1494049950973437,-1.078803062706799,0.28109572249611225,-9.582401210361766,2.787225701531553,619,outcome_w1,treatmentfactcheck
grp_conscientiousness,high,1,panel_1_mturk,Panel 1 (MTurk),treatmentcontrol,4.6530749534018545,3.7897387687595168,-1.2278088906177909,0.2202231396750966,-2.79666784921353,12.102817756017238,410,outcome_w1,treatmentcontrol
grp_conscientiousness,high,1,panel_1_mturk,Panel 1 (MTurk),treatmentfactcheck,-5.375213796546563,3.6924671716493305,-1.4557241937903522,0.1462341436983543,-12.633743319121617,1.8833157260284894,410,outcome_w1,treatmentfactcheck
grp_conscientiousness,high,1,panel_2_mturk,Panel 2 (MTurk),treatmentcontrol,-2.5916620042912726,3.566889329925439,0.7265888466310918,0.46781787473855174,-9.599600228846466,4.416276220263922,500,outcome_w1,treatmentcontrol
grp_conscientiousness,high,1,panel_2_mturk,Panel 2 (MTurk),treatmentfactcheck,-15.680722266809168,3.302641984937233,-4.747932818127479,2.687713431550007e-6,-22.169488490667952,-9.191956042950386,500,outcome_w1,treatmentfactcheck
grp_conscientiousness,high,1,panel_3_lucid,Panel 3 (Lucid),treatmentcontrol,-1.37313930331346,3.658915803921831,0.3752858433751475,0.7075710782023565,-8.557943723810322,5.811665117183401,646,outcome_w1,treatmentcontrol
grp_conscientiousness,high,1,panel_3_lucid,Panel 3 (Lucid),treatmentfactcheck,-13.660418892596999,3.3410433032063636,-4.0886686142281485,4.886028654615218e-5,-20.221035200908574,-7.099802584285425,646,outcome_w1,treatmentfactcheck
grp_conscientiousness,high,1,panel_4_mturk,Panel 4 (MTurk),treatmentcontrol,9.301233461267667,2.8614863400942077,-3.250490254292616,0.001203773820001031,3.6837092691912545,14.91875765334408,746,outcome_w1,treatmentcontrol
grp_conscientiousness,high,1,panel_4_mturk,Panel 4 (MTurk),treatmentfactcheck,-20.119389418911897,2.593270381239971,-7.7583076429121975,2.8321603073862875e-14,-25.210365705987638,-15.028413131836157,746,outcome_w1,treatmentfactcheck
grp_conscientiousness,high,1,panel_5_lucid,Panel 5 (Lucid),treatmentcontrol,14.72477336079018,3.4077683772040137,-4.320943130786218,1.832638533868533e-5,8.03148264387736,21.418064077703,571,outcome_w1,treatmentcontrol
grp_conscientiousness,high,1,panel_5_lucid,Panel 5 (Lucid),treatmentfactcheck,-16.91145530865301,3.850640339256178,-4.391855332798952,1.3396370204549289e-5,-24.474602912616593,-9.348307704689429,571,outcome_w1,treatmentfactcheck
grp_conscientiousness,high,1,panel_6_mturk,Panel 6 (MTurk),treatmentcontrol,0.7467281453487311,5.881378718714925,-0.12696481234452633,0.8991011163667615,-10.853682603542703,12.347138894240166,192,outcome_w1,treatmentcontrol
grp_conscientiousness,high,1,panel_6_mturk,Panel 6 (MTurk),treatmentfactcheck,-10.81260293173363,5.620671659065032,-1.9237207913212722,0.05586858144881647,-21.898795990910415,0.27359012744315336,192,outcome_w1,treatmentfactcheck
grp_conscientiousness,high,1,panel_7_lucid,Panel 7 (Lucid),treatmentcontrol,9.517501746302777,3.4106680622343637,-2.7905095343895074,0.005423365198464245,2.819724028245063,16.215279464360492,624,outcome_w1,treatmentcontrol
grp_conscientiousness,high,1,panel_7_lucid,Panel 7 (Lucid),treatmentfactcheck,-11.747815046441897,3.745260624950677,-3.1367149640211243,0.0017889313254714641,-19.10265659196602,-4.3929735009177735,624,outcome_w1,treatmentfactcheck
grp_conscientiousness,high,2,panel_1_lucid,Panel 1 (Lucid),treatmentcontrol,9.11026795823968,3.2448954470292954,-2.807569028635464,0.005148968591225195,2.7379299911734503,15.48260592530591,619,outcome_w1,treatmentcontrol
grp_conscientiousness,high,2,panel_1_lucid,Panel 1 (Lucid),treatmentfactcheck,-12.624889893600523,3.2869361217928055,-3.840929493547469,1.3519581194408245e-4,-19.079787496972404,-6.169992290228643,619,outcome_w1,treatmentfactcheck
grp_conscientiousness,high,2,panel_1_mturk,Panel 1 (MTurk),treatmentcontrol,3.2063869574478625,3.3411314199377844,-0.9596710079448384,0.33778640103707425,-3.3614983948243156,9.77427230972004,410,outcome_w1,treatmentcontrol
grp_conscientiousness,high,2,panel_1_mturk,Panel 1 (MTurk),treatmentfactcheck,-4.218147008576664,3.540113859338141,-1.1915286276598143,0.23413539864784783,-11.177185441897453,2.7408914247441256,410,outcome_w1,treatmentfactcheck
grp_conscientiousness,high,2,panel_2_mturk,Panel 2 (MTurk),treatmentcontrol,5.406144609612472,3.757493238966206,-1.4387636293125725,0.15084694527919018,-1.9763850224038135,12.788674241628758,497,outcome_w1,treatmentcontrol
grp_conscientiousness,high,2,panel_2_mturk,Panel 2 (MTurk),treatmentfactcheck,-30.657048898850586,3.641056424617098,-8.419822525017462,4.0618853724173835e-16,-37.810809461297936,-23.503288336403237,497,outcome_w1,treatmentfactcheck
grp_conscientiousness,high,2,panel_3_lucid,Panel 3 (Lucid),treatmentcontrol,9.401162937089683,3.2628352325376593,-2.8812864478535007,0.004091155962576651,2.9941933659261792,15.808132508253188,650,outcome_w1,treatmentcontrol
grp_conscientiousness,high,2,panel_3_lucid,Panel 3 (Lucid),treatmentfactcheck,-17.69589058604706,3.348518645104212,-5.284692265912807,1.7208988741101285e-7,-24.27110984741646,-11.120671324677657,650,outcome_w1,treatmentfactcheck
grp_conscientiousness,high,2,panel_4_mturk,Panel 4 (MTurk),treatmentcontrol,-5.482340001898416,2.609247679023488,2.101119048978204,0.03596680311545047,-10.604715715421076,-0.3599642883757568,743,outcome_w1,treatmentcontrol
grp_conscientiousness,high,2,panel_4_mturk,Panel 4 (MTurk),treatmentfactcheck,-10.825366962341278,2.4603470834228895,-4.3999348853173945,1.2413052979274784e-5,-15.655426694991238,-5.995307229691317,743,outcome_w1,treatmentfactcheck
grp_conscientiousness,high,2,panel_5_lucid,Panel 5 (Lucid),treatmentcontrol,8.498281405781817,3.248378997299184,-2.616160679787545,0.009124913855635608,2.1182158337811465,14.878346977782488,578,outcome_w1,treatmentcontrol
grp_conscientiousness,high,2,panel_5_lucid,Panel 5 (Lucid),treatmentfactcheck,-11.992815231879993,2.721314282175325,-4.406993822960187,1.2496103168916117e-5,-17.337685266052738,-6.64794519770725,578,outcome_w1,treatmentfactcheck
grp_conscientiousness,high,2,panel_6_mturk,Panel 6 (MTurk),treatmentcontrol,-12.846252981308826,4.918273638298413,2.6119435245073666,0.009718603601315613,-22.547360788126525,-3.1451451744911285,191,outcome_w1,treatmentcontrol
grp_conscientiousness,high,2,panel_6_mturk,Panel 6 (MTurk),treatmentfactcheck,-5.750059746203702,5.030156907486364,-1.1431173722724055,0.25442064467035924,-15.671853048785525,4.171733556378122,191,outcome_w1,treatmentfactcheck
grp_conscientiousness,high,2,panel_7_lucid,Panel 7 (Lucid),treatmentcontrol,10.653830738876247,3.526507351283083,-3.0210714674960086,0.0026227350890532563,3.7284622477920175,17.579199229960476,619,outcome_w1,treatmentcontrol
grp_conscientiousness,high,2,panel_7_lucid,Panel 7 (Lucid),treatmentfactcheck,-8.095537527065348,3.6896713582218568,-2.194108022392213,0.028598570560660622,-15.341328112866522,-0.8497469412641738,619,outcome_w1,treatmentfactcheck
grp_conscientiousness,high,3,panel_1_lucid,Panel 1 (Lucid),treatmentcontrol,4.7842715446961295,3.546472428294524,-1.349022624996652,0.17781979805285206,-2.1802168396776826,11.74875992906994,623,outcome_w1,treatmentcontrol
grp_conscientiousness,high,3,panel_1_lucid,Panel 1 (Lucid),treatmentfactcheck,-9.90949665411296,3.5344379497041993,-2.8036980122800843,0.005209367539947453,-16.850351981118095,-2.9686413271078234,623,outcome_w1,treatmentfactcheck
grp_conscientiousness,high,3,panel_1_mturk,Panel 1 (MTurk),treatmentcontrol,6.738421030678943,4.256078986557334,-1.5832462348471428,0.11413450107670273,-1.627977642846016,15.104819704203901,411,outcome_w1,treatmentcontrol
grp_conscientiousness,high,3,panel_1_mturk,Panel 1 (MTurk),treatmentfactcheck,-13.907409863747088,4.024895651375529,-3.4553466892971887,6.067953728702239e-4,-21.819359276599222,-5.995460450894954,411,outcome_w1,treatmentfactcheck
grp_conscientiousness,high,3,panel_2_mturk,Panel 2 (MTurk),treatmentcontrol,6.7380203238964365,3.9462210178429955,-1.707461465901228,0.0883595863727743,-1.015273945264548,14.491314593057421,498,outcome_w1,treatmentcontrol
grp_conscientiousness,high,3,panel_2_mturk,Panel 2 (MTurk),treatmentfactcheck,-18.3105260464487,3.9788888931293163,-4.601919414755972,5.318565299342997e-6,-26.128004163675435,-10.493047929221968,498,outcome_w1,treatmentfactcheck
grp_conscientiousness,high,3,panel_3_lucid,Panel 3 (Lucid),treatmentcontrol,-1.8850186665938231,3.151418794344107,0.598149211389134,0.5499496959857051,-8.073262181879809,4.303224848692162,647,outcome_w1,treatmentcontrol
grp_conscientiousness,high,3,panel_3_lucid,Panel 3 (Lucid),treatmentfactcheck,-10.215208641343317,3.03394126917543,-3.3669763963887225,8.049915206370105e-4,-16.17276890544681,-4.257648377239825,647,outcome_w1,treatmentfactcheck
grp_conscientiousness,high,3,panel_4_mturk,Panel 4 (MTurk),treatmentcontrol,0.7100642961678613,2.1557769553417314,-0.32937744065239005,0.7419629959036762,-3.522056418409918,4.94218501074564,745,outcome_w1,treatmentcontrol
grp_conscientiousness,high,3,panel_4_mturk,Panel 4 (MTurk),treatmentfactcheck,-0.3309597772478266,2.1934176089602735,-0.15088771782255753,0.8801051340848448,-4.636974866424311,3.975055311928658,745,outcome_w1,treatmentfactcheck
grp_conscientiousness,high,3,panel_5_lucid,Panel 5 (Lucid),treatmentcontrol,12.84812045988113,3.410370579951331,-3.7673678442489043,1.8185882704196437e-4,6.149915265559389,19.54632565420287,579,outcome_w1,treatmentcontrol
grp_conscientiousness,high,3,panel_5_lucid,Panel 5 (Lucid),treatmentfactcheck,-19.012136483108424,3.617867918978568,-5.255066494654155,2.0833681965548306e-7,-26.117880893916137,-11.90639207230071,579,outcome_w1,treatmentfactcheck
grp_conscientiousness,high,3,panel_6_mturk,Panel 6 (MTurk),treatmentcontrol,2.2687300424478014,5.89539730740529,-0.3848307288124616,0.7007887697786145,-9.359330921589704,13.896791006485307,192,outcome_w1,treatmentcontrol
grp_conscientiousness,high,3,panel_6_mturk,Panel 6 (MTurk),treatmentfactcheck,-23.502678462715885,5.287508669030699,-4.4449437218652115,1.4846040367568817e-5,-33.93174200931274,-13.073614916119025,192,outcome_w1,treatmentfactcheck
grp_conscientiousness,high,3,panel_7_lucid,Panel 7 (Lucid),treatmentcontrol,8.637994477176965,3.360242849360859,-2.5706458921027004,0.010379400551386336,2.0393625551657637,15.236626399188168,630,outcome_w1,treatmentcontrol
grp_conscientiousness,high,3,panel_7_lucid,Panel 7 (Lucid),treatmentfactcheck,-20.66639258641541,3.5051407805969177,-5.8960235494153155,6.072988560439896e-9,-27.549565881580488,-13.78321929125033,630,outcome_w1,treatmentfactcheck
grp_crt,low,1,panel_1_lucid,Panel 1 (Lucid),treatmentcontrol,10.015547847396538,2.259360835435768,-4.432912038800042,1.0064289443536237e-5,5.583236258462827,14.447859436330251,1326,outcome_w1,treatmentcontrol
grp_crt,low,1,panel_1_lucid,Panel 1 (Lucid),treatmentfactcheck,-2.25380909756405,2.297641263932939,-0.9809229721554268,0.32680966294896896,-6.7612174944959555,2.2535992993678557,1326,outcome_w1,treatmentfactcheck
grp_crt,low,1,panel_1_mturk,Panel 1 (MTurk),treatmentcontrol,4.086911921757403,2.325693086316512,-1.7572877288939062,0.07921846894443382,-0.47767669175810923,8.651500535272914,875,outcome_w1,treatmentcontrol
grp_crt,low,1,panel_1_mturk,Panel 1 (MTurk),treatmentfactcheck,-1.8404096162897214,2.295451096169,-0.8017638098939589,0.4229072761469922,-6.345642915602525,2.664823683023082,875,outcome_w1,treatmentfactcheck
grp_crt,low,1,panel_2_mturk,Panel 2 (MTurk),treatmentcontrol,3.9032160939495935,2.8432635457678463,-1.372794336901857,0.17023216427049281,-1.6786075817857018,9.485039769684889,740,outcome_w1,treatmentcontrol
grp_crt,low,1,panel_2_mturk,Panel 2 (MTurk),treatmentfactcheck,-2.6768838937207793,2.8373855125048317,-0.9434332704961328,0.3457672396705448,-8.24716796199229,2.89340017455073,740,outcome_w1,treatmentfactcheck
grp_crt,low,1,panel_3_lucid,Panel 3 (Lucid),treatmentcontrol,-1.1341591709940195,2.4012498909572315,0.47232034252874017,0.6367746051254419,-5.844752035424867,3.5764336934368286,1348,outcome_w1,treatmentcontrol
grp_crt,low,1,panel_3_lucid,Panel 3 (Lucid),treatmentfactcheck,-7.485570780434345,2.2519660910076507,-3.324015761305224,9.111356305459103e-4,-11.903309825083326,-3.067831735785364,1348,outcome_w1,treatmentfactcheck
grp_crt,low,1,panel_4_mturk,Panel 4 (MTurk),treatmentcontrol,4.505181741056734,2.8141650880958036,-1.6008946170621254,0.10976287145949877,-1.0181556695962808,10.028519151709748,871,outcome_w1,treatmentcontrol
grp_crt,low,1,panel_4_mturk,Panel 4 (MTurk),treatmentfactcheck,-15.935873709597097,2.768352984722409,-5.756445726950905,1.1899191751009111e-8,-21.369296102295642,-10.50245131689855,871,outcome_w1,treatmentfactcheck
grp_crt,low,1,panel_5_lucid,Panel 5 (Lucid),treatmentcontrol,11.6274008915829,2.2074009000317116,-5.267462240962147,1.6244909091015576e-7,7.296827882601081,15.957973900564719,1264,outcome_w1,treatmentcontrol
grp_crt,low,1,panel_5_lucid,Panel 5 (Lucid),treatmentfactcheck,-12.796324175847069,2.3651836991015927,-5.410287657871019,7.519646094580655e-8,-17.436442193587293,-8.156206158106844,1264,outcome_w1,treatmentfactcheck
grp_crt,low,1,panel_6_mturk,Panel 6 (MTurk),treatmentcontrol,4.856180185566939,4.180823386523669,-1.1615367923027298,0.2463115019481476,-3.3699932659539025,13.082353637087781,312,outcome_w1,treatmentcontrol
grp_crt,low,1,panel_6_mturk,Panel 6 (MTurk),treatmentfactcheck,-10.671249157654827,4.475187237890864,-2.3845369121771403,0.017697826575183907,-19.476611892083334,-1.8658864232263195,312,outcome_w1,treatmentfactcheck
grp_crt,low,1,panel_7_lucid,Panel 7 (Lucid),treatmentcontrol,7.986731504107495,2.2048873558793196,-3.6222855026180456,3.025366532195469e-4,3.6614600270152415,12.312002981199749,1388,outcome_w1,treatmentcontrol
grp_crt,low,1,panel_7_lucid,Panel 7 (Lucid),treatmentfactcheck,-10.497786393800435,2.352043429898197,-4.463262140637772,8.725178128550662e-6,-15.111730200541427,-5.883842587059444,1388,outcome_w1,treatmentfactcheck
grp_crt,low,2,panel_1_lucid,Panel 1 (Lucid),treatmentcontrol,7.9798998871514355,2.197482212910906,-3.6313831530771847,2.9266642060685427e-4,3.6689730233726374,12.290826750930233,1324,outcome_w1,treatmentcontrol
grp_crt,low,2,panel_1_lucid,Panel 1 (Lucid),treatmentfactcheck,-13.325666494200041,2.148016752308957,-6.203706968242193,7.359461255722409e-10,-17.539554127497123,-9.111778860902959,1324,outcome_w1,treatmentfactcheck
grp_crt,low,2,panel_1_mturk,Panel 1 (MTurk),treatmentcontrol,2.785904754401229,2.309918555495003,-1.2060618967599162,0.22812037890745007,-1.7477379076027377,7.319547416405196,873,outcome_w1,treatmentcontrol
grp_crt,low,2,panel_1_mturk,Panel 1 (MTurk),treatmentfactcheck,-4.362198913110285,2.2618011274918426,-1.9286394635180046,0.05409958180632078,-8.801402217561108,0.07700439134053827,873,outcome_w1,treatmentfactcheck
grp_crt,low,2,panel_2_mturk,Panel 2 (MTurk),treatmentcontrol,5.504434280045536,2.5239959587523275,-2.180841162188909,0.02950979772272994,0.549377738622848,10.459490821468224,739,outcome_w1,treatmentcontrol
grp_crt,low,2,panel_2_mturk,Panel 2 (MTurk),treatmentfactcheck,-15.206038929562869,2.781523286419674,-5.466802670250445,6.271372848683872e-8,-20.666667781879422,-9.745410077246316,739,outcome_w1,treatmentfactcheck
grp_crt,low,2,panel_3_lucid,Panel 3 (Lucid),treatmentcontrol,7.023923969278598,2.143796509618857,-3.2763949086414796,0.0010780029743789343,2.8184062355432973,11.229441703013897,1356,outcome_w1,treatmentcontrol
grp_crt,low,2,panel_3_lucid,Panel 3 (Lucid),treatmentfactcheck,-13.51848583951519,2.218411501320368,-6.093768370507083,1.434646734334708e-9,-17.870376920438655,-9.166594758591724,1356,outcome_w1,treatmentfactcheck
grp_crt,low,2,panel_4_mturk,Panel 4 (MTurk),treatmentcontrol,-6.084985457042209,2.707526143890108,2.247433684351963,0.024863333656087963,-11.399066230237105,-0.7709046838473128,866,outcome_w1,treatmentcontrol
grp_crt,low,2,panel_4_mturk,Panel 4 (MTurk),treatmentfactcheck,-5.974956720901563,2.7330840289368368,-2.186159173168857,0.02907102602906786,-11.339200136417324,-0.6107133053858025,866,outcome_w1,treatmentfactcheck
grp_crt,low,2,panel_5_lucid,Panel 5 (Lucid),treatmentcontrol,7.277817118714709,2.274545501227543,-3.1996797227344826,0.0014098830624207405,2.8155304659266918,11.740103771502726,1268,outcome_w1,treatmentcontrol
grp_crt,low,2,panel_5_lucid,Panel 5 (Lucid),treatmentfactcheck,-10.513016446296655,1.9474817137870077,-5.39826195638746,8.024795931253549e-8,-14.333657384581027,-6.692375508012282,1268,outcome_w1,treatmentfactcheck
grp_crt,low,2,panel_6_mturk,Panel 6 (MTurk),treatmentcontrol,-4.945262979540182,3.719625377293583,1.329505656598778,0.1846524503412776,-12.263984843497694,2.37345888441733,312,outcome_w1,treatmentcontrol
grp_crt,low,2,panel_6_mturk,Panel 6 (MTurk),treatmentfactcheck,-6.138384059727589,4.138875666706929,-1.483104242319885,0.13905612375512177,-14.28202132466361,2.005253205208432,312,outcome_w1,treatmentfactcheck
grp_crt,low,2,panel_7_lucid,Panel 7 (Lucid),treatmentcontrol,8.89005256637072,2.2636272589222908,-3.9273482554735004,9.013361686858352e-5,4.449527221388741,13.330577911352698,1379,outcome_w1,treatmentcontrol
grp_crt,low,2,panel_7_lucid,Panel 7 (Lucid),treatmentfactcheck,-6.647776951066475,2.3929400830373284,-2.7780791496578283,0.005542254413467088,-11.341973420855197,-1.9535804812777533,1379,outcome_w1,treatmentfactcheck
grp_crt,low,3,panel_1_lucid,Panel 1 (Lucid),treatmentcontrol,5.1242680477179094,2.425586424430478,-2.112589349984128,0.03482216082822803,0.3658691863650363,9.882666909070782,1328,outcome_w1,treatmentcontrol
grp_crt,low,3,panel_1_lucid,Panel 1 (Lucid),treatmentfactcheck,-10.861894997247663,2.3623308756472907,-4.597956666113272,4.6731038981579155e-6,-15.496202163383021,-6.227587831112305,1328,outcome_w1,treatmentfactcheck
grp_crt,low,3,panel_1_mturk,Panel 1 (MTurk),treatmentcontrol,0.5471597425111235,2.2295015869292456,-0.24541796503708338,0.8061904346168206,-3.8286427851868394,4.922962270209086,874,outcome_w1,treatmentcontrol
grp_crt,low,3,panel_1_mturk,Panel 1 (MTurk),treatmentfactcheck,-0.40543886777549154,2.307797178796294,-0.17568219230901444,0.86058432035022,-4.934910740589876,4.124033005038893,874,outcome_w1,treatmentfactcheck
grp_crt,low,3,panel_2_mturk,Panel 2 (MTurk),treatmentcontrol,-2.7765073979428943,3.158633957124179,0.8790215756658308,0.37967568852376576,-8.977485884725105,3.424471088839316,738,outcome_w1,treatmentcontrol
grp_crt,low,3,panel_2_mturk,Panel 2 (MTurk),treatmentfactcheck,-2.99704079461693,3.1055941234522866,-0.9650458738263309,0.3348379529750235,-9.093892348045532,3.0998107588116723,738,outcome_w1,treatmentfactcheck
grp_crt,low,3,panel_3_lucid,Panel 3 (Lucid),treatmentcontrol,2.1439500682607213,2.0976030423209893,-1.0220952320361099,0.3069193558073904,-1.9709738107737897,6.258873947295232,1347,outcome_w1,treatmentcontrol
grp_crt,low,3,panel_3_lucid,Panel 3 (Lucid),treatmentfactcheck,-15.139328121549115,2.219631427251421,-6.820649561759093,1.3649141760202163e-11,-19.493638340581796,-10.785017902516433,1347,outcome_w1,treatmentfactcheck
grp_crt,low,3,panel_4_mturk,Panel 4 (MTurk),treatmentcontrol,3.897807967653908,2.5100509979565713,-1.5528799896205725,0.1208154849715786,-1.0286552353860423,8.824271170693859,870,outcome_w1,treatmentcontrol
grp_crt,low,3,panel_4_mturk,Panel 4 (MTurk),treatmentfactcheck,-4.800395721921306,2.5769071869479605,-1.8628516177203893,0.06281997914360139,-9.858077197111783,0.25728575326917014,870,outcome_w1,treatmentfactcheck
grp_crt,low,3,panel_5_lucid,Panel 5 (Lucid),treatmentcontrol,9.413274428717488,2.3482339284843223,-4.008661281371284,6.460610438204137e-5,4.8064438501899795,14.020105007244997,1274,outcome_w1,treatmentcontrol
grp_crt,low,3,panel_5_lucid,Panel 5 (Lucid),treatmentfactcheck,-13.635650678581333,2.423096160884979,-5.627366713172965,2.24772370618554e-8,-18.38934806506046,-8.881953292102208,1274,outcome_w1,treatmentfactcheck
grp_crt,low,3,panel_6_mturk,Panel 6 (MTurk),treatmentcontrol,-3.4901454738573134,3.937004299296598,0.8864977552808052,0.37602997019875206,-11.236484973748682,4.256194026034056,313,outcome_w1,treatmentcontrol
grp_crt,low,3,panel_6_mturk,Panel 6 (MTurk),treatmentfactcheck,-17.35969200278252,4.746523098027061,-3.6573491046526767,2.9887364916097347e-4,-26.69881804030372,-8.020565965261317,313,outcome_w1,treatmentfactcheck
grp_crt,low,3,panel_7_lucid,Panel 7 (Lucid),treatmentcontrol,3.227749933949889,2.2725316140423497,-1.4203322470873836,0.15573491231969822,-1.2302063846535036,7.685706252553282,1392,outcome_w1,treatmentcontrol
grp_crt,low,3,panel_7_lucid,Panel 7 (Lucid),treatmentfactcheck,-9.736745340145331,2.404222915942586,-4.049851316024079,5.4076121323350924e-5,-14.453036490169172,-5.020454190121492,1392,outcome_w1,treatmentfactcheck
grp_crt,high,1,panel_1_lucid,Panel 1 (Lucid),treatmentcontrol,10.385476938904628,4.814476685127188,-2.157135160917342,0.0317998759484282,0.9105351750337327,19.860418702775522,296,outcome_w1,treatmentcontrol
grp_crt,high,1,panel_1_lucid,Panel 1 (Lucid),treatmentfactcheck,-10.810398508565653,4.8561459207950675,-2.2261271973466012,0.026758397380700467,-20.367345775239755,-1.2534512418915522,296,outcome_w1,treatmentfactcheck
grp_crt,high,1,panel_1_mturk,Panel 1 (MTurk),treatmentcontrol,4.9626080716569785,2.7006739226994987,-1.8375443365989663,0.06651826394315193,-0.3390254240582218,10.264241567372178,763,outcome_w1,treatmentcontrol
grp_crt,high,1,panel_1_mturk,Panel 1 (MTurk),treatmentfactcheck,-9.151828966823015,2.7510900608769187,-3.326619181600271,9.211426468869932e-4,-14.552433272986462,-3.7512246606595676,763,outcome_w1,treatmentfactcheck
grp_crt,high,1,panel_2_mturk,Panel 2 (MTurk),treatmentcontrol,-3.3816312963576998,2.533029673709334,1.3350144814551994,0.18222571281266506,-8.353291486104979,1.5900288933895794,858,outcome_w1,treatmentcontrol
grp_crt,high,1,panel_2_mturk,Panel 2 (MTurk),treatmentfactcheck,-10.677812257064767,2.5370574346300594,-4.208738876509412,2.8386557151157315e-5,-15.657377864909286,-5.6982466492202475,858,outcome_w1,treatmentfactcheck
grp_crt,high,1,panel_3_lucid,Panel 3 (Lucid),treatmentcontrol,-3.313391886881408,4.540071853480286,0.7298104509825013,0.4660607332195611,-12.246873133646874,5.620089359884057,308,outcome_w1,treatmentcontrol
grp_crt,high,1,panel_3_lucid,Panel 3 (Lucid),treatmentfactcheck,-13.394872877228469,4.239923794259152,-3.159224912335712,0.001738951044525325,-21.73775398707108,-5.051991767385857,308,outcome_w1,treatmentfactcheck
grp_crt,high,1,panel_4_mturk,Panel 4 (MTurk),treatmentcontrol,12.356678292163755,2.163699830994253,-5.710902277274604,1.4314829399362154e-8,8.111413094282195,16.601943490045315,1144,outcome_w1,treatmentcontrol
grp_crt,high,1,panel_4_mturk,Panel 4 (MTurk),treatmentfactcheck,-22.480859312491397,2.0319803654970805,-11.063521918919692,4.2206988879648706e-27,-26.467685675767257,-18.494032949215537,1144,outcome_w1,treatmentfactcheck
grp_crt,high,1,panel_5_lucid,Panel 5 (Lucid),treatmentcontrol,20.72200480857241,4.678259810037203,-4.429425822848351,1.3795348151791446e-5,11.511032295728368,29.932977321416452,267,outcome_w1,treatmentcontrol
grp_crt,high,1,panel_5_lucid,Panel 5 (Lucid),treatmentfactcheck,-20.883683569976984,4.933455758803258,-4.233074054168245,3.1734887954337207e-5,-30.597108482841662,-11.170258657112305,267,outcome_w1,treatmentfactcheck
grp_crt,high,1,panel_6_mturk,Panel 6 (MTurk),treatmentcontrol,-5.413870223941321,4.487705936071791,1.2063781141329029,0.22861280354386385,-14.244886108568476,3.4171456606858337,303,outcome_w1,treatmentcontrol
grp_crt,high,1,panel_6_mturk,Panel 6 (MTurk),treatmentfactcheck,-3.7836375502307225,4.132026446978655,-0.9156857050122041,0.36055993467816616,-11.914738765144254,4.3474636646828095,303,outcome_w1,treatmentfactcheck
grp_crt,high,1,panel_7_lucid,Panel 7 (Lucid),treatmentcontrol,10.075214536677908,5.030934415808972,-2.0026527288883007,0.04606051519678651,0.17721135437123792,19.97321771898458,319,outcome_w1,treatmentcontrol
grp_crt,high,1,panel_7_lucid,Panel 7 (Lucid),treatmentfactcheck,-14.39653790081308,4.93939663055273,-2.914634919529042,0.0038128728009726763,-24.114447045932447,-4.678628755693712,319,outcome_w1,treatmentfactcheck
grp_crt,high,2,panel_1_lucid,Panel 1 (Lucid),treatmentcontrol,4.774242617171575,3.9877055042517786,-1.1972405214179367,0.23217074144003802,-3.073604593507122,12.622089827850273,296,outcome_w1,treatmentcontrol
grp_crt,high,2,panel_1_lucid,Panel 1 (Lucid),treatmentfactcheck,-7.6499268678524235,4.087912243868553,-1.8713530064953143,0.06228245719276673,-15.694982017069767,0.3951282813649204,296,outcome_w1,treatmentfactcheck
grp_crt,high,2,panel_1_mturk,Panel 1 (MTurk),treatmentcontrol,0.9552080264516846,2.5003725714919263,-0.3820262777405727,0.7025481094734566,-3.9532080911526797,5.863624144056049,764,outcome_w1,treatmentcontrol
grp_crt,high,2,panel_1_mturk,Panel 1 (MTurk),treatmentfactcheck,-3.8563916378350953,2.461537895196641,-1.5666594633218214,0.11760838267066107,-8.688572416265192,0.9757891405950003,764,outcome_w1,treatmentfactcheck
grp_crt,high,2,panel_2_mturk,Panel 2 (MTurk),treatmentcontrol,5.83237538224578,2.763702136695362,-2.110348761831374,0.035117894164664626,0.4079489014692417,11.256801863022318,856,outcome_w1,treatmentcontrol
grp_crt,high,2,panel_2_mturk,Panel 2 (MTurk),treatmentfactcheck,-28.55954319368009,2.9062047303566003,-9.827092666721985,1.1449333583358554e-21,-34.2636650990727,-22.855421288287477,856,outcome_w1,treatmentfactcheck
grp_crt,high,2,panel_3_lucid,Panel 3 (Lucid),treatmentcontrol,12.92269246676096,4.73407774314724,-2.729716994079165,0.006705968429391781,3.607226432187897,22.238158501334023,306,outcome_w1,treatmentcontrol
grp_crt,high,2,panel_3_lucid,Panel 3 (Lucid),treatmentfactcheck,-22.64993890102559,4.494721509308603,-5.039230763044472,8.009767061748012e-7,-31.494412487340963,-13.805465314710215,306,outcome_w1,treatmentfactcheck
grp_crt,high,2,panel_4_mturk,Panel 4 (MTurk),treatmentcontrol,-3.986624750958917,2.045636309178458,1.9488433662775442,0.0515587369580813,-8.000252063823236,0.027002561905402622,1142,outcome_w1,treatmentcontrol
grp_crt,high,2,panel_4_mturk,Panel 4 (MTurk),treatmentfactcheck,-9.37353333289954,2.084313181377446,-4.497180853937179,7.588381358330845e-6,-13.463046349364987,-5.284020316434092,1142,outcome_w1,treatmentfactcheck
grp_crt,high,2,panel_5_lucid,Panel 5 (Lucid),treatmentcontrol,6.535744440127941,4.8278306567958476,-1.3537642276097581,0.17694371783164095,-2.969235556246626,16.040724436502508,270,outcome_w1,treatmentcontrol
grp_crt,high,2,panel_5_lucid,Panel 5 (Lucid),treatmentfactcheck,-16.53272376560529,3.113420922582602,-5.310147319203885,2.2903299444100547e-7,-22.662392698335022,-10.403054832875558,270,outcome_w1,treatmentfactcheck
grp_crt,high,2,panel_6_mturk,Panel 6 (MTurk),treatmentcontrol,-3.835721854332711,3.6821520054127763,1.0417065478812897,0.2983754754447562,-11.081453724421504,3.410010015756082,304,outcome_w1,treatmentcontrol
grp_crt,high,2,panel_6_mturk,Panel 6 (MTurk),treatmentfactcheck,-6.178836771268419,3.954237902307695,-1.562585996068281,0.11919037103061834,-13.959978763382363,1.6023052208455235,304,outcome_w1,treatmentfactcheck
grp_crt,high,2,panel_7_lucid,Panel 7 (Lucid),treatmentcontrol,17.915733507842205,4.8409484523349,-3.700872604665112,2.531432113886559e-4,8.39140004580179,27.440066969882622,318,outcome_w1,treatmentcontrol
grp_crt,high,2,panel_7_lucid,Panel 7 (Lucid),treatmentfactcheck,-21.10065551483294,4.7512794828401885,-4.4410470045048855,1.2368595177956955e-5,-30.44856958817831,-11.752741441487574,318,outcome_w1,treatmentfactcheck
grp_crt,high,3,panel_1_lucid,Panel 1 (Lucid),treatmentcontrol,3.4400632236990782,4.95894068224486,-0.6937092907797796,0.48841040018962756,-6.319321048439751,13.199447495837909,295,outcome_w1,treatmentcontrol
grp_crt,high,3,panel_1_lucid,Panel 1 (Lucid),treatmentfactcheck,-9.779974941070014,4.55618624188847,-2.146526595237767,0.032646316087098046,-18.746723123646092,-0.8132267584939381,295,outcome_w1,treatmentfactcheck
grp_crt,high,3,panel_1_mturk,Panel 1 (MTurk),treatmentcontrol,3.966632103092985,2.871991725456907,-1.3811432908853283,0.16763820410786012,-1.6712881802515969,9.604552386437566,765,outcome_w1,treatmentcontrol
grp_crt,high,3,panel_1_mturk,Panel 1 (MTurk),treatmentfactcheck,-6.3968025216082145,2.7077918777890613,-2.3623686052383266,0.018408017826157048,-11.712387039329599,-1.0812180038868293,765,outcome_w1,treatmentfactcheck
grp_crt,high,3,panel_2_mturk,Panel 2 (MTurk),treatmentcontrol,4.42313693658511,3.0535807185577726,-1.4485082741399378,0.14784071680460445,-1.5702356937838884,10.416509566954108,857,outcome_w1,treatmentcontrol
grp_crt,high,3,panel_2_mturk,Panel 2 (MTurk),treatmentfactcheck,-14.97612212896915,2.940427165064192,-5.093179081904655,4.3313619248041663e-7,-20.747404212847627,-9.204840045090673,857,outcome_w1,treatmentfactcheck
grp_crt,high,3,panel_3_lucid,Panel 3 (Lucid),treatmentcontrol,2.0187137906277743,4.451229982496825,-0.4535181957719064,0.6504950058137664,-6.73995366156087,10.77738124281642,308,outcome_w1,treatmentcontrol
grp_crt,high,3,panel_3_lucid,Panel 3 (Lucid),treatmentfactcheck,-14.778037837602893,3.8910497637534487,-3.7979565245517337,1.7574583576300884e-4,-22.43444091150494,-7.121634763700846,308,outcome_w1,treatmentfactcheck
grp_crt,high,3,panel_4_mturk,Panel 4 (MTurk),treatmentcontrol,2.9966760012629527,1.697634960013892,-1.7652063440295966,0.07779655084470741,-0.33416064250286714,6.327512645028772,1141,outcome_w1,treatmentcontrol
grp_crt,high,3,panel_4_mturk,Panel 4 (MTurk),treatmentfactcheck,-3.0888898306018637,1.7768381860109916,-1.7384193197335729,0.08240670634325022,-6.575126789317281,0.397347128113553,1141,outcome_w1,treatmentfactcheck
grp_crt,high,3,panel_5_lucid,Panel 5 (Lucid),treatmentcontrol,11.425643355615364,5.215262828231873,-2.1908087342721694,0.029330207396068807,1.1573717100269043,21.693915001203823,267,outcome_w1,treatmentcontrol
grp_crt,high,3,panel_5_lucid,Panel 5 (Lucid),treatmentfactcheck,-19.369470851799655,5.465300253784008,-3.544081743430074,4.6497210353950446e-4,-30.130038339744225,-8.608903363855084,267,outcome_w1,treatmentfactcheck
grp_crt,high,3,panel_6_mturk,Panel 6 (MTurk),treatmentcontrol,0.24104188982001443,4.762691978182937,-0.05061043017776194,0.9596692980325049,-9.131098155018924,9.613181934658952,303,outcome_w1,treatmentcontrol
grp_crt,high,3,panel_6_mturk,Panel 6 (MTurk),treatmentfactcheck,-20.85734212413172,4.695324184517123,-4.4421516607754175,1.2499629774157733e-5,-30.096914201182678,-11.61777004708076,303,outcome_w1,treatmentfactcheck
grp_crt,high,3,panel_7_lucid,Panel 7 (Lucid),treatmentcontrol,3.678708455231423,4.583454724925352,-0.8026060419504495,0.4228037887320416,-5.339127145730279,12.696544056193124,317,outcome_w1,treatmentcontrol
grp_crt,high,3,panel_7_lucid,Panel 7 (Lucid),treatmentfactcheck,-18.274935895789493,4.163500989295351,-4.389319455615746,1.5508115889583084e-5,-26.46652274440146,-10.08334904717753,317,outcome_w1,treatmentfactcheck
grp_emotstab,low,1,panel_1_lucid,Panel 1 (Lucid),treatmentcontrol,5.334982114186287,3.426727878914859,-1.556873583984648,0.1200545583476276,-1.395547476602876,12.06551170497545,571,outcome_w1,treatmentcontrol
grp_emotstab,low,1,panel_1_lucid,Panel 1 (Lucid),treatmentfactcheck,2.4789635125366676,3.42755786206971,0.7232448327042277,0.46982563424677704,-4.253196270780461,9.211123295853795,571,outcome_w1,treatmentfactcheck
grp_emotstab,low,1,panel_1_mturk,Panel 1 (MTurk),treatmentcontrol,4.944800438717794,1.862363505408493,-2.6551209924150636,0.008017918197247344,1.2914766216740543,8.598124255761535,1400,outcome_w1,treatmentcontrol
grp_emotstab,low,1,panel_1_mturk,Panel 1 (MTurk),treatmentfactcheck,-4.456496339542862,1.830405795948177,-2.434704014491132,0.015028207936203195,-8.047129999283541,-0.8658626798021816,1400,outcome_w1,treatmentfactcheck
grp_emotstab,low,1,panel_2_mturk,Panel 2 (MTurk),treatmentcontrol,0.2875787111712063,2.974133761684697,-0.09669326742328747,0.923001797827434,-5.553224321529389,6.128381743871802,609,outcome_w1,treatmentcontrol
grp_emotstab,low,1,panel_2_mturk,Panel 2 (MTurk),treatmentfactcheck,-0.016501982766980085,3.009022146844293,-0.0054841679328570285,0.9956260849470174,-5.925821162411406,5.892817196877447,609,outcome_w1,treatmentfactcheck
grp_emotstab,low,1,panel_3_lucid,Panel 3 (Lucid),treatmentcontrol,-0.638563397637984,3.6558381707621797,0.17466949241488292,0.861401581921097,-7.819175311932224,6.542048516656255,568,outcome_w1,treatmentcontrol
grp_emotstab,low,1,panel_3_lucid,Panel 3 (Lucid),treatmentfactcheck,-2.9812379349931954,3.295451753232921,-0.904652277815485,0.36603317147406766,-9.45399712644087,3.491521256454479,568,outcome_w1,treatmentfactcheck
grp_emotstab,low,1,panel_4_mturk,Panel 4 (MTurk),treatmentcontrol,7.698824048177596,3.209747478201517,-2.3985762432910747,0.016741061017680216,1.3960441531874626,14.00160394316773,647,outcome_w1,treatmentcontrol
grp_emotstab,low,1,panel_4_mturk,Panel 4 (MTurk),treatmentfactcheck,-22.87780581785912,3.011771941050935,-7.596128214766515,1.0726210024119084e-13,-28.791833562181086,-16.963778073537153,647,outcome_w1,treatmentfactcheck
grp_emotstab,low,1,panel_5_lucid,Panel 5 (Lucid),treatmentcontrol,11.729521700463442,3.2504423845117496,-3.608592404638281,3.367044535016951e-4,5.344353640264554,18.11468976066233,536,outcome_w1,treatmentcontrol
grp_emotstab,low,1,panel_5_lucid,Panel 5 (Lucid),treatmentfactcheck,-12.185191926991807,3.4181055890761836,-3.5648962881468846,3.96528939809037e-4,-18.89971753672198,-5.470666317261635,536,outcome_w1,treatmentfactcheck
grp_emotstab,low,1,panel_6_mturk,Panel 6 (MTurk),treatmentcontrol,-2.8983277733722916,3.356970898099287,0.8633759008793677,0.3883273377768237,-9.493160689869526,3.696505143124943,522,outcome_w1,treatmentcontrol
grp_emotstab,low,1,panel_6_mturk,Panel 6 (MTurk),treatmentfactcheck,-2.427872715451073,3.3169484199113297,-0.7319597437442141,0.4645216261323142,-8.94408071544898,4.088335284546833,522,outcome_w1,treatmentfactcheck
grp_emotstab,low,1,panel_7_lucid,Panel 7 (Lucid),treatmentcontrol,7.399638122244049,3.3702979064484198,-2.1955442301068575,0.02851256602608698,0.7804199716790938,14.018856272809003,591,outcome_w1,treatmentcontrol
grp_emotstab,low,1,panel_7_lucid,Panel 7 (Lucid),treatmentfactcheck,-12.447962813463352,3.334808065921838,-3.7327374071893917,2.077124780312342e-4,-18.997479411496485,-5.898446215430219,591,outcome_w1,treatmentfactcheck
grp_emotstab,low,2,panel_1_lucid,Panel 1 (Lucid),treatmentcontrol,1.758590959186523,3.2081910217610696,-0.5481565615195759,0.5837967766141385,-4.54258825435214,8.059770172725186,576,outcome_w1,treatmentcontrol
grp_emotstab,low,2,panel_1_lucid,Panel 1 (Lucid),treatmentfactcheck,-9.583976748655909,3.2394048740718953,-2.9585609459829447,0.0032177157213933347,-15.946462809580321,-3.221490687731495,576,outcome_w1,treatmentfactcheck
grp_emotstab,low,2,panel_1_mturk,Panel 1 (MTurk),treatmentcontrol,3.6745185387600254,1.7668446390111192,-2.0797066463164566,0.03773404088404601,0.20857025209643165,7.140466825423619,1400,outcome_w1,treatmentcontrol
grp_emotstab,low,2,panel_1_mturk,Panel 1 (MTurk),treatmentfactcheck,-4.019037761681206,1.7379609059594345,-2.3125018220490476,0.020894483333553225,-7.428325987311384,-0.6097495360510288,1400,outcome_w1,treatmentfactcheck
grp_emotstab,low,2,panel_2_mturk,Panel 2 (MTurk),treatmentcontrol,7.301665816783963,2.58639755016857,-2.823102665059388,0.004911562148909487,2.222325119532732,12.381006514035194,609,outcome_w1,treatmentcontrol
grp_emotstab,low,2,panel_2_mturk,Panel 2 (MTurk),treatmentfactcheck,-14.40488621557503,2.847408456053172,-5.058946209474218,5.588378270179506e-7,-19.99681760740052,-8.81295482374954,609,outcome_w1,treatmentfactcheck
grp_emotstab,low,2,panel_3_lucid,Panel 3 (Lucid),treatmentcontrol,1.0734138260067976,3.267651042229568,-0.3284970800536862,0.7426569202054887,-5.344740618914336,7.491568270927931,568,outcome_w1,treatmentcontrol
grp_emotstab,low,2,panel_3_lucid,Panel 3 (Lucid),treatmentfactcheck,-8.029825725882304,3.1248016395005704,-2.569707345380711,0.01043236222455077,-14.167402619152181,-1.8922488326124274,568,outcome_w1,treatmentfactcheck
grp_emotstab,low,2,panel_4_mturk,Panel 4 (MTurk),treatmentcontrol,-5.070901559370719,2.990627734982122,1.695597716845568,0.09044245053728053,-10.943392767672155,0.8015896489307179,648,outcome_w1,treatmentcontrol
grp_emotstab,low,2,panel_4_mturk,Panel 4 (MTurk),treatmentfactcheck,-6.215179855435066,3.043313629240191,-2.042240995380676,0.041531915103108316,-12.191126752056686,-0.23923295881344497,648,outcome_w1,treatmentfactcheck
grp_emotstab,low,2,panel_5_lucid,Panel 5 (Lucid),treatmentcontrol,7.141921803564371,3.6028498872328516,-1.982297910571479,0.047955174000059705,0.06451437532018112,14.21932923180856,537,outcome_w1,treatmentcontrol
grp_emotstab,low,2,panel_5_lucid,Panel 5 (Lucid),treatmentfactcheck,-10.05258229302587,2.789104421031148,-3.6042330352441128,3.42212891455235e-4,-15.53147510438179,-4.573689481669949,537,outcome_w1,treatmentfactcheck
grp_emotstab,low,2,panel_6_mturk,Panel 6 (MTurk),treatmentcontrol,-2.9772576341775197,2.9587173526177284,1.0062663240013068,0.31475191331735014,-8.789662361703968,2.835147093348929,524,outcome_w1,treatmentcontrol
grp_emotstab,low,2,panel_6_mturk,Panel 6 (MTurk),treatmentfactcheck,-3.8026259592742493,3.0596271897870526,-1.2428396413678455,0.21448277577836833,-9.81326821499783,2.2080162964493324,524,outcome_w1,treatmentfactcheck
grp_emotstab,low,2,panel_7_lucid,Panel 7 (Lucid),treatmentcontrol,13.373998657835454,3.333501048394708,-4.011997735616697,6.797891192034956e-5,6.826980479150949,19.92101683651996,588,outcome_w1,treatmentcontrol
grp_emotstab,low,2,panel_7_lucid,Panel 7 (Lucid),treatmentfactcheck,-8.67397777497339,3.4125707267906176,-2.5417723087400765,0.011284755215689475,-15.376289326698846,-1.9716662232479338,588,outcome_w1,treatmentfactcheck
grp_emotstab,low,3,panel_1_lucid,Panel 1 (Lucid),treatmentcontrol,4.376360350075016,3.6900675620397356,-1.1859838001599956,0.2361202456926612,-2.8713481537252736,11.624068853875306,573,outcome_w1,treatmentcontrol
grp_emotstab,low,3,panel_1_lucid,Panel 1 (Lucid),treatmentfactcheck,-7.280555327387104,3.573871456398528,-2.0371620569487092,0.04209281305124954,-14.300041586254093,-0.261069068520114,573,outcome_w1,treatmentfactcheck
grp_emotstab,low,3,panel_1_mturk,Panel 1 (MTurk),treatmentcontrol,1.719428656807673,1.795301024118769,-0.9577383590318297,0.3383600664600198,-1.802341379562052,5.241198693177398,1400,outcome_w1,treatmentcontrol
grp_emotstab,low,3,panel_1_mturk,Panel 1 (MTurk),treatmentfactcheck,-0.3200398204127807,1.7914517195039863,-0.17864830903809825,0.8582397073760974,-3.834258830257661,3.1941791894320994,1400,outcome_w1,treatmentfactcheck
grp_emotstab,low,3,panel_2_mturk,Panel 2 (MTurk),treatmentcontrol,-3.5871671147011033,3.344249440737033,1.0726374268034666,0.2838593787347651,-10.154849611333153,2.9805153819309473,608,outcome_w1,treatmentcontrol
grp_emotstab,low,3,panel_2_mturk,Panel 2 (MTurk),treatmentfactcheck,-2.475133817427044,3.1840756417735574,-0.777347681366129,0.4372560184926576,-8.72825525199919,3.7779876171451026,608,outcome_w1,treatmentfactcheck
grp_emotstab,low,3,panel_3_lucid,Panel 3 (Lucid),treatmentcontrol,1.544921169097644,3.3678811049296824,-0.4587220038249837,0.6466111572860376,-5.070250886972178,8.160093225167467,562,outcome_w1,treatmentcontrol
grp_emotstab,low,3,panel_3_lucid,Panel 3 (Lucid),treatmentfactcheck,-17.384255935098228,3.6053730793115517,-4.821763393878162,1.8343448777311904e-6,-24.465908316192646,-10.30260355400381,562,outcome_w1,treatmentfactcheck
grp_emotstab,low,3,panel_4_mturk,Panel 4 (MTurk),treatmentcontrol,5.251578825728768,2.8257678022525616,-1.858460847895029,0.06355682985771305,-0.2971882044575018,10.800345855915038,648,outcome_w1,treatmentcontrol
grp_emotstab,low,3,panel_4_mturk,Panel 4 (MTurk),treatmentfactcheck,-5.117430230681899,2.810920658571496,-1.8205530686456894,0.06913592336999604,-10.637042939948996,0.40218247858519796,648,outcome_w1,treatmentfactcheck
grp_emotstab,low,3,panel_5_lucid,Panel 5 (Lucid),treatmentcontrol,12.005247718799271,3.3941324856393487,-3.537059254343708,4.396880451551706e-4,5.337814866380567,18.672680571217974,536,outcome_w1,treatmentcontrol
grp_emotstab,low,3,panel_5_lucid,Panel 5 (Lucid),treatmentfactcheck,-19.26523208181937,3.557537272435478,-5.415328247181078,9.248937528988173e-8,-26.253657249162917,-12.276806914475824,536,outcome_w1,treatmentfactcheck
grp_emotstab,low,3,panel_6_mturk,Panel 6 (MTurk),treatmentcontrol,-5.027082503135817,3.1803164850118857,1.580686238878213,0.11455319549231478,-11.27481906241158,1.2206540561399466,524,outcome_w1,treatmentcontrol
grp_emotstab,low,3,panel_6_mturk,Panel 6 (MTurk),treatmentfactcheck,-18.756462309818588,3.6249661895414045,-5.174244759560495,3.2645954318140683e-7,-25.87771388816638,-11.635210731470796,524,outcome_w1,treatmentfactcheck
grp_emotstab,low,3,panel_7_lucid,Panel 7 (Lucid),treatmentcontrol,4.5194391140792485,3.343634240642121,-1.351654753126144,0.17700375843992283,-2.0474348080845184,11.086313036243016,590,outcome_w1,treatmentcontrol
grp_emotstab,low,3,panel_7_lucid,Panel 7 (Lucid),treatmentfactcheck,-8.885441923259119,3.518901179506336,-2.5250615092594475,0.011828716350579725,-15.796538869656498,-1.9743449768617412,590,outcome_w1,treatmentfactcheck
grp_emotstab,high,1,panel_1_lucid,Panel 1 (Lucid),treatmentcontrol,13.575795519521929,3.175579061825246,-4.275061415639543,2.21613619473647e-5,7.339441591561246,19.81214944748261,612,outcome_w1,treatmentcontrol
grp_emotstab,high,1,panel_1_lucid,Panel 1 (Lucid),treatmentfactcheck,-7.469039227618052,3.2200192095455114,-2.319563562067155,0.020692692000286575,-13.792666841542369,-1.1454116136937351,612,outcome_w1,treatmentfactcheck
grp_emotstab,high,1,panel_1_mturk,Panel 1 (MTurk),treatmentcontrol,6.917307210847646,3.251881347786628,-2.1271708500544975,0.03386878380201803,0.5290934064971964,13.305521015198096,528,outcome_w1,treatmentcontrol
grp_emotstab,high,1,panel_1_mturk,Panel 1 (MTurk),treatmentfactcheck,-7.254091777510294,3.286749493226817,-2.207071695746571,0.027738504176023252,-13.710802905167059,-0.7973806498535296,528,outcome_w1,treatmentfactcheck
grp_emotstab,high,1,panel_2_mturk,Panel 2 (MTurk),treatmentcontrol,-0.7205386612807648,3.10198970565283,0.23228273774336194,0.816395194281131,-6.812237792257933,5.371160469696403,619,outcome_w1,treatmentcontrol
grp_emotstab,high,1,panel_2_mturk,Panel 2 (MTurk),treatmentfactcheck,-12.170710430780417,2.9292300116792664,-4.154917975800474,3.7119257835105156e-5,-17.92314342050353,-6.418277441057305,619,outcome_w1,treatmentfactcheck
grp_emotstab,high,1,panel_3_lucid,Panel 3 (Lucid),treatmentcontrol,-1.3142421362564114,3.3765481589855173,0.3892265338372295,0.6972341252213297,-7.944313325596499,5.315829053083676,660,outcome_w1,treatmentcontrol
grp_emotstab,high,1,panel_3_lucid,Panel 3 (Lucid),treatmentfactcheck,-11.32569858884145,3.2177066324888903,-3.5198045945167604,4.6155797231417945e-4,-17.643874144265123,-5.007523033417775,660,outcome_w1,treatmentfactcheck
grp_emotstab,high,1,panel_4_mturk,Panel 4 (MTurk),treatmentcontrol,8.977667833897621,2.5356339513007153,-3.5406008936314755,4.19848764161778e-4,4.001171668520719,13.954163999274524,893,outcome_w1,treatmentcontrol
grp_emotstab,high,1,panel_4_mturk,Panel 4 (MTurk),treatmentfactcheck,-19.219647436093293,2.4065401636149093,-7.986422884886783,4.26462597616437e-15,-23.94278102953317,-14.496513842653417,893,outcome_w1,treatmentfactcheck
grp_emotstab,high,1,panel_5_lucid,Panel 5 (Lucid),treatmentcontrol,11.83795343928686,3.534989517150743,-3.3487944962361404,8.682680556863184e-4,4.893937481781827,18.781969396791894,540,outcome_w1,treatmentcontrol
grp_emotstab,high,1,panel_5_lucid,Panel 5 (Lucid),treatmentfactcheck,-10.875971208646938,3.7287984950548294,-2.9167495167869117,0.003684098779021078,-18.200699083045706,-3.55124333424817,540,outcome_w1,treatmentfactcheck
grp_emotstab,high,1,panel_6_mturk,Panel 6 (MTurk),treatmentcontrol,-0.3704280627656447,5.1445041170061305,0.0720046197535589,0.9426654810978805,-10.51081804288649,9.769961917355198,214,outcome_w1,treatmentcontrol
grp_emotstab,high,1,panel_6_mturk,Panel 6 (MTurk),treatmentfactcheck,-12.293850713849965,4.791260475351247,-2.565890703938133,0.010974423267545547,-21.73795817520724,-2.84974325249269,214,outcome_w1,treatmentfactcheck
grp_emotstab,high,1,panel_7_lucid,Panel 7 (Lucid),treatmentcontrol,9.716307474334851,3.4863038820049255,-2.786993848840032,0.005476503390796968,2.8704313244456,16.5621836242241,645,outcome_w1,treatmentcontrol
grp_emotstab,high,1,panel_7_lucid,Panel 7 (Lucid),treatmentfactcheck,-11.04901850003193,3.714975417396175,-2.9741834759639363,0.0030474175722708385,-18.343925217329218,-3.754111782734644,645,outcome_w1,treatmentfactcheck
grp_emotstab,high,2,panel_1_lucid,Panel 1 (Lucid),treatmentcontrol,8.853238341245099,3.1609839634260655,-2.800785591980487,0.005259141206704972,2.645526833159061,15.060949849331138,611,outcome_w1,treatmentcontrol
grp_emotstab,high,2,panel_1_lucid,Panel 1 (Lucid),treatmentfactcheck,-14.7407319096964,3.081431030881428,-4.783729300434769,2.1595403335130173e-6,-20.792213060218685,-8.689250759174113,611,outcome_w1,treatmentfactcheck
grp_emotstab,high,2,panel_1_mturk,Panel 1 (MTurk),treatmentcontrol,2.879944283689879,3.1467438133789303,-0.915214092563015,0.3604970249870999,-3.3017302971074804,9.061618864487238,528,outcome_w1,treatmentcontrol
grp_emotstab,high,2,panel_1_mturk,Panel 1 (MTurk),treatmentfactcheck,-7.071076325837493,3.0527388852824657,-2.3163056493065293,0.02092357117126781,-13.06808132151867,-1.0740713301563147,528,outcome_w1,treatmentfactcheck
grp_emotstab,high,2,panel_2_mturk,Panel 2 (MTurk),treatmentcontrol,8.564019104554786,3.4387246197427315,-2.490463777002156,0.013018731770339362,1.81103867409651,15.316999535013062,619,outcome_w1,treatmentcontrol
grp_emotstab,high,2,panel_2_mturk,Panel 2 (MTurk),treatmentfactcheck,-31.770964395500997,3.2932528838477624,-9.647289630057355,1.305234462137864e-20,-38.238266880117536,-25.30366191088446,619,outcome_w1,treatmentfactcheck
grp_emotstab,high,2,panel_3_lucid,Panel 3 (Lucid),treatmentcontrol,8.854812162806404,3.306704474058811,-2.6778359639552467,0.007593732432494125,2.3619196135715637,15.347704712041244,662,outcome_w1,treatmentcontrol
grp_emotstab,high,2,panel_3_lucid,Panel 3 (Lucid),treatmentfactcheck,-17.48965844663778,3.3258994453012747,-5.258625143146349,1.9613981026349703e-7,-24.020241356998238,-10.959075536277322,662,outcome_w1,treatmentfactcheck
grp_emotstab,high,2,panel_4_mturk,Panel 4 (MTurk),treatmentcontrol,-5.209244869167763,2.396430270421648,2.1737519065185253,0.029986738116097558,-9.91255805945939,-0.5059316788761352,890,outcome_w1,treatmentcontrol
grp_emotstab,high,2,panel_4_mturk,Panel 4 (MTurk),treatmentfactcheck,-8.979141958658715,2.393060139225549,-3.7521589246664644,1.8667528262560561e-4,-13.675840818167067,-4.282443099150364,890,outcome_w1,treatmentfactcheck
grp_emotstab,high,2,panel_5_lucid,Panel 5 (Lucid),treatmentcontrol,8.755925521734406,3.408833345033176,-2.5685988828090367,0.010474724359260447,2.059946133856905,15.451904909611908,548,outcome_w1,treatmentcontrol
grp_emotstab,high,2,panel_5_lucid,Panel 5 (Lucid),treatmentfactcheck,-12.626641030957021,2.8739714705194226,-4.393446894124863,1.3398155930266713e-5,-18.27198997592246,-6.981292085991583,548,outcome_w1,treatmentfactcheck
grp_emotstab,high,2,panel_6_mturk,Panel 6 (MTurk),treatmentcontrol,-11.142263447837864,4.638746012846003,2.401999035295698,0.017159988854914515,-20.28574793519474,-1.9987789604809905,214,outcome_w1,treatmentcontrol
grp_emotstab,high,2,panel_6_mturk,Panel 6 (MTurk),treatmentfactcheck,-3.504027742073162,4.669336628444719,-0.7504337384302697,0.4538178190880592,-12.707809736215484,5.6997542520691615,214,outcome_w1,treatmentfactcheck
grp_emotstab,high,2,panel_7_lucid,Panel 7 (Lucid),treatmentcontrol,10.21191615116665,3.56785257371244,-2.862202386501888,0.004343745045550894,3.2058865656114497,17.21794573672185,644,outcome_w1,treatmentcontrol
grp_emotstab,high,2,panel_7_lucid,Panel 7 (Lucid),treatmentfactcheck,-10.751447411296198,3.6320275901084034,-2.9601777917593695,0.00318764677266368,-17.883494553416458,-3.6194002691759364,644,outcome_w1,treatmentfactcheck
grp_emotstab,high,3,panel_1_lucid,Panel 1 (Lucid),treatmentcontrol,7.66642849662633,3.5957138005461293,-2.1321019752634167,0.033395350050143706,0.6050167155698913,14.72784027768277,613,outcome_w1,treatmentcontrol
grp_emotstab,high,3,panel_1_lucid,Panel 1 (Lucid),treatmentfactcheck,-12.448898937555922,3.503675327080662,-3.553097183787464,4.099939182276808e-4,-19.32956175000958,-5.568236125102265,613,outcome_w1,treatmentfactcheck
grp_emotstab,high,3,panel_1_mturk,Panel 1 (MTurk),treatmentcontrol,4.34755330919964,3.8511731114821868,-1.1288906479528293,0.2594556390156847,-3.217916570074336,11.913023188473616,529,outcome_w1,treatmentcontrol
grp_emotstab,high,3,panel_1_mturk,Panel 1 (MTurk),treatmentfactcheck,-12.254013819933675,3.6282848714049014,-3.377357140975764,7.857216926122751e-4,-19.381628994177238,-5.126398645690112,529,outcome_w1,treatmentfactcheck
grp_emotstab,high,3,panel_2_mturk,Panel 2 (MTurk),treatmentcontrol,7.221458415578739,3.6866729710618364,-1.958800922203526,0.050584685583720104,-0.0184439261629068,14.461360757320385,619,outcome_w1,treatmentcontrol
grp_emotstab,high,3,panel_2_mturk,Panel 2 (MTurk),treatmentfactcheck,-17.727498509011003,3.5488278908296267,-4.9953108616002115,7.651692216475065e-7,-24.696700160183042,-10.758296857838964,619,outcome_w1,treatmentfactcheck
grp_emotstab,high,3,panel_3_lucid,Panel 3 (Lucid),treatmentcontrol,0.4529928027184719,3.155782493090148,-0.14354373399001288,0.8859047888739744,-5.7436426728843015,6.649628278321246,657,outcome_w1,treatmentcontrol
grp_emotstab,high,3,panel_3_lucid,Panel 3 (Lucid),treatmentfactcheck,-12.277583786935633,2.9616450306430897,-4.1455284680992595,3.8344789949538546e-5,-18.093014572552004,-6.462153001319261,657,outcome_w1,treatmentfactcheck
grp_emotstab,high,3,panel_4_mturk,Panel 4 (MTurk),treatmentcontrol,2.7702189580129586,2.001206330345778,-1.384274532818566,0.1666210050076237,-1.1574086725696224,6.69784658859554,891,outcome_w1,treatmentcontrol
grp_emotstab,high,3,panel_4_mturk,Panel 4 (MTurk),treatmentfactcheck,-3.557899162053308,2.078007415524352,-1.712168655161189,0.08721354932456724,-7.636258908376286,0.5204605842696695,891,outcome_w1,treatmentfactcheck
grp_emotstab,high,3,panel_5_lucid,Panel 5 (Lucid),treatmentcontrol,7.496677997048268,3.6870364094105517,-2.03325304244738,0.0425057156553343,0.25431095245695534,14.739045041639582,551,outcome_w1,treatmentcontrol
grp_emotstab,high,3,panel_5_lucid,Panel 5 (Lucid),treatmentfactcheck,-15.181248206808496,3.759410049888462,-4.038199612532,6.15007983632985e-5,-22.56577725103629,-7.796719162580701,551,outcome_w1,treatmentfactcheck
grp_emotstab,high,3,panel_6_mturk,Panel 6 (MTurk),treatmentcontrol,1.3707866053867046,5.7562955552513,-0.2381369393265737,0.812002745369564,-9.975512366000604,12.717085576774014,214,outcome_w1,treatmentcontrol
grp_emotstab,high,3,panel_6_mturk,Panel 6 (MTurk),treatmentfactcheck,-21.660799675211564,5.272567127421521,-4.1082074730842715,5.677745004211591e-5,-32.05361609685231,-11.267983253570819,214,outcome_w1,treatmentfactcheck
grp_emotstab,high,3,panel_7_lucid,Panel 7 (Lucid),treatmentcontrol,7.094224190321489,3.3984746848138516,-2.0874730131203165,0.03723666778503816,0.4208331513078747,13.767615229335103,646,outcome_w1,treatmentcontrol
grp_emotstab,high,3,panel_7_lucid,Panel 7 (Lucid),treatmentfactcheck,-18.3499930728668,3.4374613567812475,-5.338239813712196,1.3010421803000803e-7,-25.099940017537374,-11.600046128196222,646,outcome_w1,treatmentfactcheck
grp_extraversion,low,1,panel_1_lucid,Panel 1 (Lucid),treatmentcontrol,6.85250330660665,3.2298882893022887,-2.121591427574391,0.034292562016166386,0.5088916582716738,13.196114954941626,584,outcome_w1,treatmentcontrol
grp_extraversion,low,1,panel_1_lucid,Panel 1 (Lucid),treatmentfactcheck,-7.142259442509945,3.2501337131431374,-2.1975278782000673,0.028374647300839377,-13.525633799334766,-0.758885085685125,584,outcome_w1,treatmentfactcheck
grp_extraversion,low,1,panel_1_mturk,Panel 1 (MTurk),treatmentcontrol,8.299023656409052,3.7151187058494606,-2.2338515437857276,0.026094720035539188,0.9934323918668815,15.60461492095122,367,outcome_w1,treatmentcontrol
grp_extraversion,low,1,panel_1_mturk,Panel 1 (MTurk),treatmentfactcheck,-13.379716995273004,3.653811894456684,-3.661851617367551,2.8719383959560895e-4,-20.56475154515009,-6.194682445395916,367,outcome_w1,treatmentfactcheck
grp_extraversion,low,1,panel_2_mturk,Panel 2 (MTurk),treatmentcontrol,-2.335712813188246,2.9966801730427335,0.7794334658064753,0.4360703549820314,-8.222465444029055,3.5510398176525624,533,outcome_w1,treatmentcontrol
grp_extraversion,low,1,panel_2_mturk,Panel 2 (MTurk),treatmentfactcheck,-12.938513866872865,2.809141821530169,-4.605859970368146,5.143180327348572e-6,-18.45686152274126,-7.420166211004471,533,outcome_w1,treatmentfactcheck
grp_extraversion,low,1,panel_3_lucid,Panel 3 (Lucid),treatmentcontrol,-3.025920026584964,3.362164344185247,0.8999917067760812,0.36851854244274973,-9.630174229824183,3.5783341766542542,550,outcome_w1,treatmentcontrol
grp_extraversion,low,1,panel_3_lucid,Panel 3 (Lucid),treatmentfactcheck,-10.533289239447607,3.0135135881641775,-3.495351499597668,5.116276163900032e-4,-16.452693451669308,-4.613885027225904,550,outcome_w1,treatmentfactcheck
grp_extraversion,low,1,panel_4_mturk,Panel 4 (MTurk),treatmentcontrol,8.169478382733832,1.8304304654964196,-4.463145984908112,8.591812678160276e-6,4.579416184223653,11.75954058124401,1749,outcome_w1,treatmentcontrol
grp_extraversion,low,1,panel_4_mturk,Panel 4 (MTurk),treatmentfactcheck,-22.42521985504567,1.765306760000938,-12.703299145035706,1.9777185669918892e-35,-25.88755354502557,-18.96288616506577,1749,outcome_w1,treatmentfactcheck
grp_extraversion,low,1,panel_5_lucid,Panel 5 (Lucid),treatmentcontrol,12.09318948893924,3.4741725505433148,-3.4808833795684744,5.445229138528754e-4,5.267041179381402,18.91933779849708,489,outcome_w1,treatmentcontrol
grp_extraversion,low,1,panel_5_lucid,Panel 5 (Lucid),treatmentfactcheck,-16.345951607229214,3.866397165917718,-4.227695941668575,2.818256708427661e-5,-23.94275346270441,-8.749149751754018,489,outcome_w1,treatmentfactcheck
grp_extraversion,low,1,panel_6_mturk,Panel 6 (MTurk),treatmentcontrol,-2.096603979919608,3.484392110959469,0.6017129855521006,0.5476390255963414,-8.942524992265358,4.749317032426141,498,outcome_w1,treatmentcontrol
grp_extraversion,low,1,panel_6_mturk,Panel 6 (MTurk),treatmentfactcheck,-7.57424574777256,3.3387624000769702,-2.2685788445436987,0.023721153492319947,-14.134042390069208,-1.0144491054759106,498,outcome_w1,treatmentfactcheck
grp_extraversion,low,1,panel_7_lucid,Panel 7 (Lucid),treatmentcontrol,3.4910032379889318,3.450728395935935,-1.0116714030870786,0.312141663065303,-3.2872706972907464,10.269277173268609,548,outcome_w1,treatmentcontrol
grp_extraversion,low,1,panel_7_lucid,Panel 7 (Lucid),treatmentfactcheck,-13.845669781949843,3.3775196736864057,-4.099360216853434,4.770536676046266e-5,-20.48013965126955,-7.211199912630135,548,outcome_w1,treatmentfactcheck
grp_extraversion,low,2,panel_1_lucid,Panel 1 (Lucid),treatmentcontrol,10.169931496550312,2.772141983411493,-3.668618547465179,2.6620324866733484e-4,4.725329936835346,15.614533056265278,583,outcome_w1,treatmentcontrol
grp_extraversion,low,2,panel_1_lucid,Panel 1 (Lucid),treatmentfactcheck,-12.763252063290741,2.872179729035786,-4.4437511811196675,1.0582618275547712e-5,-18.404331894723274,-7.122172231858209,583,outcome_w1,treatmentfactcheck
grp_extraversion,low,2,panel_1_mturk,Panel 1 (MTurk),treatmentcontrol,5.221317771698178,3.0989223875083796,-1.6848817488121295,0.09286149452943106,-0.8725548919207569,11.315190435317113,367,outcome_w1,treatmentcontrol
grp_extraversion,low,2,panel_1_mturk,Panel 1 (MTurk),treatmentfactcheck,-5.546885219556333,3.3403806241888407,-1.6605548419810114,0.09765695544707148,-12.115573178273948,1.0218027391612816,367,outcome_w1,treatmentfactcheck
grp_extraversion,low,2,panel_2_mturk,Panel 2 (MTurk),treatmentcontrol,6.332579303169173,3.3385903958719654,-1.8967823399357875,0.058397021899368476,-0.22583022381203133,12.890988830150377,533,outcome_w1,treatmentcontrol
grp_extraversion,low,2,panel_2_mturk,Panel 2 (MTurk),treatmentfactcheck,-35.34698341649624,3.44888027517471,-10.248828778118623,1.2799813021022847e-22,-42.12204910951779,-28.571917723474698,533,outcome_w1,treatmentfactcheck
grp_extraversion,low,2,panel_3_lucid,Panel 3 (Lucid),treatmentcontrol,10.830633726235538,3.4275684174693617,-3.1598592375384293,0.0016647662080204555,4.097987730136516,17.56327972233456,553,outcome_w1,treatmentcontrol
grp_extraversion,low,2,panel_3_lucid,Panel 3 (Lucid),treatmentfactcheck,-21.286256033548923,3.441163810235863,-6.185772374518239,1.2028141786848712e-9,-28.04560695731861,-14.526905109779236,553,outcome_w1,treatmentfactcheck
grp_extraversion,low,2,panel_4_mturk,Panel 4 (MTurk),treatmentcontrol,-6.777660163758469,1.7757006921068257,3.8168933502621663,1.3985639089830228e-4,-10.260383837751633,-3.294936489765306,1746,outcome_w1,treatmentcontrol
grp_extraversion,low,2,panel_4_mturk,Panel 4 (MTurk),treatmentfactcheck,-8.07745920048754,1.736703423355009,-4.6510296990624305,3.5511908897860303e-6,-11.483696610941614,-4.671221790033467,1746,outcome_w1,treatmentfactcheck
grp_extraversion,low,2,panel_5_lucid,Panel 5 (Lucid),treatmentcontrol,2.5730862090742215,3.3848712432974195,-0.7601725513693731,0.44751117816192953,-4.077302274957171,9.223474693105615,498,outcome_w1,treatmentcontrol
grp_extraversion,low,2,panel_5_lucid,Panel 5 (Lucid),treatmentfactcheck,-7.0594310819508035,2.833464637917664,-2.4914484505932766,0.013046717319370005,-12.62644951292693,-1.4924126509746767,498,outcome_w1,treatmentfactcheck
grp_extraversion,low,2,panel_6_mturk,Panel 6 (MTurk),treatmentcontrol,-4.423494307132147,2.9035321056457133,1.5234873065570635,0.1282715744343143,-10.128177023391375,1.2811884091270809,498,outcome_w1,treatmentcontrol
grp_extraversion,low,2,panel_6_mturk,Panel 6 (MTurk),treatmentfactcheck,-4.592026146362333,3.0492565524667827,-1.5059494231954613,0.13271416170371728,-10.58301936406226,1.3989670713375943,498,outcome_w1,treatmentfactcheck
grp_extraversion,low,2,panel_7_lucid,Panel 7 (Lucid),treatmentcontrol,6.59611549252647,3.5648372869070433,-1.8503272272068978,0.06480543131687241,-0.40633114176893326,13.598562126821871,547,outcome_w1,treatmentcontrol
grp_extraversion,low,2,panel_7_lucid,Panel 7 (Lucid),treatmentfactcheck,-10.430934044554478,3.5783588436600833,-2.915005034510546,0.003702520663281183,-17.459941212180116,-3.40192687692884,547,outcome_w1,treatmentfactcheck
grp_extraversion,low,3,panel_1_lucid,Panel 1 (Lucid),treatmentcontrol,4.571673923746628,3.4385610658417467,-1.3295311138025405,0.18419278987527163,-2.181802288614505,11.325150136107762,583,outcome_w1,treatmentcontrol
grp_extraversion,low,3,panel_1_lucid,Panel 1 (Lucid),treatmentfactcheck,-10.760106446037277,3.423549553119548,-3.142967928193894,0.0017573967348121005,-17.4840994262732,-4.036113465801354,583,outcome_w1,treatmentfactcheck
grp_extraversion,low,3,panel_1_mturk,Panel 1 (MTurk),treatmentcontrol,3.9391540066748467,3.6631426338180444,-1.0753482461503607,0.28292528260308353,-3.2642289657877015,11.142536979137395,367,outcome_w1,treatmentcontrol
grp_extraversion,low,3,panel_1_mturk,Panel 1 (MTurk),treatmentfactcheck,-6.954650529206197,4.0466788783693515,-1.7186069708621508,0.08652928680496148,-14.912237945639177,1.0029368872267819,367,outcome_w1,treatmentfactcheck
grp_extraversion,low,3,panel_2_mturk,Panel 2 (MTurk),treatmentcontrol,4.921271774455691,3.6414980319324313,-1.3514415581996408,0.17712732577464824,-2.2321770028003183,12.0747205517117,533,outcome_w1,treatmentcontrol
grp_extraversion,low,3,panel_2_mturk,Panel 2 (MTurk),treatmentfactcheck,-14.24685707810386,3.575616853501857,-3.9844473448409037,7.704960799751652e-5,-21.27088723940684,-7.222826916800881,533,outcome_w1,treatmentfactcheck
grp_extraversion,low,3,panel_3_lucid,Panel 3 (Lucid),treatmentcontrol,0.4589649489105695,3.070469386219105,-0.14947712912250424,0.8812320491689061,-5.572340999302843,6.490270897123982,549,outcome_w1,treatmentcontrol
grp_extraversion,low,3,panel_3_lucid,Panel 3 (Lucid),treatmentfactcheck,-20.419954240725215,2.8232827995586427,-7.232698844025621,1.599561591194424e-12,-25.965712950742706,-14.874195530707725,549,outcome_w1,treatmentfactcheck
grp_extraversion,low,3,panel_4_mturk,Panel 4 (MTurk),treatmentcontrol,4.747174669506715,1.538605540328127,-3.085374740360236,0.0020648458360144326,1.7294725103931614,7.7648768286202685,1747,outcome_w1,treatmentcontrol
grp_extraversion,low,3,panel_4_mturk,Panel 4 (MTurk),treatmentfactcheck,-5.247083453674457,1.546069177102896,-3.393821913911195,7.046503596073011e-4,-8.279424213923722,-2.2147426934251913,1747,outcome_w1,treatmentfactcheck
grp_extraversion,low,3,panel_5_lucid,Panel 5 (Lucid),treatmentcontrol,8.663150266312522,3.5103506188155484,-2.4678874582720787,0.013928371544325998,1.7661257297725559,15.560174802852488,495,outcome_w1,treatmentcontrol
grp_extraversion,low,3,panel_5_lucid,Panel 5 (Lucid),treatmentfactcheck,-19.27734999854066,3.592677040473199,-5.365734181328361,1.2405448836724226e-7,-26.33612685324933,-12.218573143831993,495,outcome_w1,treatmentfactcheck
grp_extraversion,low,3,panel_6_mturk,Panel 6 (MTurk),treatmentcontrol,-0.49038285635053563,3.517542921317283,0.1394106247797802,0.8891819246132296,-7.4014028179232945,6.420637105222223,499,outcome_w1,treatmentcontrol
grp_extraversion,low,3,panel_6_mturk,Panel 6 (MTurk),treatmentfactcheck,-26.381736809939042,3.504179522960242,-7.528648757028413,2.4168163372118796e-13,-33.266501309996244,-19.49697230988184,499,outcome_w1,treatmentfactcheck
grp_extraversion,low,3,panel_7_lucid,Panel 7 (Lucid),treatmentcontrol,-0.47442994393997,3.4298580506531793,0.13832349238173866,0.8900352957076718,-7.211627019150848,6.262767131270907,551,outcome_w1,treatmentcontrol
grp_extraversion,low,3,panel_7_lucid,Panel 7 (Lucid),treatmentfactcheck,-9.744665084080538,3.4987966711398895,-2.7851475807268837,0.0055344161202198665,-16.617276822362875,-2.872053345798199,551,outcome_w1,treatmentfactcheck
grp_extraversion,high,1,panel_1_lucid,Panel 1 (Lucid),treatmentcontrol,3.9974239540168646,3.4043304899123825,-1.174217358115471,0.24076319981095493,-2.6881198096711993,10.682967717704928,614,outcome_w1,treatmentcontrol
grp_extraversion,high,1,panel_1_lucid,Panel 1 (Lucid),treatmentfactcheck,0.8635824407480528,3.361659923710024,0.2568916726695479,0.7973484574849107,-5.738163366598071,7.465328248094176,614,outcome_w1,treatmentfactcheck
grp_extraversion,high,1,panel_1_mturk,Panel 1 (MTurk),treatmentcontrol,5.238558074837767,2.840609356724668,-1.8441670138262258,0.06558424049186462,-0.3386465441528932,10.815762693828429,695,outcome_w1,treatmentcontrol
grp_extraversion,high,1,panel_1_mturk,Panel 1 (MTurk),treatmentfactcheck,-1.8761581175469646,2.6437232119293985,-0.7096651075578134,0.47814985139827937,-7.066799792369348,3.3144835572754197,695,outcome_w1,treatmentfactcheck
grp_extraversion,high,1,panel_2_mturk,Panel 2 (MTurk),treatmentcontrol,1.7417021939825013,3.0118676656917645,-0.5782797875956704,0.5632848823809371,-4.172977615899414,7.656382003864416,621,outcome_w1,treatmentcontrol
grp_extraversion,high,1,panel_2_mturk,Panel 2 (MTurk),treatmentfactcheck,-9.290919520635253,2.9116940146103545,-3.190898313495545,0.0014898340591384235,-15.00887917634755,-3.5729598649229555,621,outcome_w1,treatmentfactcheck
grp_extraversion,high,1,panel_3_lucid,Panel 3 (Lucid),treatmentcontrol,1.1428851185373667,3.663690383051396,-0.3119491548260927,0.7551818877048273,-6.051572207235916,8.33734244431065,633,outcome_w1,treatmentcontrol
grp_extraversion,high,1,panel_3_lucid,Panel 3 (Lucid),treatmentfactcheck,-5.91424086029545,3.4400949358051016,-1.719208617977083,0.0860652665341996,-12.669619624492563,0.8411379039016627,633,outcome_w1,treatmentfactcheck
grp_extraversion,high,1,panel_4_mturk,Panel 4 (MTurk),treatmentcontrol,14.594641565164174,3.2217833536989926,-4.529988507268119,7.013563609545047e-6,8.268336515379834,20.920946614948512,653,outcome_w1,treatmentcontrol
grp_extraversion,high,1,panel_4_mturk,Panel 4 (MTurk),treatmentfactcheck,-18.220594899681593,3.0475622658679815,-5.978744094500774,3.7013241628350095e-9,-24.204798812696815,-12.236390986666372,653,outcome_w1,treatmentfactcheck
grp_extraversion,high,1,panel_5_lucid,Panel 5 (Lucid),treatmentcontrol,11.553459993281338,3.278204467160899,-3.524325620630752,4.571219180075611e-4,5.115222910286426,17.99169707627625,596,outcome_w1,treatmentcontrol
grp_extraversion,high,1,panel_5_lucid,Panel 5 (Lucid),treatmentfactcheck,-11.123390008753674,3.4115210610948483,-3.2605368132137165,0.0011754288038803116,-17.82345451814688,-4.423325499360468,596,outcome_w1,treatmentfactcheck
grp_extraversion,high,1,panel_6_mturk,Panel 6 (MTurk),treatmentcontrol,-3.4492606808950423,4.630726334933551,0.7448638575063922,0.4571244906669233,-12.573965745313906,5.675444383523821,227,outcome_w1,treatmentcontrol
grp_extraversion,high,1,panel_6_mturk,Panel 6 (MTurk),treatmentfactcheck,2.2358256525390745,5.088490753589929,0.43938876197459925,0.6607978535436445,-7.790890242818809,12.262541547896959,227,outcome_w1,treatmentfactcheck
grp_extraversion,high,1,panel_7_lucid,Panel 7 (Lucid),treatmentcontrol,12.383782330826524,3.3202873374733266,-3.7297321201876277,2.0793575549085382e-4,5.8643440384739165,18.90322062317913,669,outcome_w1,treatmentcontrol
grp_extraversion,high,1,panel_7_lucid,Panel 7 (Lucid),treatmentfactcheck,-11.315588837296515,3.4951516904282363,-3.237510082405063,0.0012653157491155646,-18.17837613615084,-4.45280153844219,669,outcome_w1,treatmentfactcheck
grp_extraversion,high,2,panel_1_lucid,Panel 1 (Lucid),treatmentcontrol,7.1320203758184935,3.3313847949803717,-2.1408575756738766,0.032677391116725026,0.5897718812522976,13.67426887038469,616,outcome_w1,treatmentcontrol
grp_extraversion,high,2,panel_1_lucid,Panel 1 (Lucid),treatmentfactcheck,-12.357652590510263,3.448855401696652,-3.583117049334965,3.663458579262146e-4,-19.130592508385874,-5.584712672634653,616,outcome_w1,treatmentfactcheck
grp_extraversion,high,2,panel_1_mturk,Panel 1 (MTurk),treatmentcontrol,3.210103742230404,2.6454080113269858,-1.2134626222063025,0.22536641705898347,-1.983871988584481,8.40407947304529,693,outcome_w1,treatmentcontrol
grp_extraversion,high,2,panel_1_mturk,Panel 1 (MTurk),treatmentfactcheck,-3.6749802110071546,2.484889298181089,-1.4789311595076684,0.1396131006484601,-8.553794614400486,1.2038341923861768,693,outcome_w1,treatmentfactcheck
grp_extraversion,high,2,panel_2_mturk,Panel 2 (MTurk),treatmentcontrol,1.5732681452494544,3.036386168905618,-0.5181383584738484,0.6045465831857869,-4.389579670667478,7.536115961166386,620,outcome_w1,treatmentcontrol
grp_extraversion,high,2,panel_2_mturk,Panel 2 (MTurk),treatmentfactcheck,-10.632587358682713,3.180711876349321,-3.3428326022683703,8.792006362830559e-4,-16.878861649869595,-4.38631306749583,620,outcome_w1,treatmentfactcheck
grp_extraversion,high,2,panel_3_lucid,Panel 3 (Lucid),treatmentcontrol,4.841343037866049,3.142178214166579,-1.5407601695024007,0.1238741066266858,-1.328992444450554,11.011678520182652,634,outcome_w1,treatmentcontrol
grp_extraversion,high,2,panel_3_lucid,Panel 3 (Lucid),treatmentfactcheck,-6.847471904689287,3.2369790706083266,-2.11538961337876,0.03478614390835475,-13.203969039333323,-0.49097477004524936,634,outcome_w1,treatmentfactcheck
grp_extraversion,high,2,panel_4_mturk,Panel 4 (MTurk),treatmentcontrol,-5.373643764110332,3.0008882508656893,1.7906843957152205,0.07380990426158396,-11.266265856114007,0.5189783278933424,649,outcome_w1,treatmentcontrol
grp_extraversion,high,2,panel_4_mturk,Panel 4 (MTurk),treatmentfactcheck,-6.326717502946817,3.118890283607304,-2.028515570489817,0.042915484377632665,-12.451051450543243,-0.20238355535039076,649,outcome_w1,treatmentfactcheck
grp_extraversion,high,2,panel_5_lucid,Panel 5 (Lucid),treatmentcontrol,4.621102417337343,3.5181882857368727,-1.3134892285531752,0.18952783123817143,-2.2885703785000944,11.530775213174781,591,outcome_w1,treatmentcontrol
grp_extraversion,high,2,panel_5_lucid,Panel 5 (Lucid),treatmentfactcheck,-9.45755817832686,2.78227788714188,-3.399214083551597,7.213194648289078e-4,-14.921913200251952,-3.9932031564017674,591,outcome_w1,treatmentfactcheck
grp_extraversion,high,2,panel_6_mturk,Panel 6 (MTurk),treatmentcontrol,-9.471646605014984,4.847399513073098,1.9539645080770862,0.05192821682755245,-19.0230750394282,0.0797818293982342,228,outcome_w1,treatmentcontrol
grp_extraversion,high,2,panel_6_mturk,Panel 6 (MTurk),treatmentfactcheck,-5.489664241422381,4.8339973435781864,-1.135636586295445,0.25730103178262553,-15.014684730203864,4.035356247359103,228,outcome_w1,treatmentfactcheck
grp_extraversion,high,2,panel_7_lucid,Panel 7 (Lucid),treatmentcontrol,16.428830086094475,3.345849920523191,-4.910211299473199,1.1434131144384993e-6,9.859252399665719,22.99840777252323,672,outcome_w1,treatmentcontrol
grp_extraversion,high,2,panel_7_lucid,Panel 7 (Lucid),treatmentfactcheck,-12.850234713959178,3.4495153173305884,-3.7252290631668648,2.115301971289299e-4,-19.623359449388317,-6.077109978530038,672,outcome_w1,treatmentfactcheck
grp_extraversion,high,3,panel_1_lucid,Panel 1 (Lucid),treatmentcontrol,7.620836864550977,3.6309109909994954,-2.0988773570715265,0.03623550658431605,0.4903263561520461,14.751347372949908,614,outcome_w1,treatmentcontrol
grp_extraversion,high,3,panel_1_lucid,Panel 1 (Lucid),treatmentfactcheck,-13.910161176724756,3.5835687113177728,-3.8816504711610853,1.1498396831201462e-4,-20.94769925379753,-6.872623099651981,614,outcome_w1,treatmentfactcheck
grp_extraversion,high,3,panel_1_mturk,Panel 1 (MTurk),treatmentcontrol,7.259068371696519,2.8075122190956834,-2.58558745437436,0.009923457016086072,1.746859931750702,12.771276811642336,696,outcome_w1,treatmentcontrol
grp_extraversion,high,3,panel_1_mturk,Panel 1 (MTurk),treatmentfactcheck,-9.183161636230514,2.5566961096450718,-3.591808037563505,3.515063596633823e-4,-14.2029231810268,-4.163400091434227,696,outcome_w1,treatmentfactcheck
grp_extraversion,high,3,panel_2_mturk,Panel 2 (MTurk),treatmentcontrol,-1.817658874240432,3.406563033867044,0.5335755881132402,0.5938264301228975,-8.507459122408028,4.872141373927164,620,outcome_w1,treatmentcontrol
grp_extraversion,high,3,panel_2_mturk,Panel 2 (MTurk),treatmentfactcheck,-5.867292454922675,3.4555998446223817,-1.6979085307152617,0.0900268114941455,-12.653391073470935,0.9188061636255851,620,outcome_w1,treatmentfactcheck
grp_extraversion,high,3,panel_3_lucid,Panel 3 (Lucid),treatmentcontrol,1.6515360207979886,3.324622632991725,-0.4967589417244093,0.6195315233981284,-4.877087622730961,8.180159664326938,633,outcome_w1,treatmentcontrol
grp_extraversion,high,3,panel_3_lucid,Panel 3 (Lucid),treatmentfactcheck,-8.798103798033159,3.5375830214964052,-2.4870381117759726,0.013137660927447305,-15.744921739384008,-1.8512858566823107,633,outcome_w1,treatmentfactcheck
grp_extraversion,high,3,panel_4_mturk,Panel 4 (MTurk),treatmentcontrol,-3.8588083355231957,2.8594153388482377,1.349509559907974,0.17764102298351966,-9.473566285283368,1.7559496142369762,653,outcome_w1,treatmentcontrol
grp_extraversion,high,3,panel_4_mturk,Panel 4 (MTurk),treatmentfactcheck,3.0104074598995028,2.8755013452907496,1.0469156847482235,0.2955258184938164,-2.6359370283134447,8.65675194811245,653,outcome_w1,treatmentfactcheck
grp_extraversion,high,3,panel_5_lucid,Panel 5 (Lucid),treatmentcontrol,10.238849222277352,3.387345344472073,-3.022676515397666,0.0026134778397851597,3.5862190879268008,16.891479356627904,594,outcome_w1,treatmentcontrol
grp_extraversion,high,3,panel_5_lucid,Panel 5 (Lucid),treatmentfactcheck,-15.201915991590178,3.732302874551625,-4.0730660138123005,5.2692669639228125e-5,-22.532030889466082,-7.871801093714275,594,outcome_w1,treatmentfactcheck
grp_extraversion,high,3,panel_6_mturk,Panel 6 (MTurk),treatmentcontrol,-8.125898867779206,4.793654488447946,1.695136536719848,0.09142073473491226,-17.571648891450785,1.3198511558923727,227,outcome_w1,treatmentcontrol
grp_extraversion,high,3,panel_6_mturk,Panel 6 (MTurk),treatmentfactcheck,-4.796764333962149,5.1621912436116775,-0.9292108927382821,0.3537668459032286,-14.96870479797536,5.375176130051062,227,outcome_w1,treatmentfactcheck
grp_extraversion,high,3,panel_7_lucid,Panel 7 (Lucid),treatmentcontrol,1.234243692121094,3.457720705965478,-0.356952974828678,0.7212394041274407,-5.555028893519958,8.023516277762145,670,outcome_w1,treatmentcontrol
grp_extraversion,high,3,panel_7_lucid,Panel 7 (Lucid),treatmentfactcheck,-9.466810296505018,3.4393284496701817,-2.752517078563069,0.006073992631543239,-16.219969484890385,-2.7136511081196524,670,outcome_w1,treatmentfactcheck
grp_nfc,low,1,panel_1_lucid,Panel 1 (Lucid),treatmentcontrol,8.827041107238326,2.562975823492665,-3.444059450864964,5.975168946311064e-4,3.797437916066909,13.856644298409744,972,outcome_w1,treatmentcontrol
grp_nfc,low,1,panel_1_lucid,Panel 1 (Lucid),treatmentfactcheck,-3.593344002085161,2.6913798710058363,-1.3351307412216908,0.18214615928694103,-8.874928269789516,1.6882402656191933,972,outcome_w1,treatmentfactcheck
grp_nfc,low,1,panel_1_mturk,Panel 1 (MTurk),treatmentcontrol,2.937622662241672,2.468509747291099,-1.1900389153680149,0.23437302055930784,-1.9076673187780204,7.782912643261364,826,outcome_w1,treatmentcontrol
grp_nfc,low,1,panel_1_mturk,Panel 1 (MTurk),treatmentfactcheck,-4.849957102486048,2.5204934046738052,-1.9242094002280141,0.05467161818792256,-9.79728269206252,0.09736848709042345,826,outcome_w1,treatmentfactcheck
grp_nfc,low,1,panel_2_mturk,Panel 2 (MTurk),treatmentcontrol,1.3800133890954571,2.8716991389845132,-0.4805563961632331,0.6309721394189173,-4.257523356130749,7.017550134321663,749,outcome_w1,treatmentcontrol
grp_nfc,low,1,panel_2_mturk,Panel 2 (MTurk),treatmentfactcheck,-6.812873929658285,2.845004990502225,-2.3946790787370875,0.016879715598061555,-12.398006423718876,-1.2277414355976948,749,outcome_w1,treatmentfactcheck
grp_nfc,low,1,panel_3_lucid,Panel 3 (Lucid),treatmentcontrol,-2.873845732504879,2.8065629535936982,1.023973372421605,0.30612577489771736,-8.382090452877833,2.6343989878680754,891,outcome_w1,treatmentcontrol
grp_nfc,low,1,panel_3_lucid,Panel 3 (Lucid),treatmentfactcheck,-3.2657901634060527,2.7713122081442947,-1.1784273723503953,0.23894088873422759,-8.704850712348874,2.1732703855367688,891,outcome_w1,treatmentfactcheck
grp_nfc,low,1,panel_4_mturk,Panel 4 (MTurk),treatmentcontrol,14.261189812549771,2.6661180729185605,-5.349046599777276,1.1377375074785501e-7,9.028234307252179,19.494145317847362,849,outcome_w1,treatmentcontrol
grp_nfc,low,1,panel_4_mturk,Panel 4 (MTurk),treatmentfactcheck,-23.24622904087379,2.5706223094953162,-9.043035592979686,1.0156878517442508e-18,-28.291749081097915,-18.200709000649663,849,outcome_w1,treatmentfactcheck
grp_nfc,low,1,panel_5_lucid,Panel 5 (Lucid),treatmentcontrol,14.234192924901896,2.6766298466258753,-5.317953449127579,1.3502793349696914e-7,8.980433615851403,19.487952233952388,830,outcome_w1,treatmentcontrol
grp_nfc,low,1,panel_5_lucid,Panel 5 (Lucid),treatmentfactcheck,-13.954052426767355,2.82556621876401,-4.938497754574405,9.519834780130872e-7,-19.5001479557712,-8.407956897763508,830,outcome_w1,treatmentfactcheck
grp_nfc,low,1,panel_6_mturk,Panel 6 (MTurk),treatmentcontrol,-0.2595742564959798,4.4854167744327995,0.05787071069417047,0.953891331079095,-9.08754528171151,8.568396768719548,291,outcome_w1,treatmentcontrol
grp_nfc,low,1,panel_6_mturk,Panel 6 (MTurk),treatmentfactcheck,-4.556919673909821,4.498862291791191,-1.012904903140637,0.31194703087689646,-13.411353488120898,4.2975141403012564,291,outcome_w1,treatmentfactcheck
grp_nfc,low,1,panel_7_lucid,Panel 7 (Lucid),treatmentcontrol,9.273159037057665,2.846779647183334,-3.257420730203945,0.0011694086678187745,3.685522374169566,14.860795699945765,840,outcome_w1,treatmentcontrol
grp_nfc,low,1,panel_7_lucid,Panel 7 (Lucid),treatmentfactcheck,-9.410460903931822,2.9813469425048065,-3.156446091452052,0.0016540086634194047,-15.26222519387666,-3.558696613986986,840,outcome_w1,treatmentfactcheck
grp_nfc,low,2,panel_1_lucid,Panel 1 (Lucid),treatmentcontrol,13.189455621986916,2.507164907301863,-5.260705262575256,1.764635195406965e-7,8.269388791432924,18.109522452540908,974,outcome_w1,treatmentcontrol
grp_nfc,low,2,panel_1_lucid,Panel 1 (Lucid),treatmentfactcheck,-13.149913107724835,2.55922507771746,-5.138240173643919,3.3499084876909534e-7,-18.17214294993745,-8.127683265512221,974,outcome_w1,treatmentfactcheck
grp_nfc,low,2,panel_1_mturk,Panel 1 (MTurk),treatmentcontrol,6.68222122956922,2.468254290860778,-2.70726612501456,0.0069241079208868005,1.837432668681159,11.527009790457281,826,outcome_w1,treatmentcontrol
grp_nfc,low,2,panel_1_mturk,Panel 1 (MTurk),treatmentfactcheck,-6.989367906460339,2.5302824209948906,-2.762287659459044,0.005867297657765165,-11.955907770056447,-2.022828042864232,826,outcome_w1,treatmentfactcheck
grp_nfc,low,2,panel_2_mturk,Panel 2 (MTurk),treatmentcontrol,4.563067165688704,2.760103241131687,-1.653223364144079,0.09870614175500336,-0.8554268919049122,9.98156122328232,746,outcome_w1,treatmentcontrol
grp_nfc,low,2,panel_2_mturk,Panel 2 (MTurk),treatmentfactcheck,-17.180296928608755,2.8870549274003934,-5.950803625367288,4.103156914004701e-9,-22.848016068582417,-11.512577788635094,746,outcome_w1,treatmentfactcheck
grp_nfc,low,2,panel_3_lucid,Panel 3 (Lucid),treatmentcontrol,6.191882125461134,2.671234396627431,-2.3179853229198826,0.020674770025717847,0.9492691650673111,11.434495085854955,895,outcome_w1,treatmentcontrol
grp_nfc,low,2,panel_3_lucid,Panel 3 (Lucid),treatmentfactcheck,-10.372028214907129,2.700204745166858,-3.841200647273951,1.3106851748546293e-4,-15.671498905536712,-5.0725575242775465,895,outcome_w1,treatmentfactcheck
grp_nfc,low,2,panel_4_mturk,Panel 4 (MTurk),treatmentcontrol,-1.9729026647246517,2.779263186455303,0.7098653608408023,0.4779827793499646,-7.427944294081906,3.482138964632602,848,outcome_w1,treatmentcontrol
grp_nfc,low,2,panel_4_mturk,Panel 4 (MTurk),treatmentfactcheck,-5.824300403927734,2.7347665532406795,-2.129724892615049,0.03348173139821299,-11.192005581042913,-0.4565952268125555,848,outcome_w1,treatmentfactcheck
grp_nfc,low,2,panel_5_lucid,Panel 5 (Lucid),treatmentcontrol,4.517246775359153,3.054941043466079,-1.4786690515748773,0.1396090953541686,-1.479092830564671,10.513586381282977,828,outcome_w1,treatmentcontrol
grp_nfc,low,2,panel_5_lucid,Panel 5 (Lucid),treatmentfactcheck,-8.597336950492833,2.393008966465305,-3.5926889831891824,3.465969310152836e-4,-13.29441432081953,-3.9002595801661366,828,outcome_w1,treatmentfactcheck
grp_nfc,low,2,panel_6_mturk,Panel 6 (MTurk),treatmentcontrol,-4.918608200254649,4.104112675434429,1.198458373157117,0.23170707176395794,-12.99588548585383,3.158669085344531,293,outcome_w1,treatmentcontrol
grp_nfc,low,2,panel_6_mturk,Panel 6 (MTurk),treatmentfactcheck,-3.657276173163852,4.651334646140881,-0.7862853248364361,0.4323357939353968,-12.811537436475138,5.496985090147433,293,outcome_w1,treatmentfactcheck
grp_nfc,low,2,panel_7_lucid,Panel 7 (Lucid),treatmentcontrol,9.55620518159093,2.8876564879142914,-3.309328939084865,9.752124027156955e-4,3.8882966470540268,15.224113716127832,836,outcome_w1,treatmentcontrol
grp_nfc,low,2,panel_7_lucid,Panel 7 (Lucid),treatmentfactcheck,-9.561062468712723,2.9902616195813843,-3.197399988717778,0.001438876049813341,-15.43036493770727,-3.691759999718178,836,outcome_w1,treatmentfactcheck
grp_nfc,low,3,panel_1_lucid,Panel 1 (Lucid),treatmentcontrol,7.066331409536586,2.8156780394324508,-2.509637575949887,0.012246306493571384,1.540858728266505,12.591804090806667,977,outcome_w1,treatmentcontrol
grp_nfc,low,3,panel_1_lucid,Panel 1 (Lucid),treatmentfactcheck,-6.237260713673862,2.769635133491042,-2.252015306367082,0.024542683615456147,-11.672379023676118,-0.8021424036716072,977,outcome_w1,treatmentfactcheck
grp_nfc,low,3,panel_1_mturk,Panel 1 (MTurk),treatmentcontrol,0.9524525402316623,2.5044064159674946,-0.3803106932481299,0.7038124548509083,-3.963288140056741,5.868193220520065,827,outcome_w1,treatmentcontrol
grp_nfc,low,3,panel_1_mturk,Panel 1 (MTurk),treatmentfactcheck,-2.88492657329953,2.545274290594462,-1.1334442751259397,0.25735619938166693,-7.8808842153956675,2.1110310687966076,827,outcome_w1,treatmentfactcheck
grp_nfc,low,3,panel_2_mturk,Panel 2 (MTurk),treatmentcontrol,-2.595418350523443,3.218741916348374,0.8063455902882439,0.42030058232700307,-8.914288487971698,3.723451786924811,746,outcome_w1,treatmentcontrol
grp_nfc,low,3,panel_2_mturk,Panel 2 (MTurk),treatmentfactcheck,-0.8856157935943608,3.1315345794546863,-0.2828056887523109,0.7774042445682129,-7.033284930407846,5.262053343219125,746,outcome_w1,treatmentfactcheck
grp_nfc,low,3,panel_3_lucid,Panel 3 (Lucid),treatmentcontrol,-0.3063589569309378,2.504074740425378,0.12234417447096457,0.9026539751713668,-5.220916256162404,4.608198342300529,893,outcome_w1,treatmentcontrol
grp_nfc,low,3,panel_3_lucid,Panel 3 (Lucid),treatmentfactcheck,-12.100848080386283,2.6083670049300447,-4.639242889330608,4.0197111808969835e-6,-17.220091885775197,-6.981604274997369,893,outcome_w1,treatmentfactcheck
grp_nfc,low,3,panel_4_mturk,Panel 4 (MTurk),treatmentcontrol,2.0468184618448553,2.4881848539936526,-0.8226151117991158,0.41095788024715074,-2.8368964651728947,6.930533388862605,849,outcome_w1,treatmentcontrol
grp_nfc,low,3,panel_4_mturk,Panel 4 (MTurk),treatmentfactcheck,-4.339656391484871,2.4701921561074003,-1.7568092347614876,0.0793107868403035,-9.188055933030608,0.5087431500608659,849,outcome_w1,treatmentfactcheck
grp_nfc,low,3,panel_5_lucid,Panel 5 (Lucid),treatmentcontrol,14.04698739026447,2.7951111559110693,-5.025555910561217,6.142737733979788e-7,8.560717832401616,19.533256948127324,835,outcome_w1,treatmentcontrol
grp_nfc,low,3,panel_5_lucid,Panel 5 (Lucid),treatmentfactcheck,-15.550210172129962,2.9004388262271847,-5.361330165462331,1.0698298390855098e-7,-21.24321783771847,-9.857202506541455,835,outcome_w1,treatmentfactcheck
grp_nfc,low,3,panel_6_mturk,Panel 6 (MTurk),treatmentcontrol,-5.684635292250432,4.516245894252639,1.2587081007889058,0.20913775645142213,-14.57302926743924,3.2037586829383766,293,outcome_w1,treatmentcontrol
grp_nfc,low,3,panel_6_mturk,Panel 6 (MTurk),treatmentfactcheck,-18.469520692621323,4.792975299252899,-3.8534562645253447,1.4312939513207127e-4,-27.902543997956233,-9.036497387286413,293,outcome_w1,treatmentfactcheck
grp_nfc,low,3,panel_7_lucid,Panel 7 (Lucid),treatmentcontrol,0.5425450492074909,2.909524095677935,-0.1864720934992205,0.8521195314796577,-5.168236124771928,6.25332622318691,841,outcome_w1,treatmentcontrol
grp_nfc,low,3,panel_7_lucid,Panel 7 (Lucid),treatmentfactcheck,-10.478275277482089,3.0254272099869777,-3.463403529555481,5.603293646887667e-4,-16.416549780760587,-4.54000077420359,841,outcome_w1,treatmentfactcheck
grp_nfc,high,1,panel_1_lucid,Panel 1 (Lucid),treatmentcontrol,11.486604461548517,3.881747899806366,-2.9591320090935076,0.003244590223748614,3.8584040545051783,19.114804868591854,459,outcome_w1,treatmentcontrol
grp_nfc,high,1,panel_1_lucid,Panel 1 (Lucid),treatmentfactcheck,-11.57887639159421,3.880620206781928,-2.9837695457438738,0.002999035226348513,-19.2048607174777,-3.95289206571072,459,outcome_w1,treatmentfactcheck
grp_nfc,high,1,panel_1_mturk,Panel 1 (MTurk),treatmentcontrol,5.737908899143649,3.266959998228526,-1.7563450125667193,0.07959632996763227,-0.6795987766682519,12.15541657495555,540,outcome_w1,treatmentcontrol
grp_nfc,high,1,panel_1_mturk,Panel 1 (MTurk),treatmentfactcheck,-7.438527915242554,3.3646785990914703,-2.2107692298607966,0.027470165713971526,-14.047990763890237,-0.8290650665948709,540,outcome_w1,treatmentfactcheck
grp_nfc,high,1,panel_2_mturk,Panel 2 (MTurk),treatmentcontrol,0.9231317499567734,2.850077112185897,-0.3238971135236294,0.7461222459272807,-4.673550655777296,6.5198141556908435,637,outcome_w1,treatmentcontrol
grp_nfc,high,1,panel_2_mturk,Panel 2 (MTurk),treatmentfactcheck,-13.080455184886686,2.859785013617448,-4.5739295515577005,5.7534570160209446e-6,-18.696200948908942,-7.46470942086443,637,outcome_w1,treatmentfactcheck
grp_nfc,high,1,panel_3_lucid,Panel 3 (Lucid),treatmentcontrol,-2.1984591097377844,3.9428590532285512,0.5575799388359086,0.5773614634733581,-9.943616234175707,5.546698014700137,542,outcome_w1,treatmentcontrol
grp_nfc,high,1,panel_3_lucid,Panel 3 (Lucid),treatmentfactcheck,-14.686000779626934,3.3504776162151924,-4.383255900159307,1.4045938198033158e-5,-21.267513136313923,-8.104488422939943,542,outcome_w1,treatmentfactcheck
grp_nfc,high,1,panel_4_mturk,Panel 4 (MTurk),treatmentcontrol,10.662994767735869,2.3521176488187248,-4.5333594487040285,6.530017413319279e-6,6.047169392159457,15.27882014331228,970,outcome_w1,treatmentcontrol
grp_nfc,high,1,panel_4_mturk,Panel 4 (MTurk),treatmentfactcheck,-20.475298710679805,2.22376072857691,-9.207509804250803,2.0046513177255156e-19,-24.83923484513745,-16.11136257622216,970,outcome_w1,treatmentfactcheck
grp_nfc,high,1,panel_5_lucid,Panel 5 (Lucid),treatmentcontrol,13.775841089771315,3.595884254778097,-3.831002366515667,1.443504950732172e-4,6.710442117872558,20.84124006167007,486,outcome_w1,treatmentcontrol
grp_nfc,high,1,panel_5_lucid,Panel 5 (Lucid),treatmentfactcheck,-13.95032640615847,4.020901791620047,-3.4694521600185104,5.679335573479603e-4,-21.850824134045236,-6.049828678271705,486,outcome_w1,treatmentfactcheck
grp_nfc,high,1,panel_6_mturk,Panel 6 (MTurk),treatmentcontrol,-4.443394574811422,4.689591860673265,0.9475013405907572,0.3442874827615072,-13.679005523217974,4.792216373595129,253,outcome_w1,treatmentcontrol
grp_nfc,high,1,panel_6_mturk,Panel 6 (MTurk),treatmentfactcheck,-6.063782427468556,4.591376678163581,-1.3206893819685244,0.1877983403626842,-15.105969887896782,2.978405032959669,253,outcome_w1,treatmentfactcheck
grp_nfc,high,1,panel_7_lucid,Panel 7 (Lucid),treatmentcontrol,8.794744655418317,3.561660553499132,-2.4692821012316775,0.013830433439686587,1.799164053523321,15.790325257313313,570,outcome_w1,treatmentcontrol
grp_nfc,high,1,panel_7_lucid,Panel 7 (Lucid),treatmentfactcheck,-18.273443538247058,3.6215994000209375,-5.045683279641977,6.085457317530803e-7,-25.386752100381262,-11.160134976112854,570,outcome_w1,treatmentfactcheck
grp_nfc,high,2,panel_1_lucid,Panel 1 (Lucid),treatmentcontrol,3.5241871729329675,3.447782054171207,-1.0221606579422047,0.3072421187789932,-3.2511681558884713,10.299542501754406,460,outcome_w1,treatmentcontrol
grp_nfc,high,2,panel_1_lucid,Panel 1 (Lucid),treatmentfactcheck,-8.846765142773489,3.5101585369607666,-2.520332073215521,0.012061745798556726,-15.744698647483418,-1.9488316380635586,460,outcome_w1,treatmentfactcheck
grp_nfc,high,2,panel_1_mturk,Panel 1 (MTurk),treatmentcontrol,-0.7807202369746257,2.8863297843309357,0.2704889237581007,0.7868874864535462,-6.450530567040562,4.889090093091311,540,outcome_w1,treatmentcontrol
grp_nfc,high,2,panel_1_mturk,Panel 1 (MTurk),treatmentfactcheck,-2.3469860279153076,2.738580854615784,-0.8570081193547904,0.391820561096509,-7.7265632694052835,3.032591213574668,540,outcome_w1,treatmentfactcheck
grp_nfc,high,2,panel_2_mturk,Panel 2 (MTurk),treatmentcontrol,7.389317729533726,3.2872244222197597,-2.2478896419685124,0.024925561115020978,0.9341725991847758,13.844462859882675,635,outcome_w1,treatmentcontrol
grp_nfc,high,2,panel_2_mturk,Panel 2 (MTurk),treatmentfactcheck,-32.31003741475961,3.249329301499883,-9.943602022683688,9.48369285276352e-22,-38.690767636797034,-25.92930719272219,635,outcome_w1,treatmentfactcheck
grp_nfc,high,2,panel_3_lucid,Panel 3 (Lucid),treatmentcontrol,10.47206394280922,3.6008299641313117,-2.9082361697508174,0.0037823513900033814,3.398916521576348,17.54521136404209,547,outcome_w1,treatmentcontrol
grp_nfc,high,2,panel_3_lucid,Panel 3 (Lucid),treatmentfactcheck,-26.633293434154744,3.4840844155784363,-7.644273288864334,9.493231157215057e-14,-33.477116370779136,-19.789470497530353,547,outcome_w1,treatmentfactcheck
grp_nfc,high,2,panel_4_mturk,Panel 4 (MTurk),treatmentcontrol,-7.913744652733148,2.2018333776024908,3.5941614534657402,3.418810795330709e-4,-12.234672629332238,-3.592816676134059,966,outcome_w1,treatmentcontrol
grp_nfc,high,2,panel_4_mturk,Panel 4 (MTurk),treatmentfactcheck,-9.88851992705704,2.0961334118319264,-4.717505036291997,2.739312528386848e-6,-14.002019883048636,-5.775019971065444,966,outcome_w1,treatmentfactcheck
grp_nfc,high,2,panel_5_lucid,Panel 5 (Lucid),treatmentcontrol,9.742078611227287,3.231060708539893,-3.0151332611852113,0.0027022135481791576,3.393603032422452,16.090554190032123,489,outcome_w1,treatmentcontrol
grp_nfc,high,2,panel_5_lucid,Panel 5 (Lucid),treatmentfactcheck,-13.381186162168216,2.7435955607864946,-4.877244428232086,1.457394545761732e-6,-18.771877017878385,-7.990495306458048,489,outcome_w1,treatmentfactcheck
grp_nfc,high,2,panel_6_mturk,Panel 6 (MTurk),treatmentcontrol,-5.852663413672834,4.055953988683986,1.442980721675252,0.15026284417413951,-13.84039756560502,2.1350707382593503,253,outcome_w1,treatmentcontrol
grp_nfc,high,2,panel_6_mturk,Panel 6 (MTurk),treatmentfactcheck,-12.161531383585352,3.929724482869129,-3.0947542090040123,0.0021910623548747317,-19.900671064921482,-4.422391702249223,253,outcome_w1,treatmentfactcheck
grp_nfc,high,2,panel_7_lucid,Panel 7 (Lucid),treatmentcontrol,14.547006274342905,3.5751873158503917,-4.0688794709719325,5.391588528321823e-5,7.524831031174575,21.569181517511236,569,outcome_w1,treatmentcontrol
grp_nfc,high,2,panel_7_lucid,Panel 7 (Lucid),treatmentfactcheck,-15.957205872210269,3.78412156161048,-4.216885111222235,2.8812835273055428e-5,-23.38975762391059,-8.524654120509947,569,outcome_w1,treatmentfactcheck
grp_nfc,high,3,panel_1_lucid,Panel 1 (Lucid),treatmentcontrol,0.6165144614295351,3.9186045451378995,-0.15733010420622565,0.8750541821723978,-7.084203720893955,8.317232643753025,457,outcome_w1,treatmentcontrol
grp_nfc,high,3,panel_1_lucid,Panel 1 (Lucid),treatmentfactcheck,-10.679529961254847,3.801836254336449,-2.8090452209964503,0.005181881016563287,-18.150778777701838,-3.2082811448078576,457,outcome_w1,treatmentfactcheck
grp_nfc,high,3,panel_1_mturk,Panel 1 (MTurk),treatmentcontrol,3.9924215538636245,3.5145142578340716,-1.135981037767671,0.25646840213784383,-2.9113734845299932,10.896216592257243,540,outcome_w1,treatmentcontrol
grp_nfc,high,3,panel_1_mturk,Panel 1 (MTurk),treatmentfactcheck,-5.84237265185911,3.3948276800794526,-1.7209629478814592,0.08583034543282002,-12.51105935349672,0.8263140497784986,540,outcome_w1,treatmentfactcheck
grp_nfc,high,3,panel_2_mturk,Panel 2 (MTurk),treatmentcontrol,5.6766277734725525,3.566525485253059,-1.5916408832474034,0.11196229894967592,-1.3269617404754142,12.680217287420518,636,outcome_w1,treatmentcontrol
grp_nfc,high,3,panel_2_mturk,Panel 2 (MTurk),treatmentfactcheck,-14.917129586070878,3.4007032746718977,-4.38648373034254,1.3481936357491911e-5,-21.595093866158084,-8.239165305983672,636,outcome_w1,treatmentfactcheck
grp_nfc,high,3,panel_3_lucid,Panel 3 (Lucid),treatmentcontrol,0.03277255465835496,3.465334038430432,-0.009457257019066124,0.9924577802128013,-6.774302064260664,6.8398471735773745,544,outcome_w1,treatmentcontrol
grp_nfc,high,3,panel_3_lucid,Panel 3 (Lucid),treatmentfactcheck,-15.46959842200343,3.3219852319089855,-4.656733050289268,4.042407353691439e-6,-21.995088059012183,-8.94410878499468,544,outcome_w1,treatmentfactcheck
grp_nfc,high,3,panel_4_mturk,Panel 4 (MTurk),treatmentcontrol,3.24043299869469,1.7786077330748742,-1.8218930112783205,0.06878001543580081,-0.24994280422591153,6.730808801615291,967,outcome_w1,treatmentcontrol
grp_nfc,high,3,panel_4_mturk,Panel 4 (MTurk),treatmentfactcheck,-3.0790338382853455,1.8370444339842593,-1.6760802195771647,0.09404573094238519,-6.684087005451973,0.526019328881282,967,outcome_w1,treatmentfactcheck
grp_nfc,high,3,panel_5_lucid,Panel 5 (Lucid),treatmentcontrol,7.821874945573158,3.9031382373733257,-2.0039963921024238,0.04562149455436405,0.15288323793623881,15.490866653210077,489,outcome_w1,treatmentcontrol
grp_nfc,high,3,panel_5_lucid,Panel 5 (Lucid),treatmentfactcheck,-19.425810840462294,4.039126297674916,-4.809409116928226,2.0188519305395115e-6,-27.361995571601337,-11.48962610932325,489,outcome_w1,treatmentfactcheck
grp_nfc,high,3,panel_6_mturk,Panel 6 (MTurk),treatmentcontrol,1.4732316473192613,4.857440293225069,-0.3032938252219088,0.7619152010905114,-8.092937453567059,11.039400748205582,253,outcome_w1,treatmentcontrol
grp_nfc,high,3,panel_6_mturk,Panel 6 (MTurk),treatmentfactcheck,-29.20175277752935,4.6535601240828814,-6.275142471331968,1.5059852613774742e-9,-38.36640337142512,-20.03710218363358,253,outcome_w1,treatmentfactcheck
grp_nfc,high,3,panel_7_lucid,Panel 7 (Lucid),treatmentcontrol,5.079527091309539,3.432249091785748,-1.4799412733376927,0.13944139146514106,-1.6618719855281032,11.820926168147182,570,outcome_w1,treatmentcontrol
grp_nfc,high,3,panel_7_lucid,Panel 7 (Lucid),treatmentfactcheck,-20.57571692505439,3.4179245769300146,-6.0199446950744395,3.1261163077748335e-9,-27.28898072713715,-13.86245312297163,570,outcome_w1,treatmentfactcheck
grp_openness,low,1,panel_1_lucid,Panel 1 (Lucid),treatmentcontrol,8.873871348225975,2.2541828094672645,-3.9366245323834916,8.693928469111232e-5,4.451705551568342,13.29603714488361,1322,outcome_w1,treatmentcontrol
grp_openness,low,1,panel_1_lucid,Panel 1 (Lucid),treatmentfactcheck,-3.128021990714611,2.2614492034405824,-1.3831935671849802,0.16683906815996977,-7.5644427088271025,1.30839872739788,1322,outcome_w1,treatmentfactcheck
grp_openness,low,1,panel_1_mturk,Panel 1 (MTurk),treatmentcontrol,4.119325659500164,1.8158805023824816,-2.268500407430722,0.02344340857813347,0.5573284526738416,7.681322866326486,1468,outcome_w1,treatmentcontrol
grp_openness,low,1,panel_1_mturk,Panel 1 (MTurk),treatmentfactcheck,-3.930728931601067,1.7789635066840082,-2.2095613073749636,0.027289499868311286,-7.420310450616515,-0.4411474125856185,1468,outcome_w1,treatmentfactcheck
grp_openness,low,1,panel_2_mturk,Panel 2 (MTurk),treatmentcontrol,1.616080268892125,2.835646178931647,-0.5699160497876349,0.5689371648733095,-3.952348045010117,7.184508582794367,632,outcome_w1,treatmentcontrol
grp_openness,low,1,panel_2_mturk,Panel 2 (MTurk),treatmentfactcheck,-3.4468110877642144,2.8097896668052464,-1.2267149845715202,0.2203865383732623,-8.9644643313163,2.070842155787872,632,outcome_w1,treatmentfactcheck
grp_openness,low,1,panel_3_lucid,Panel 3 (Lucid),treatmentcontrol,2.0006583552135857,3.6623814879977554,-0.5462725174234531,0.5851050837744698,-5.193662233060522,9.194978943487694,538,outcome_w1,treatmentcontrol
grp_openness,low,1,panel_3_lucid,Panel 3 (Lucid),treatmentfactcheck,-4.975412119326805,3.480406102567625,-1.4295493033575186,0.15342682518822046,-11.812263321560835,1.8614390829072258,538,outcome_w1,treatmentfactcheck
grp_openness,low,1,panel_4_mturk,Panel 4 (MTurk),treatmentcontrol,6.396593110515955,3.1755585003109155,-2.0143206651332894,0.04441503002532433,0.1602186884631447,12.632967532568765,609,outcome_w1,treatmentcontrol
grp_openness,low,1,panel_4_mturk,Panel 4 (MTurk),treatmentfactcheck,-14.600321426668057,3.2276430445349207,-4.523524201782312,7.313071832632475e-6,-20.938982964310476,-8.261659889025639,609,outcome_w1,treatmentfactcheck
grp_openness,low,1,panel_5_lucid,Panel 5 (Lucid),treatmentcontrol,7.7355310517253155,3.563897302474286,-2.170525802288078,0.03043320488917325,0.7336061596254364,14.737455943825195,504,outcome_w1,treatmentcontrol
grp_openness,low,1,panel_5_lucid,Panel 5 (Lucid),treatmentfactcheck,-10.641368810648574,3.7268683498374293,-2.855311165234147,0.0044767434307937115,-17.96347998657637,-3.3192576347207767,504,outcome_w1,treatmentfactcheck
grp_openness,low,1,panel_6_mturk,Panel 6 (MTurk),treatmentcontrol,-4.605594987974765,4.799315054218968,0.959635893027296,0.33829195665628775,-14.064111936446553,4.852921960497023,220,outcome_w1,treatmentcontrol
grp_openness,low,1,panel_6_mturk,Panel 6 (MTurk),treatmentfactcheck,-1.5471864479389377,5.235552186364515,-0.29551542852890167,0.7678788893378166,-11.865441976049121,8.771069080171246,220,outcome_w1,treatmentfactcheck
grp_openness,low,1,panel_7_lucid,Panel 7 (Lucid),treatmentcontrol,5.47872316695539,3.493222398521896,-1.568386590350969,0.11738550754251902,-1.3834786453601033,12.340924979270884,532,outcome_w1,treatmentcontrol
grp_openness,low,1,panel_7_lucid,Panel 7 (Lucid),treatmentfactcheck,-7.174306951253426,3.570859350735036,-2.0091261644838085,0.04502839468338895,-14.189021364657556,-0.15959253784929572,532,outcome_w1,treatmentfactcheck
grp_openness,low,2,panel_1_lucid,Panel 1 (Lucid),treatmentcontrol,7.814407395298634,2.112111412294665,-3.6998083291490826,2.2463872249823744e-4,3.6709429549227606,11.957871835674506,1319,outcome_w1,treatmentcontrol
grp_openness,low,2,panel_1_lucid,Panel 1 (Lucid),treatmentfactcheck,-13.191612164551616,2.1365751573449963,-6.174185878368118,8.837663338894378e-10,-17.38306870283692,-9.000155626266313,1319,outcome_w1,treatmentfactcheck
grp_openness,low,2,panel_1_mturk,Panel 1 (MTurk),treatmentcontrol,2.5907887195965906,1.781515814224691,-1.4542608597185493,0.14608790614728667,-0.9038013237525071,6.085378762945688,1467,outcome_w1,treatmentcontrol
grp_openness,low,2,panel_1_mturk,Panel 1 (MTurk),treatmentfactcheck,-4.736964384389263,1.7269754104237762,-2.7429252065765524,0.006163546365346337,-8.124568932262497,-1.3493598365160295,1467,outcome_w1,treatmentfactcheck
grp_openness,low,2,panel_2_mturk,Panel 2 (MTurk),treatmentcontrol,2.9578036963370056,2.640331847317117,-1.1202393742068735,0.2630379629676862,-2.2270968148376684,8.14270420751168,631,outcome_w1,treatmentcontrol
grp_openness,low,2,panel_2_mturk,Panel 2 (MTurk),treatmentfactcheck,-12.332179235040318,2.956674829187077,-4.170962296327659,3.457982909632303e-5,-18.13829214800862,-6.526066322072015,631,outcome_w1,treatmentfactcheck
grp_openness,low,2,panel_3_lucid,Panel 3 (Lucid),treatmentcontrol,6.392501227822241,3.3628002722561217,-1.9009458517539242,0.057844215779726885,-0.21335479490715503,12.998357250551638,537,outcome_w1,treatmentcontrol
grp_openness,low,2,panel_3_lucid,Panel 3 (Lucid),treatmentfactcheck,-12.390582610064783,3.553630451191152,-3.4867392038222618,5.289860200846481e-4,-19.37130380014792,-5.409861419981645,537,outcome_w1,treatmentfactcheck
grp_openness,low,2,panel_4_mturk,Panel 4 (MTurk),treatmentcontrol,-4.235429667580108,2.9516399518529335,1.4349411637829532,0.15181974186307168,-10.032114993009724,1.5612556578495074,606,outcome_w1,treatmentcontrol
grp_openness,low,2,panel_4_mturk,Panel 4 (MTurk),treatmentfactcheck,-3.9991039448916514,3.1105886055186036,-1.2856421893260657,0.1990590288029488,-10.107946356968023,2.109738467184721,606,outcome_w1,treatmentfactcheck
grp_openness,low,2,panel_5_lucid,Panel 5 (Lucid),treatmentcontrol,5.290623568809269,3.857714419824594,-1.371439923500047,0.17084212219702333,-2.2883793181257914,12.86962645574433,509,outcome_w1,treatmentcontrol
grp_openness,low,2,panel_5_lucid,Panel 5 (Lucid),treatmentfactcheck,-4.99158190769783,3.070901357496024,-1.6254452118800409,0.10468669770557497,-11.024783881993642,1.0416200665979822,509,outcome_w1,treatmentfactcheck
grp_openness,low,2,panel_6_mturk,Panel 6 (MTurk),treatmentcontrol,-4.798316983997405,4.550732888958138,1.0544053235117365,0.2928539866083336,-13.766926811006002,4.170292843011192,220,outcome_w1,treatmentcontrol
grp_openness,low,2,panel_6_mturk,Panel 6 (MTurk),treatmentfactcheck,2.598447798745144,5.0771422320124895,0.5117933829707121,0.6093089562439478,-7.407612505438631,12.604508102928918,220,outcome_w1,treatmentfactcheck
grp_openness,low,2,panel_7_lucid,Panel 7 (Lucid),treatmentcontrol,5.561601336914432,3.609999619548151,-1.5406099509812565,0.1240096829748029,-1.530093218298858,12.653295892127723,529,outcome_w1,treatmentcontrol
grp_openness,low,2,panel_7_lucid,Panel 7 (Lucid),treatmentfactcheck,-6.656000213739765,3.6266956184966617,-1.835279525470299,0.06702552074292335,-13.780493366547319,0.46849293906778744,529,outcome_w1,treatmentfactcheck
grp_openness,low,3,panel_1_lucid,Panel 1 (Lucid),treatmentcontrol,6.299695764288431,2.3746103906971103,-2.6529386837387836,0.008075012824018232,1.6412799490199763,10.958111579556885,1322,outcome_w1,treatmentcontrol
grp_openness,low,3,panel_1_lucid,Panel 1 (Lucid),treatmentfactcheck,-11.24342453116568,2.2801764864146232,-4.9309448624500885,9.22123306527855e-7,-15.71658368499169,-6.77026537733967,1322,outcome_w1,treatmentfactcheck
grp_openness,low,3,panel_1_mturk,Panel 1 (MTurk),treatmentcontrol,1.6985831159882667,1.799966099281496,-0.9436750595837894,0.3454910017130014,-1.8321966955746318,5.229362927551165,1468,outcome_w1,treatmentcontrol
grp_openness,low,3,panel_1_mturk,Panel 1 (MTurk),treatmentfactcheck,-1.869398420878359,1.7247674638955273,-1.0838553370297066,0.27860692197695736,-5.252669996711794,1.513873154955076,1468,outcome_w1,treatmentfactcheck
grp_openness,low,3,panel_2_mturk,Panel 2 (MTurk),treatmentcontrol,-1.2352066033131366,3.224035112728705,0.38312442641721206,0.701756542414822,-7.56634309322741,5.0959298866011355,631,outcome_w1,treatmentcontrol
grp_openness,low,3,panel_2_mturk,Panel 2 (MTurk),treatmentfactcheck,-1.2769507771046449,3.013387800262786,-0.42375919123097494,0.671885853613746,-7.194432688261364,4.6405311340520745,631,outcome_w1,treatmentfactcheck
grp_openness,low,3,panel_3_lucid,Panel 3 (Lucid),treatmentcontrol,0.06425343190896977,3.3564208355179512,-0.019143437327356003,0.9847338169301597,-6.529126556413339,6.657633420231279,535,outcome_w1,treatmentcontrol
grp_openness,low,3,panel_3_lucid,Panel 3 (Lucid),treatmentfactcheck,-12.650054818558445,3.3307549642097003,-3.797954203923244,1.626187497570935e-4,-19.193016563591378,-6.107093073525513,535,outcome_w1,treatmentfactcheck
grp_openness,low,3,panel_4_mturk,Panel 4 (MTurk),treatmentcontrol,7.072139434170593,2.891515718557555,-2.4458243089539766,0.014734110671401911,1.3935872467646808,12.750691621576504,609,outcome_w1,treatmentcontrol
grp_openness,low,3,panel_4_mturk,Panel 4 (MTurk),treatmentfactcheck,-5.0858334506133565,3.029098635182446,-1.6789923548683092,0.09366648725234765,-11.034580182401584,0.8629132811748708,609,outcome_w1,treatmentfactcheck
grp_openness,low,3,panel_5_lucid,Panel 5 (Lucid),treatmentcontrol,12.697972968878403,3.571460748503166,-3.5554003986184775,4.1253534066124916e-4,5.681387011386599,19.71455892637021,510,outcome_w1,treatmentcontrol
grp_openness,low,3,panel_5_lucid,Panel 5 (Lucid),treatmentfactcheck,-10.223503439115088,3.7678092228991744,-2.7133813933521087,0.0068853082675832886,-17.625840786650695,-2.8211660915794825,510,outcome_w1,treatmentfactcheck
grp_openness,low,3,panel_6_mturk,Panel 6 (MTurk),treatmentcontrol,-9.726898802191233,4.6754628846807815,2.0804140770877577,0.03864021168380834,-18.941096599616685,-0.5127010047657823,221,outcome_w1,treatmentcontrol
grp_openness,low,3,panel_6_mturk,Panel 6 (MTurk),treatmentfactcheck,-9.24223223777884,5.426642702265072,-1.7031215697914195,0.08995115223859702,-19.936822370973672,1.4523578954159913,221,outcome_w1,treatmentfactcheck
grp_openness,low,3,panel_7_lucid,Panel 7 (Lucid),treatmentcontrol,-2.8590082914711767,3.4860943107808624,0.8201178845419066,0.41251758208281564,-9.707266376148523,3.9892497932061697,530,outcome_w1,treatmentcontrol
grp_openness,low,3,panel_7_lucid,Panel 7 (Lucid),treatmentfactcheck,-0.5726874422017384,3.5187053182779087,-0.1627551586166976,0.8707732506291728,-7.485008221640518,6.339633337237041,530,outcome_w1,treatmentfactcheck
grp_openness,high,1,panel_1_lucid,Panel 1 (Lucid),treatmentcontrol,8.35425860480244,3.5071449654489317,-2.382068231312205,0.017554054433412687,1.4652484899193077,15.243268719685574,551,outcome_w1,treatmentcontrol
grp_openness,high,1,panel_1_lucid,Panel 1 (Lucid),treatmentfactcheck,-8.308701949234704,3.6544832593713754,-2.273564101827059,0.02337613857437878,-15.487125534944074,-1.130278363525334,551,outcome_w1,treatmentfactcheck
grp_openness,high,1,panel_1_mturk,Panel 1 (MTurk),treatmentcontrol,6.039570592290171,3.7055895661545253,-1.6298541661098571,0.10383361464307933,-1.24288179863104,13.322022983211383,449,outcome_w1,treatmentcontrol
grp_openness,high,1,panel_1_mturk,Panel 1 (MTurk),treatmentfactcheck,-5.08025459745427,3.8055356162564005,-1.3349644070476057,0.18256446424769945,-12.559127109528525,2.3986179146199857,449,outcome_w1,treatmentfactcheck
grp_openness,high,1,panel_2_mturk,Panel 2 (MTurk),treatmentcontrol,4.41088625486811,3.095538426559131,-1.4249172993698107,0.15471990106209746,-1.6689666766267495,10.490739186362969,579,outcome_w1,treatmentcontrol
grp_openness,high,1,panel_2_mturk,Panel 2 (MTurk),treatmentfactcheck,-12.178413780281902,3.1003260179474,-3.9281074666930467,9.594377911593934e-5,-18.26766987449864,-6.089157686065163,579,outcome_w1,treatmentfactcheck
grp_openness,high,1,panel_3_lucid,Panel 3 (Lucid),treatmentcontrol,-2.213088288783601,3.4935000045193485,0.633487415463189,0.5266453001310025,-9.073402165726263,4.64722558815906,630,outcome_w1,treatmentcontrol
grp_openness,high,1,panel_3_lucid,Panel 3 (Lucid),treatmentfactcheck,-7.948603231331124,3.2224632562966087,-2.4666233868764094,0.0139044096953273,-14.276672321501644,-1.6205341411606042,630,outcome_w1,treatmentfactcheck
grp_openness,high,1,panel_4_mturk,Panel 4 (MTurk),treatmentcontrol,9.042683207770086,2.722650815609588,-3.32127908431235,9.353497958484881e-4,3.6985644229034342,14.386801992636737,827,outcome_w1,treatmentcontrol
grp_openness,high,1,panel_4_mturk,Panel 4 (MTurk),treatmentfactcheck,-21.043999450219307,2.574872140336786,-8.172832786744436,1.1262900820541668e-15,-26.098052836320797,-15.989946064117818,827,outcome_w1,treatmentfactcheck
grp_openness,high,1,panel_5_lucid,Panel 5 (Lucid),treatmentcontrol,18.118047076445954,3.440762527126665,-5.265706927928006,1.9748682586422113e-7,11.360076255010252,24.876017897881656,576,outcome_w1,treatmentcontrol
grp_openness,high,1,panel_5_lucid,Panel 5 (Lucid),treatmentfactcheck,-16.177691090716863,3.7323367084258052,-4.334467213045245,1.7244510582688538e-5,-23.508340146691783,-8.847042034741943,576,outcome_w1,treatmentfactcheck
grp_openness,high,1,panel_6_mturk,Panel 6 (MTurk),treatmentcontrol,0.2000434224514514,4.846637182524586,-0.04127468488310691,0.9671116643562159,-9.347948196836596,9.748035041739497,237,outcome_w1,treatmentcontrol
grp_openness,high,1,panel_6_mturk,Panel 6 (MTurk),treatmentfactcheck,-10.199475452786176,4.888170877919721,-2.0865627874954344,0.03799693464823586,-19.829289449243426,-0.5696614563289266,237,outcome_w1,treatmentfactcheck
grp_openness,high,1,panel_7_lucid,Panel 7 (Lucid),treatmentcontrol,9.6848436091554,3.2683469281560407,-2.9632238627187184,0.0031437615248496916,3.2683189335470795,16.101368284763723,727,outcome_w1,treatmentcontrol
grp_openness,high,1,panel_7_lucid,Panel 7 (Lucid),treatmentfactcheck,-10.233279589222764,3.3176216556905507,-3.0845227850710857,0.002116020150206748,-16.746542007812195,-3.7200171706333336,727,outcome_w1,treatmentfactcheck
grp_openness,high,2,panel_1_lucid,Panel 1 (Lucid),treatmentcontrol,7.404357319104801,3.2271554589301483,-2.2943912722318807,0.022142556574080624,1.0653499044930452,13.743364733716557,552,outcome_w1,treatmentcontrol
grp_openness,high,2,panel_1_lucid,Panel 1 (Lucid),treatmentfactcheck,-7.639155031677781,3.3286634953311083,-2.2949616392262864,0.022109606397404957,-14.177551723805681,-1.1007583395498797,552,outcome_w1,treatmentfactcheck
grp_openness,high,2,panel_1_mturk,Panel 1 (MTurk),treatmentcontrol,7.037610190011876,3.106046361201105,-2.2657775743213437,0.023940400399690774,0.9334169582410317,13.141803421782722,449,outcome_w1,treatmentcontrol
grp_openness,high,2,panel_1_mturk,Panel 1 (MTurk),treatmentfactcheck,-6.550008022031288,3.2422168122590844,-2.020225173487836,0.043953326133369,-12.921811794358867,-0.17820424970371018,449,outcome_w1,treatmentfactcheck
grp_openness,high,2,panel_2_mturk,Panel 2 (MTurk),treatmentcontrol,6.038323202258295,3.4351056014566983,-1.757827532200952,0.0793061511590008,-0.7084877462986423,12.785134150815232,578,outcome_w1,treatmentcontrol
grp_openness,high,2,panel_2_mturk,Panel 2 (MTurk),treatmentfactcheck,-30.61797801354395,3.452395904448813,-8.86861729099178,9.192673246791048e-18,-37.39874844371962,-23.837207583368283,578,outcome_w1,treatmentfactcheck
grp_openness,high,2,panel_3_lucid,Panel 3 (Lucid),treatmentcontrol,11.639363061489671,3.361505346948944,-3.462544860163346,5.710925693603858e-4,5.038332087892431,18.24039403508691,634,outcome_w1,treatmentcontrol
grp_openness,high,2,panel_3_lucid,Panel 3 (Lucid),treatmentfactcheck,-20.95879032736063,3.3457918300171787,-6.26422425308302,6.916123544020449e-10,-27.528964467109645,-14.388616187611618,634,outcome_w1,treatmentfactcheck
grp_openness,high,2,panel_4_mturk,Panel 4 (MTurk),treatmentcontrol,-7.068509225703604,2.5739273223585997,2.746196119953545,0.006160200419246696,-12.120717052949537,-2.0163013984576716,826,outcome_w1,treatmentcontrol
grp_openness,high,2,panel_4_mturk,Panel 4 (MTurk),treatmentfactcheck,-8.721809056675985,2.466492847682131,-3.536117716648659,4.2866130438442424e-4,-13.56314018621503,-3.8804779271369396,826,outcome_w1,treatmentfactcheck
grp_openness,high,2,panel_5_lucid,Panel 5 (Lucid),treatmentcontrol,7.676667955683878,3.079208052737069,-2.4930656922841528,0.01294320915022417,1.62886709789327,13.724468813474486,578,outcome_w1,treatmentcontrol
grp_openness,high,2,panel_5_lucid,Panel 5 (Lucid),treatmentfactcheck,-8.939401965542308,2.790235194377848,-3.2038166472685354,0.0014308685287332476,-14.419637959013457,-3.4591659720711583,578,outcome_w1,treatmentfactcheck
grp_openness,high,2,panel_6_mturk,Panel 6 (MTurk),treatmentcontrol,-12.030745283115115,3.8589584370366548,3.1176146308416017,0.0020466245714642244,-19.632659574029336,-4.428830992200894,239,outcome_w1,treatmentcontrol
grp_openness,high,2,panel_6_mturk,Panel 6 (MTurk),treatmentfactcheck,-11.022099078740059,3.748763505234719,-2.9401958974869875,0.0036018206721976686,-18.406936031165316,-3.6372621263148037,239,outcome_w1,treatmentfactcheck
grp_openness,high,2,panel_7_lucid,Panel 7 (Lucid),treatmentcontrol,20.58303206383633,3.1819509450482837,-6.468683024754801,1.815180379325437e-10,14.336122783921981,26.829941343750683,727,outcome_w1,treatmentcontrol
grp_openness,high,2,panel_7_lucid,Panel 7 (Lucid),treatmentfactcheck,-14.423126715299086,3.3492314513104198,-4.30639892314874,1.887149457894889e-5,-20.99844650969478,-7.847806920903391,727,outcome_w1,treatmentfactcheck
grp_openness,high,3,panel_1_lucid,Panel 1 (Lucid),treatmentcontrol,5.274510688384064,3.7186349459130077,-1.4183996991103018,0.156636379864701,-2.0298376159995977,12.578858992767724,554,outcome_w1,treatmentcontrol
grp_openness,high,3,panel_1_lucid,Panel 1 (Lucid),treatmentfactcheck,-8.731920298716204,3.6836697236178577,-2.370440607835028,0.018108261809030933,-15.967587980801978,-1.4962526166304304,554,outcome_w1,treatmentfactcheck
grp_openness,high,3,panel_1_mturk,Panel 1 (MTurk),treatmentcontrol,7.7287876240099,4.000483091873688,-1.9319635770263943,0.05399143396311877,-0.13316043107876752,15.590735679098568,450,outcome_w1,treatmentcontrol
grp_openness,high,3,panel_1_mturk,Panel 1 (MTurk),treatmentfactcheck,-9.533614330361756,4.11456052029255,-2.317043164960885,0.020949417399833716,-17.61975301340459,-1.447475647318921,450,outcome_w1,treatmentfactcheck
grp_openness,high,3,panel_2_mturk,Panel 2 (MTurk),treatmentcontrol,6.209624027673007,3.665057147226754,-1.6942775455415902,0.09075031772508309,-0.9888033119712993,13.408051367317313,579,outcome_w1,treatmentcontrol
grp_openness,high,3,panel_2_mturk,Panel 2 (MTurk),treatmentfactcheck,-18.212356460545248,3.621802239257355,-5.02853420960932,6.600827940503926e-7,-25.325828150224773,-11.098884770865723,579,outcome_w1,treatmentfactcheck
grp_openness,high,3,panel_3_lucid,Panel 3 (Lucid),treatmentcontrol,1.1867574653456414,3.220355085726137,-0.3685175807493437,0.712611333901203,-5.137191084778494,7.5107060154697765,629,outcome_w1,treatmentcontrol
grp_openness,high,3,panel_3_lucid,Panel 3 (Lucid),treatmentfactcheck,-13.380121521111437,3.3764231891324923,-3.962809390771068,8.256082615801244e-5,-20.010547658328953,-6.749695383893921,629,outcome_w1,treatmentfactcheck
grp_openness,high,3,panel_4_mturk,Panel 4 (MTurk),treatmentcontrol,1.7594869799314237,2.091871493336265,-0.8411066289379321,0.40053192077166033,-2.3465296268754203,5.865503586738268,825,outcome_w1,treatmentcontrol
grp_openness,high,3,panel_4_mturk,Panel 4 (MTurk),treatmentfactcheck,-4.035071340745528,2.065530762006222,-1.9535275944408197,0.05109475361341024,-8.089385211212626,0.01924252972157081,825,outcome_w1,treatmentfactcheck
grp_openness,high,3,panel_5_lucid,Panel 5 (Lucid),treatmentcontrol,12.9513100180464,3.545876892495244,-3.6524984963402165,2.8321151863507207e-4,5.986986145692962,19.91563389039984,580,outcome_w1,treatmentcontrol
grp_openness,high,3,panel_5_lucid,Panel 5 (Lucid),treatmentfactcheck,-23.984764698621206,3.6246244710668294,-6.6171723140085215,8.338692778380967e-11,-31.103753737860963,-16.86577565938145,580,outcome_w1,treatmentfactcheck
grp_openness,high,3,panel_6_mturk,Panel 6 (MTurk),treatmentcontrol,2.066360982059327,5.2078159668680915,-0.3967807225150485,0.6918847195722027,-8.192940281861938,12.325662245980594,238,outcome_w1,treatmentcontrol
grp_openness,high,3,panel_6_mturk,Panel 6 (MTurk),treatmentfactcheck,-26.50236261516576,4.757016407817596,-5.571215304536737,6.823169483112751e-8,-35.87359707423731,-17.131128156094213,238,outcome_w1,treatmentfactcheck
grp_openness,high,3,panel_7_lucid,Panel 7 (Lucid),treatmentcontrol,7.102759383690791,3.2242842667055993,-2.2028949050909863,0.027912614218098913,0.7728263564574345,13.432692410924147,733,outcome_w1,treatmentcontrol
grp_openness,high,3,panel_7_lucid,Panel 7 (Lucid),treatmentfactcheck,-19.112600233284667,3.3838775739446825,-5.648135848781481,2.32104629939141e-8,-25.755847739904873,-12.46935272666446,733,outcome_w1,treatmentfactcheck
grp_pk,low,1,panel_1_lucid,Panel 1 (Lucid),treatmentcontrol,3.8824305678868827,3.883192213945703,-0.9998038608400364,0.3178979015121706,-3.747293544199607,11.512154679973372,491,outcome_w1,treatmentcontrol
grp_pk,low,1,panel_1_lucid,Panel 1 (Lucid),treatmentfactcheck,2.3684433595913346,3.7328019347921915,0.6344947846055989,0.5260534839251074,-4.96579284567453,9.702679564857199,491,outcome_w1,treatmentfactcheck
grp_pk,low,1,panel_1_mturk,Panel 1 (MTurk),treatmentcontrol,1.9430037141846679,3.05981162680347,-0.6350076250329465,0.5257611804905755,-4.071044385223286,7.957051813592622,430,outcome_w1,treatmentcontrol
grp_pk,low,1,panel_1_mturk,Panel 1 (MTurk),treatmentfactcheck,0.20906502883377273,2.8324076764033266,0.0738117717218058,0.9411944832207746,-5.3580214721144195,5.7761515297819646,430,outcome_w1,treatmentfactcheck
grp_pk,low,1,panel_2_mturk,Panel 2 (MTurk),treatmentcontrol,1.6918885316321362,3.713964039560717,-0.45554790342887935,0.6489944060632538,-5.612319592877294,8.996096656141567,354,outcome_w1,treatmentcontrol
grp_pk,low,1,panel_2_mturk,Panel 2 (MTurk),treatmentfactcheck,-3.9135416253418858,3.8784021549237084,-1.009060295713163,0.3136349256217977,-11.541148201053188,3.714064950369416,354,outcome_w1,treatmentfactcheck
grp_pk,low,1,panel_3_lucid,Panel 3 (Lucid),treatmentcontrol,-3.149176814906499,3.372120154406751,0.9338863002230494,0.35075659769913514,-9.772425291316537,3.474071661503539,572,outcome_w1,treatmentcontrol
grp_pk,low,1,panel_3_lucid,Panel 3 (Lucid),treatmentfactcheck,-1.8987831805008772,3.569689486568053,-0.53191830484012,0.5949891044818123,-8.910081524147303,5.112515163145549,572,outcome_w1,treatmentfactcheck
grp_pk,low,1,panel_4_mturk,Panel 4 (MTurk),treatmentcontrol,8.809980942572883,3.802657295342901,-2.316795929352464,0.02102957825088399,1.3338270013702314,16.286134883775535,392,outcome_w1,treatmentcontrol
grp_pk,low,1,panel_4_mturk,Panel 4 (MTurk),treatmentfactcheck,-19.66517623949995,3.9431954494902026,-4.987116791799496,9.224226308691594e-7,-27.41763298514003,-11.912719493859868,392,outcome_w1,treatmentfactcheck
grp_pk,low,1,panel_5_lucid,Panel 5 (Lucid),treatmentcontrol,12.672473471538947,3.1477099277273703,-4.025934334009108,6.516286500160665e-5,6.488737695123636,18.856209247954258,522,outcome_w1,treatmentcontrol
grp_pk,low,1,panel_5_lucid,Panel 5 (Lucid),treatmentfactcheck,-13.771280510052149,3.502811065420637,-3.931493949531194,9.580242647657765e-5,-20.65261919773223,-6.889941822372069,522,outcome_w1,treatmentfactcheck
grp_pk,low,1,panel_6_mturk,Panel 6 (MTurk),treatmentcontrol,-3.266630057583493,6.48258633139678,0.5039084542171679,0.6151410256268147,-16.086338517210784,9.5530784020438,136,outcome_w1,treatmentcontrol
grp_pk,low,1,panel_6_mturk,Panel 6 (MTurk),treatmentfactcheck,-6.614216595445923,7.042509833712103,-0.9391845736280034,0.34930102344965785,-20.5412078111255,7.312774620233654,136,outcome_w1,treatmentfactcheck
grp_pk,low,1,panel_7_lucid,Panel 7 (Lucid),treatmentcontrol,10.60459615183409,3.3282067650337335,-3.1862792490077174,0.0015218695221012213,4.067225549745297,17.14196675392288,557,outcome_w1,treatmentcontrol
grp_pk,low,1,panel_7_lucid,Panel 7 (Lucid),treatmentfactcheck,-12.972806032386561,3.719137106959763,-3.488122556199946,5.248504734316885e-4,-20.278054565504632,-5.667557499268492,557,outcome_w1,treatmentfactcheck
grp_pk,low,2,panel_1_lucid,Panel 1 (Lucid),treatmentcontrol,2.611092347964913,3.627266791015707,-0.7198511988233861,0.4719598256097445,-4.515823584133344,9.73800828006317,490,outcome_w1,treatmentcontrol
grp_pk,low,2,panel_1_lucid,Panel 1 (Lucid),treatmentfactcheck,-12.79135110878255,3.6556022721460213,-3.499109081490254,5.093859203061892e-4,-19.97394107963955,-5.60876113792555,490,outcome_w1,treatmentfactcheck
grp_pk,low,2,panel_1_mturk,Panel 1 (MTurk),treatmentcontrol,3.473248747937171,2.907728608855964,-1.1944886250246405,0.23294534846395093,-2.241880758892282,9.188378254766624,430,outcome_w1,treatmentcontrol
grp_pk,low,2,panel_1_mturk,Panel 1 (MTurk),treatmentfactcheck,-3.0653305944327567,2.902966382332535,-1.0559304486226126,0.29159288588774435,-8.77109996316701,2.640438774301497,430,outcome_w1,treatmentfactcheck
grp_pk,low,2,panel_2_mturk,Panel 2 (MTurk),treatmentcontrol,8.340204684741032,3.2793685394464127,-2.543234950393509,0.011410412442430164,1.8905845607986178,14.789824808683445,352,outcome_w1,treatmentcontrol
grp_pk,low,2,panel_2_mturk,Panel 2 (MTurk),treatmentfactcheck,-13.530376946024225,3.47628429866568,-3.8921951668963493,1.1882303159236121e-4,-20.367276458698097,-6.693477433350352,352,outcome_w1,treatmentfactcheck
grp_pk,low,2,panel_3_lucid,Panel 3 (Lucid),treatmentcontrol,3.879407114677596,3.222282119610193,-1.2039315524448544,0.2291122741101869,-2.4494947301937566,10.208308959548948,574,outcome_w1,treatmentcontrol
grp_pk,low,2,panel_3_lucid,Panel 3 (Lucid),treatmentfactcheck,-7.9677929095562545,3.280968298102277,-2.428488234453485,0.015468045645142639,-14.411960596939227,-1.5236252221732807,574,outcome_w1,treatmentfactcheck
grp_pk,low,2,panel_4_mturk,Panel 4 (MTurk),treatmentcontrol,-4.63176322529213,3.7127581478032816,1.2475262435374612,0.21295317182945625,-11.931288303193863,2.667761852609602,390,outcome_w1,treatmentcontrol
grp_pk,low,2,panel_4_mturk,Panel 4 (MTurk),treatmentfactcheck,0.357519857689422,3.720450866248576,0.09609584175208266,0.9234938128247552,-6.957129607251065,7.672169322629908,390,outcome_w1,treatmentfactcheck
grp_pk,low,2,panel_5_lucid,Panel 5 (Lucid),treatmentcontrol,3.494493633979408,3.6515198355510994,-0.9569970290061446,0.33901175638091907,-3.678986249438613,10.667973517397428,522,outcome_w1,treatmentcontrol
grp_pk,low,2,panel_5_lucid,Panel 5 (Lucid),treatmentfactcheck,-6.904887543209244,3.120573340802631,-2.2126983695352807,0.02735041191419818,-13.035312980594213,-0.7744621058242753,522,outcome_w1,treatmentfactcheck
grp_pk,low,2,panel_6_mturk,Panel 6 (MTurk),treatmentcontrol,1.320545697631831,4.831032204872915,-0.27334649028003516,0.7849955436626577,-8.231871392712993,10.872962787976654,138,outcome_w1,treatmentcontrol
grp_pk,low,2,panel_6_mturk,Panel 6 (MTurk),treatmentfactcheck,-10.45278690686485,5.9670407921301285,-1.751753887898827,0.08203760081383558,-22.251437800567178,1.3458639868374789,138,outcome_w1,treatmentfactcheck
grp_pk,low,2,panel_7_lucid,Panel 7 (Lucid),treatmentcontrol,11.794606594939216,3.521640660782916,-3.3491794680485913,8.661410562225061e-4,4.877067419925749,18.712145769952684,549,outcome_w1,treatmentcontrol
grp_pk,low,2,panel_7_lucid,Panel 7 (Lucid),treatmentfactcheck,-7.00152908209617,3.7655906695650967,-1.8593441763825076,0.06351312951334227,-14.398257903369698,0.3951997391773574,549,outcome_w1,treatmentfactcheck
grp_pk,low,3,panel_1_lucid,Panel 1 (Lucid),treatmentcontrol,6.559018379271051,3.8652725897591256,-1.696909655647286,0.09035008725751412,-1.0355738785136825,14.153610637055785,489,outcome_w1,treatmentcontrol
grp_pk,low,3,panel_1_lucid,Panel 1 (Lucid),treatmentfactcheck,-11.968693928515465,3.78549577070179,-3.16172429015727,0.0016657738513193023,-19.406538531822022,-4.5308493252089095,489,outcome_w1,treatmentfactcheck
grp_pk,low,3,panel_1_mturk,Panel 1 (MTurk),treatmentcontrol,1.048524122963176,2.8647503470175475,-0.36600889988713337,0.7145384340927334,-4.582131773902514,6.679180019828866,430,outcome_w1,treatmentcontrol
grp_pk,low,3,panel_1_mturk,Panel 1 (MTurk),treatmentfactcheck,3.1662161445263175,2.8571968872127016,1.1081546947977656,0.2684144584387329,-2.4495934558597607,8.782025744912396,430,outcome_w1,treatmentfactcheck
grp_pk,low,3,panel_2_mturk,Panel 2 (MTurk),treatmentcontrol,4.201498726113648,4.111310055352778,-1.0219367232212146,0.3075126702618366,-3.8843225988803045,12.287320051107601,352,outcome_w1,treatmentcontrol
grp_pk,low,3,panel_2_mturk,Panel 2 (MTurk),treatmentfactcheck,-5.309729900854095,3.924328383967123,-1.3530289469523096,0.17691473301105545,-13.027809468228796,2.4083496665206043,352,outcome_w1,treatmentfactcheck
grp_pk,low,3,panel_3_lucid,Panel 3 (Lucid),treatmentcontrol,1.029704911213232,3.132241393059861,-0.3287437914251307,0.7424707325291973,-5.122507937791455,7.181917760217918,567,outcome_w1,treatmentcontrol
grp_pk,low,3,panel_3_lucid,Panel 3 (Lucid),treatmentfactcheck,-16.045050103277184,3.5428403685277194,-4.528866229991882,7.232798238257726e-6,-23.003743671890074,-9.086356534664294,567,outcome_w1,treatmentfactcheck
grp_pk,low,3,panel_4_mturk,Panel 4 (MTurk),treatmentcontrol,5.6675022339961,3.673788944654074,-1.542685853590796,0.1237138700312811,-1.5552921343945396,12.890296602386739,392,outcome_w1,treatmentcontrol
grp_pk,low,3,panel_4_mturk,Panel 4 (MTurk),treatmentfactcheck,-9.701901998824832,3.7659712949769775,-2.5762017920224594,0.010354416369641925,-17.10593001204587,-2.297873985603794,392,outcome_w1,treatmentfactcheck
grp_pk,low,3,panel_5_lucid,Panel 5 (Lucid),treatmentcontrol,9.21457026612407,3.3403776113756054,-2.7585414998424103,0.006006970541841985,2.652536965435301,15.77660356681284,529,outcome_w1,treatmentcontrol
grp_pk,low,3,panel_5_lucid,Panel 5 (Lucid),treatmentfactcheck,-19.16682106039553,3.6156355446267283,-5.301093216897855,1.6933923999293225e-7,-26.269587156718384,-12.064054964072678,529,outcome_w1,treatmentfactcheck
grp_pk,low,3,panel_6_mturk,Panel 6 (MTurk),treatmentcontrol,-10.161551365170306,5.516774891537896,1.8419369223777768,0.06763102919045097,-21.069889898777348,0.746787168436736,138,outcome_w1,treatmentcontrol
grp_pk,low,3,panel_6_mturk,Panel 6 (MTurk),treatmentfactcheck,-9.077195314032306,6.437330663052875,-1.4100868495277026,0.16076394219589718,-21.805752035289906,3.651361407225293,138,outcome_w1,treatmentfactcheck
grp_pk,low,3,panel_7_lucid,Panel 7 (Lucid),treatmentcontrol,2.632752270508849,3.417542501287062,-0.7703641635816797,0.44140876978589194,-4.080016145245499,9.345520686263196,560,outcome_w1,treatmentcontrol
grp_pk,low,3,panel_7_lucid,Panel 7 (Lucid),treatmentfactcheck,-9.382582113147429,3.5857693270944218,-2.6166162006718405,0.009120400273986943,-16.425783207511323,-2.339381018783535,560,outcome_w1,treatmentfactcheck
grp_pk,high,1,panel_1_lucid,Panel 1 (Lucid),treatmentcontrol,10.422755123492339,2.6802888591330447,-3.8886685992731547,1.0870407530304706e-4,5.161950184273366,15.683560062711312,845,outcome_w1,treatmentcontrol
grp_pk,high,1,panel_1_lucid,Panel 1 (Lucid),treatmentfactcheck,-6.316139506360429,2.783104252597593,-2.269458465476203,0.02349172151736549,-11.778747966839042,-0.853531045881815,845,outcome_w1,treatmentfactcheck
grp_pk,high,1,panel_1_mturk,Panel 1 (MTurk),treatmentcontrol,5.343331664958397,2.3892457120618156,-2.2364094400099743,0.025550697735000787,0.6546697649283164,10.031993564988477,974,outcome_w1,treatmentcontrol
grp_pk,high,1,panel_1_mturk,Panel 1 (MTurk),treatmentfactcheck,-3.576036959250165,2.467454860855409,-1.449281612394091,0.14758083454352897,-8.41817669302965,1.2661027745293216,974,outcome_w1,treatmentfactcheck
grp_pk,high,1,panel_2_mturk,Panel 2 (MTurk),treatmentcontrol,2.0836866492409487,2.389463259595639,-0.8720312567574545,0.38339694436345717,-2.6051500224686834,6.772523320950581,1018,outcome_w1,treatmentcontrol
grp_pk,high,1,panel_2_mturk,Panel 2 (MTurk),treatmentfactcheck,-10.312929810112815,2.332427080743408,-4.42154436263268,1.0852293335263347e-5,-14.88984455712134,-5.736015063104291,1018,outcome_w1,treatmentfactcheck
grp_pk,high,1,panel_3_lucid,Panel 3 (Lucid),treatmentcontrol,1.5896350643475885,3.1437735171465535,-0.5056455421096686,0.6132498422442513,-4.581723181584238,7.7609933102794155,772,outcome_w1,treatmentcontrol
grp_pk,high,1,panel_3_lucid,Panel 3 (Lucid),treatmentfactcheck,-12.049983982804624,2.8208441084440574,-4.271765301291763,2.1813778284195472e-5,-17.58741836037239,-6.5125496052368606,772,outcome_w1,treatmentfactcheck
grp_pk,high,1,panel_4_mturk,Panel 4 (MTurk),treatmentcontrol,7.955548807614727,2.1743398651991703,-3.6588340833671813,2.6373770399785404e-4,3.689858860599567,12.221238754629887,1271,outcome_w1,treatmentcontrol
grp_pk,high,1,panel_4_mturk,Panel 4 (MTurk),treatmentfactcheck,-19.755093975618315,2.0323193526402994,-9.720467381247623,1.3627403772026468e-21,-23.742163508967455,-15.768024442269176,1271,outcome_w1,treatmentfactcheck
grp_pk,high,1,panel_5_lucid,Panel 5 (Lucid),treatmentcontrol,15.368043134662516,3.1216628580999077,-4.923031036098731,1.0634310014978101e-6,9.239114312025485,21.496971957299547,701,outcome_w1,treatmentcontrol
grp_pk,high,1,panel_5_lucid,Panel 5 (Lucid),treatmentfactcheck,-16.05114510640897,3.170352471312835,-5.0628897738181875,5.283571768285872e-7,-22.275668869098368,-9.826621343719573,701,outcome_w1,treatmentfactcheck
grp_pk,high,1,panel_6_mturk,Panel 6 (MTurk),treatmentcontrol,-2.342400358974168,4.11465296462003,0.5692826051468666,0.5695458654501832,-10.436213274638337,5.75141255669,335,outcome_w1,treatmentcontrol
grp_pk,high,1,panel_6_mturk,Panel 6 (MTurk),treatmentfactcheck,-2.741307648501836,3.7667128482528507,-0.7277718687192634,0.4672615910998247,-10.150697787337625,4.668082490333953,335,outcome_w1,treatmentfactcheck
grp_pk,high,1,panel_7_lucid,Panel 7 (Lucid),treatmentcontrol,5.597284644270878,3.034954489760325,-1.8442730074390352,0.06551525678157653,-0.3601866900523909,11.554755978594146,795,outcome_w1,treatmentcontrol
grp_pk,high,1,panel_7_lucid,Panel 7 (Lucid),treatmentfactcheck,-11.1283226206381,3.151475992808811,-3.5311462457690426,4.375859585148006e-4,-17.314520124195766,-4.942125117080432,795,outcome_w1,treatmentfactcheck
grp_pk,high,2,panel_1_lucid,Panel 1 (Lucid),treatmentcontrol,6.6220982692152255,2.4837028946100728,-2.6662199748552684,0.007817340496326392,1.7471556832469117,11.497040855183538,846,outcome_w1,treatmentcontrol
grp_pk,high,2,panel_1_lucid,Panel 1 (Lucid),treatmentfactcheck,-9.189370887527605,2.513988513332676,-3.6552954951037906,2.7273236183267784e-4,-14.123757239001694,-4.254984536053516,846,outcome_w1,treatmentfactcheck
grp_pk,high,2,panel_1_mturk,Panel 1 (MTurk),treatmentcontrol,4.897570140262488,2.293258483940817,-2.1356380776781556,0.03295805375120169,0.3972680678563165,9.39787221266866,973,outcome_w1,treatmentcontrol
grp_pk,high,2,panel_1_mturk,Panel 1 (MTurk),treatmentfactcheck,-5.64705791751573,2.2209284235256295,-2.542656421385821,0.011155295511592635,-10.005419112753808,-1.2886967222776526,973,outcome_w1,treatmentfactcheck
grp_pk,high,2,panel_2_mturk,Panel 2 (MTurk),treatmentcontrol,5.456911244800774,2.5599514832189483,-2.1316463536797636,0.033275830929526164,0.43350244940571425,10.480320040195835,1014,outcome_w1,treatmentcontrol
grp_pk,high,2,panel_2_mturk,Panel 2 (MTurk),treatmentfactcheck,-25.118582229089636,2.709302238334414,-9.271236657794104,1.0751111771251292e-19,-30.435062944700363,-19.80210151347891,1014,outcome_w1,treatmentfactcheck
grp_pk,high,2,panel_3_lucid,Panel 3 (Lucid),treatmentcontrol,5.864711611152595,3.0000779841272482,-1.9548530545477458,0.05095816858171937,-0.02449500772856883,11.753918230033758,778,outcome_w1,treatmentcontrol
grp_pk,high,2,panel_3_lucid,Panel 3 (Lucid),treatmentfactcheck,-18.10666529681166,3.040700851623018,-5.954767068633853,3.940858229460056e-9,-24.07561532949732,-12.137715264125998,778,outcome_w1,treatmentfactcheck
grp_pk,high,2,panel_4_mturk,Panel 4 (MTurk),treatmentcontrol,-6.603214311264894,2.0183312404075116,3.2716207226380103,0.0010981053685330964,-10.562850445215567,-2.6435781773142217,1268,outcome_w1,treatmentcontrol
grp_pk,high,2,panel_4_mturk,Panel 4 (MTurk),treatmentfactcheck,-9.052191614807514,2.0363094229763363,-4.44539101605518,9.540063585348787e-6,-13.047098005640256,-5.057285223974771,1268,outcome_w1,treatmentfactcheck
grp_pk,high,2,panel_5_lucid,Panel 5 (Lucid),treatmentcontrol,6.643691969536411,3.0595870763125714,-2.1714341850153906,0.030232587253643146,0.6366546721449682,12.650729266927854,702,outcome_w1,treatmentcontrol
grp_pk,high,2,panel_5_lucid,Panel 5 (Lucid),treatmentfactcheck,-11.358768650927665,2.437462827589878,-4.660078718886155,3.782515541251353e-6,-16.14435891233775,-6.573178389517578,702,outcome_w1,treatmentfactcheck
grp_pk,high,2,panel_6_mturk,Panel 6 (MTurk),treatmentcontrol,-6.194799340853101,3.5882486590562093,1.7264130581414259,0.0851950600171513,-13.253137818242953,0.8635391365367511,335,outcome_w1,treatmentcontrol
grp_pk,high,2,panel_6_mturk,Panel 6 (MTurk),treatmentfactcheck,-2.5637529490488515,3.879195605115623,-0.6608980855896893,0.5091319070227341,-10.194404613003197,5.066898714905495,335,outcome_w1,treatmentfactcheck
grp_pk,high,2,panel_7_lucid,Panel 7 (Lucid),treatmentcontrol,12.11578718325713,2.9890447757346252,-4.053397687988599,5.5473210358180625e-5,6.248377813390763,17.983196553123495,790,outcome_w1,treatmentcontrol
grp_pk,high,2,panel_7_lucid,Panel 7 (Lucid),treatmentfactcheck,-13.424899771287489,3.126773840197514,-4.293530794807807,1.9772240192976307e-5,-19.56266735388216,-7.28713218869282,790,outcome_w1,treatmentfactcheck
grp_pk,high,3,panel_1_lucid,Panel 1 (Lucid),treatmentcontrol,2.6751593681575487,2.9365214173340566,-0.910996035093186,0.36255664814520283,-3.0885530022517917,8.438871738566888,847,outcome_w1,treatmentcontrol
grp_pk,high,3,panel_1_lucid,Panel 1 (Lucid),treatmentfactcheck,-6.847160028182666,2.786407566824379,-2.457343322529897,0.014196327877110426,-12.316233629044772,-1.378086427320559,847,outcome_w1,treatmentfactcheck
grp_pk,high,3,panel_1_mturk,Panel 1 (MTurk),treatmentcontrol,2.15266783932622,2.5493386171125354,-0.8444024755583087,0.3986516771009302,-2.8501544033510102,7.155490082003451,975,outcome_w1,treatmentcontrol
grp_pk,high,3,panel_1_mturk,Panel 1 (MTurk),treatmentfactcheck,-2.8913423807304883,2.4325326516327586,-1.1886140063895005,0.2348810159999376,-7.664944590314791,1.882259828853814,975,outcome_w1,treatmentfactcheck
grp_pk,high,3,panel_2_mturk,Panel 2 (MTurk),treatmentcontrol,0.6692057012950963,2.890551031787388,-0.23151492360309212,0.8169614101812492,-5.002927311275136,6.341338713865329,1016,outcome_w1,treatmentcontrol
grp_pk,high,3,panel_2_mturk,Panel 2 (MTurk),treatmentfactcheck,-12.460171610309702,2.7524996206539876,-4.5268567947519625,6.6947246431047434e-06,-17.861406113249586,-7.058937107369817,1016,outcome_w1,treatmentfactcheck
grp_pk,high,3,panel_3_lucid,Panel 3 (Lucid),treatmentcontrol,-3.993854541917514,2.8146297514701195,1.4189626681205474,0.15631245673540256,-9.51906746024675,1.5313583764117222,774,outcome_w1,treatmentcontrol
grp_pk,high,3,panel_3_lucid,Panel 3 (Lucid),treatmentfactcheck,-13.145084384384852,2.5478074089823775,-5.159371284517594,3.151205444715854e-7,-18.146516065468898,-8.143652703300805,774,outcome_w1,treatmentfactcheck
grp_pk,high,3,panel_4_mturk,Panel 4 (MTurk),treatmentcontrol,4.628888116329566,1.7199185427939228,-2.691341479934373,0.007210195522891392,1.254686395287306,8.003089837371826,1267,outcome_w1,treatmentcontrol
grp_pk,high,3,panel_4_mturk,Panel 4 (MTurk),treatmentfactcheck,-4.349360526911498,1.7388485727009628,-2.501287688413036,0.012499650155205023,-7.760699901803316,-0.9380211520196804,1267,outcome_w1,treatmentfactcheck
grp_pk,high,3,panel_5_lucid,Panel 5 (Lucid),treatmentcontrol,12.19425759761682,3.2226668269114143,-3.783902665887348,1.6758401049176878e-4,5.867022242920022,18.52149295231362,701,outcome_w1,treatmentcontrol
grp_pk,high,3,panel_5_lucid,Panel 5 (Lucid),treatmentfactcheck,-15.905593656133766,3.301127293428058,-4.818230938200687,1.7762960812391148e-6,-22.38687467063769,-9.42431264162984,701,outcome_w1,treatmentfactcheck
grp_pk,high,3,panel_6_mturk,Panel 6 (MTurk),treatmentcontrol,7.810386016857554,4.288186936897696,-1.8213725594966728,0.06944200801043983,-0.624780475451975,16.245552509167084,335,outcome_w1,treatmentcontrol
grp_pk,high,3,panel_6_mturk,Panel 6 (MTurk),treatmentfactcheck,-25.538277888040295,4.36460252606674,-5.851226482942695,1.1617211274126595e-8,-34.12375923992428,-16.952796536156306,335,outcome_w1,treatmentfactcheck
grp_pk,high,3,panel_7_lucid,Panel 7 (Lucid),treatmentcontrol,5.275395277376952,2.986865162724426,-1.7661980002354967,0.0777473420823619,-0.587701540993903,11.138492095747807,793,outcome_w1,treatmentcontrol
grp_pk,high,3,panel_7_lucid,Panel 7 (Lucid),treatmentfactcheck,-14.652787209307222,3.012123539104977,-4.864603665512721,1.3834895943307536e-6,-20.565465209996646,-8.740109208617797,793,outcome_w1,treatmentfactcheck
grp_polint,low,1,panel_1_lucid,Panel 1 (Lucid),treatmentcontrol,11.569000560978763,2.6161152203874787,-4.4222060522492015,1.0970421818382774e-5,6.434565493205163,16.703435628752363,895,outcome_w1,treatmentcontrol
grp_polint,low,1,panel_1_lucid,Panel 1 (Lucid),treatmentfactcheck,-3.6827291119173617,2.7587005351482468,-1.334950664269712,0.18223195721322832,-9.097004698392883,1.7315464745581606,895,outcome_w1,treatmentfactcheck
grp_polint,low,1,panel_1_mturk,Panel 1 (MTurk),treatmentcontrol,9.376568767688674,2.8911022440209067,-3.243250489352416,0.0012484772682899122,3.698464475718028,15.05467305965932,590,outcome_w1,treatmentcontrol
grp_polint,low,1,panel_1_mturk,Panel 1 (MTurk),treatmentfactcheck,-5.932348453986955,2.915631633105582,-2.0346700819911603,0.04233068331956758,-11.658628292059147,-0.2060686159147629,590,outcome_w1,treatmentfactcheck
grp_polint,low,1,panel_2_mturk,Panel 2 (MTurk),treatmentcontrol,1.9290810850664089,2.856996144938339,-0.6752130514715984,0.49977441254446076,-3.6807078871876753,7.538870057320493,667,outcome_w1,treatmentcontrol
grp_polint,low,1,panel_2_mturk,Panel 2 (MTurk),treatmentfactcheck,-11.61932454575054,2.899467156260603,-4.0073999530092275,6.83095190802148e-5,-17.312506494007838,-5.926142597493244,667,outcome_w1,treatmentfactcheck
grp_polint,low,1,panel_3_lucid,Panel 3 (Lucid),treatmentcontrol,-4.920791060280399,2.656246392993056,1.8525356206641868,0.06426258306759416,-10.133657524714668,0.29207540415387,939,outcome_w1,treatmentcontrol
grp_polint,low,1,panel_3_lucid,Panel 3 (Lucid),treatmentfactcheck,-10.148917918361118,2.505525108180447,-4.05061513262241,5.530086323724259e-5,-15.065994830610514,-5.231841006111721,939,outcome_w1,treatmentfactcheck
grp_polint,low,1,panel_4_mturk,Panel 4 (MTurk),treatmentcontrol,11.902478736891064,2.313486734902568,-5.144822556068097,3.2015799312440267e-7,7.362824460817465,16.442133012964664,1036,outcome_w1,treatmentcontrol
grp_polint,low,1,panel_4_mturk,Panel 4 (MTurk),treatmentfactcheck,-23.07770824131197,2.2586983118333492,-10.217260145105508,2.048840076057616e-23,-27.509853580630857,-18.645562901993085,1036,outcome_w1,treatmentfactcheck
grp_polint,low,1,panel_5_lucid,Panel 5 (Lucid),treatmentcontrol,14.397360587793012,2.5055403385567194,-5.746209855909326,1.2817183036275813e-8,9.479411592075653,19.31530958351037,829,outcome_w1,treatmentcontrol
grp_polint,low,1,panel_5_lucid,Panel 5 (Lucid),treatmentfactcheck,-15.078055236556438,2.761924097505199,-5.459257642227097,6.320193147894665e-8,-20.49924188941135,-9.656868583701524,829,outcome_w1,treatmentfactcheck
grp_polint,low,1,panel_6_mturk,Panel 6 (MTurk),treatmentcontrol,-3.4566812596449283,4.408377059974101,0.7841165155834552,0.4335763167591141,-12.131138646772278,5.217776127482423,307,outcome_w1,treatmentcontrol
grp_polint,low,1,panel_6_mturk,Panel 6 (MTurk),treatmentfactcheck,-9.12489152411378,4.411919960002531,-2.0682359623107365,0.03945501885406006,-17.806320351048882,-0.4434626971786795,307,outcome_w1,treatmentfactcheck
grp_polint,low,1,panel_7_lucid,Panel 7 (Lucid),treatmentcontrol,8.703894247897932,2.5014677141768793,-3.479514925805066,5.23703769539256e-4,3.795242727313502,13.612545768482361,1013,outcome_w1,treatmentcontrol
grp_polint,low,1,panel_7_lucid,Panel 7 (Lucid),treatmentfactcheck,-11.765684206498372,2.6724899143148453,-4.402517720825442,1.1835574774279823e-5,-17.009934055217595,-6.5214343577791505,1013,outcome_w1,treatmentfactcheck
grp_polint,low,2,panel_1_lucid,Panel 1 (Lucid),treatmentcontrol,8.94552026889086,2.3517638643576517,-3.8037493493566337,1.5212265800081896e-4,4.329954459591006,13.561086078190714,902,outcome_w1,treatmentcontrol
grp_polint,low,2,panel_1_lucid,Panel 1 (Lucid),treatmentfactcheck,-13.506813104119118,2.437686875410073,-5.540831860058717,3.951274639541653e-8,-18.291011197491407,-8.722615010746829,902,outcome_w1,treatmentfactcheck
grp_polint,low,2,panel_1_mturk,Panel 1 (MTurk),treatmentcontrol,5.582924760860768,3.0048961667164473,-1.857942654624709,0.0636759285980626,-0.3186905836682836,11.48454010538982,589,outcome_w1,treatmentcontrol
grp_polint,low,2,panel_1_mturk,Panel 1 (MTurk),treatmentfactcheck,-6.970935999774452,3.01592683113034,-2.311374376798728,0.021156448990559774,-12.894215566544005,-1.0476564330048985,589,outcome_w1,treatmentfactcheck
grp_polint,low,2,panel_2_mturk,Panel 2 (MTurk),treatmentcontrol,5.723760060314326,3.002764701447149,-1.90616336256911,0.057059196054805,-0.1722654964166983,11.619785617045352,666,outcome_w1,treatmentcontrol
grp_polint,low,2,panel_2_mturk,Panel 2 (MTurk),treatmentfactcheck,-24.372042176285472,3.0603284012478333,-7.963864978133685,7.220363187487868e-15,-30.38109591834226,-18.362988434228683,666,outcome_w1,treatmentfactcheck
grp_polint,low,2,panel_3_lucid,Panel 3 (Lucid),treatmentcontrol,9.749877491029238,2.4586527533302003,-3.9655366044770686,7.874773601677634e-5,4.9248398793575365,14.57491510270094,947,outcome_w1,treatmentcontrol
grp_polint,low,2,panel_3_lucid,Panel 3 (Lucid),treatmentfactcheck,-14.460943378583718,2.510403253856636,-5.760406562717733,1.1338919228592701e-8,-19.387539907481397,-9.534346849686036,947,outcome_w1,treatmentfactcheck
grp_polint,low,2,panel_4_mturk,Panel 4 (MTurk),treatmentcontrol,-5.6366451637245705,2.312889134263193,2.4370580847232053,0.014975399796543758,-10.175147369061904,-1.0981429583872382,1032,outcome_w1,treatmentcontrol
grp_polint,low,2,panel_4_mturk,Panel 4 (MTurk),treatmentfactcheck,-10.577870055100378,2.2922646612320716,-4.614593695919418,4.433705052766103e-6,-15.0759015716576,-6.079838538543157,1032,outcome_w1,treatmentfactcheck
grp_polint,low,2,panel_5_lucid,Panel 5 (Lucid),treatmentcontrol,2.2617604603034405,2.66993740537993,-0.8471211556293372,0.3971711986163674,-2.978844352819146,7.502365273426027,832,outcome_w1,treatmentcontrol
grp_polint,low,2,panel_5_lucid,Panel 5 (Lucid),treatmentfactcheck,-9.0458939640486,2.201738267268,-4.108523750769471,4.3758112013444415e-5,-13.367508447381011,-4.72427948071619,832,outcome_w1,treatmentfactcheck
grp_polint,low,2,panel_6_mturk,Panel 6 (MTurk),treatmentcontrol,-7.40358512548726,3.694686448640932,2.003846666937224,0.04595911898692211,-14.67351208099743,-0.13365816997709068,309,outcome_w1,treatmentcontrol
grp_polint,low,2,panel_6_mturk,Panel 6 (MTurk),treatmentfactcheck,-8.585782717179287,4.2855140283363555,-2.003442914994331,0.04600264581805776,-17.0182638995215,-0.15330153483707143,309,outcome_w1,treatmentfactcheck
grp_polint,low,2,panel_7_lucid,Panel 7 (Lucid),treatmentcontrol,12.18288269840419,2.576805686587439,-4.727901200240846,2.592672229259894e-6,7.126334523214103,17.23943087359428,1003,outcome_w1,treatmentcontrol
grp_polint,low,2,panel_7_lucid,Panel 7 (Lucid),treatmentfactcheck,-10.893238494438146,2.6861752931639016,-4.055296957782523,5.395140145968438e-5,-16.16440614498645,-5.62207084388984,1003,outcome_w1,treatmentfactcheck
grp_polint,low,3,panel_1_lucid,Panel 1 (Lucid),treatmentcontrol,7.617627159369649,2.903114803519008,-2.6239496798872537,0.008838358027470756,1.919989869736252,13.315264449003045,903,outcome_w1,treatmentcontrol
grp_polint,low,3,panel_1_lucid,Panel 1 (Lucid),treatmentfactcheck,-9.657787703827886,2.846610129148861,-3.392732852642372,7.220683009656421e-4,-15.2445292275275,-4.071046180128271,903,outcome_w1,treatmentfactcheck
grp_polint,low,3,panel_1_mturk,Panel 1 (MTurk),treatmentcontrol,6.553130545161221,3.3123030622235428,-1.9784211837071808,0.048345110227589715,0.047813460967286225,13.058447629355157,591,outcome_w1,treatmentcontrol
grp_polint,low,3,panel_1_mturk,Panel 1 (MTurk),treatmentfactcheck,-8.42599720291016,3.289166661280214,-2.5617422498228115,0.010661755303550707,-14.885874717869038,-1.9661196879512826,591,outcome_w1,treatmentfactcheck
grp_polint,low,3,panel_2_mturk,Panel 2 (MTurk),treatmentcontrol,2.1710702879790285,3.417283290789015,-0.6353205465379346,0.5254375929659569,-4.538875918385939,8.881016494343996,666,outcome_w1,treatmentcontrol
grp_polint,low,3,panel_2_mturk,Panel 2 (MTurk),treatmentfactcheck,-13.913428228071687,3.301733304128389,-4.213977007372082,2.855197280728357e-5,-20.396488300434,-7.430368155709375,666,outcome_w1,treatmentfactcheck
grp_polint,low,3,panel_3_lucid,Panel 3 (Lucid),treatmentcontrol,1.4549925261987469,2.306613121613865,-0.6307917494116804,0.5283301929895979,-3.0717208915788303,5.981705943976324,939,outcome_w1,treatmentcontrol
grp_polint,low,3,panel_3_lucid,Panel 3 (Lucid),treatmentfactcheck,-15.093939813875346,2.466634132430469,-6.1192454995353165,1.3789661952762543e-9,-19.934693436315868,-10.253186191434825,939,outcome_w1,treatmentfactcheck
grp_polint,low,3,panel_4_mturk,Panel 4 (MTurk),treatmentcontrol,-0.59349452944333,1.94691047673359,0.3048391472211191,0.7605500698256787,-4.413845154048173,3.226856095161513,1033,outcome_w1,treatmentcontrol
grp_polint,low,3,panel_4_mturk,Panel 4 (MTurk),treatmentfactcheck,-6.2043577539978285,1.9402286343917434,-3.1977456903901835,0.0014271500537442112,-10.011596845807896,-2.3971186621877614,1033,outcome_w1,treatmentfactcheck
grp_polint,low,3,panel_5_lucid,Panel 5 (Lucid),treatmentcontrol,10.497393251470918,2.638644518478607,-3.9783279551136803,7.54345351080699e-5,5.318228816071522,15.676557686870314,834,outcome_w1,treatmentcontrol
grp_polint,low,3,panel_5_lucid,Panel 5 (Lucid),treatmentfactcheck,-16.75677947079788,2.698954841767112,-6.208617947763274,8.420690654417488e-10,-22.0543217624321,-11.459237179163662,834,outcome_w1,treatmentfactcheck
grp_polint,low,3,panel_6_mturk,Panel 6 (MTurk),treatmentcontrol,-8.1400136746311,4.36808276243377,1.8635209352342303,0.06334052120943906,-16.735072674106693,0.45504532484449456,308,outcome_w1,treatmentcontrol
grp_polint,low,3,panel_6_mturk,Panel 6 (MTurk),treatmentfactcheck,-21.889498772654527,4.356375233584845,-5.0247046222971345,8.562215305719995e-7,-30.461520914390157,-13.317476630918897,308,outcome_w1,treatmentfactcheck
grp_polint,low,3,panel_7_lucid,Panel 7 (Lucid),treatmentcontrol,2.291579103387517,2.4559830782278613,-0.9330598096144165,0.3510098994948906,-2.527777962973744,7.110936169748777,1020,outcome_w1,treatmentcontrol
grp_polint,low,3,panel_7_lucid,Panel 7 (Lucid),treatmentfactcheck,-14.163085325157182,2.599774144908273,-5.447813746781028,6.391925142487734e-8,-19.26460251689923,-9.061568133415133,1020,outcome_w1,treatmentfactcheck
grp_polint,high,1,panel_1_lucid,Panel 1 (Lucid),treatmentcontrol,11.384954167724311,3.8053828554505302,-2.991802559739134,0.002902230443129961,3.909501912003769,18.860406423444854,531,outcome_w1,treatmentcontrol
grp_polint,high,1,panel_1_lucid,Panel 1 (Lucid),treatmentfactcheck,-5.784376809549906,3.6747544420095086,-1.5740852622486439,0.11606333408727118,-13.003217180208683,1.4344635611088714,531,outcome_w1,treatmentfactcheck
grp_polint,high,1,panel_1_mturk,Panel 1 (MTurk),treatmentcontrol,3.248133829883958,2.949720414400513,-1.1011666780439913,0.2712930131890163,-2.5456230902765506,9.041890750044466,565,outcome_w1,treatmentcontrol
grp_polint,high,1,panel_1_mturk,Panel 1 (MTurk),treatmentfactcheck,-3.590959222916707,2.986261625062019,-1.202493175005097,0.22967620570953493,-9.456489349482666,2.274570903649253,565,outcome_w1,treatmentfactcheck
grp_polint,high,1,panel_2_mturk,Panel 2 (MTurk),treatmentcontrol,5.5520582449829075,3.5632516983771727,-1.5581437167381427,0.11981465795994892,-1.4482704106023423,12.552386900568157,514,outcome_w1,treatmentcontrol
grp_polint,high,1,panel_2_mturk,Panel 2 (MTurk),treatmentfactcheck,-6.553306945785234,3.4217319606568513,-1.9152017227343638,0.05602142096339107,-13.275607339784116,0.16899344821364792,514,outcome_w1,treatmentfactcheck
grp_polint,high,1,panel_3_lucid,Panel 3 (Lucid),treatmentcontrol,1.6702006668470983,3.9416068477835196,-0.4237359867045849,0.6719322479637456,-6.073091964954218,9.413493298648415,524,outcome_w1,treatmentcontrol
grp_polint,high,1,panel_3_lucid,Panel 3 (Lucid),treatmentfactcheck,-3.6701590828583486,3.749530233252313,-0.9788317081190412,0.3281148279372684,-11.036116914037125,3.6957987483204278,524,outcome_w1,treatmentfactcheck
grp_polint,high,1,panel_4_mturk,Panel 4 (MTurk),treatmentcontrol,5.145751174976249,3.439460583280187,-1.4960924977569554,0.13522364825811856,-1.6108681593744603,11.902370509326959,531,outcome_w1,treatmentcontrol
grp_polint,high,1,panel_4_mturk,Panel 4 (MTurk),treatmentfactcheck,-17.170119748677187,3.4243729904436644,-5.014091571389428,7.274332050049338e-7,-23.897100388529225,-10.443139108825148,531,outcome_w1,treatmentfactcheck
grp_polint,high,1,panel_5_lucid,Panel 5 (Lucid),treatmentcontrol,9.939619271302316,3.77946749099434,-2.6298993958768784,0.008807996541743517,2.5137686826460897,17.365469859958544,493,outcome_w1,treatmentcontrol
grp_polint,high,1,panel_5_lucid,Panel 5 (Lucid),treatmentfactcheck,-10.82720053343514,3.9420400640628945,-2.7465982987184563,0.0062419686286127474,-18.572471686045702,-3.0819293808245805,493,outcome_w1,treatmentfactcheck
grp_polint,high,1,panel_6_mturk,Panel 6 (MTurk),treatmentcontrol,-1.743678318447481,5.150885216667807,0.3385201271434069,0.7354016414088658,-11.913821125604668,8.426464488709707,165,outcome_w1,treatmentcontrol
grp_polint,high,1,panel_6_mturk,Panel 6 (MTurk),treatmentfactcheck,1.8955154715353653,5.8926388008988795,0.32167515023086396,0.7481059489509951,-9.739179458612224,13.530210401682954,165,outcome_w1,treatmentfactcheck
grp_polint,high,1,panel_7_lucid,Panel 7 (Lucid),treatmentcontrol,8.575112065018281,3.9455788513091967,-2.1733470266784662,0.030241411717614373,0.8224119687698863,16.327812161266678,481,outcome_w1,treatmentcontrol
grp_polint,high,1,panel_7_lucid,Panel 7 (Lucid),treatmentfactcheck,-11.895318443143667,4.267137542393545,-2.787657610040684,0.005519238069693919,-20.279851836676677,-3.510785049610657,481,outcome_w1,treatmentfactcheck
grp_polint,high,2,panel_1_lucid,Panel 1 (Lucid),treatmentcontrol,6.923677920218932,3.384563109069896,-2.0456637081651614,0.041284444647009456,0.2748151658100131,13.57254067462785,528,outcome_w1,treatmentcontrol
grp_polint,high,2,panel_1_lucid,Panel 1 (Lucid),treatmentfactcheck,-14.151882402498558,3.470600625114182,-4.077646474241894,5.250877218385637e-5,-20.969763023460395,-7.334001781536719,528,outcome_w1,treatmentfactcheck
grp_polint,high,2,panel_1_mturk,Panel 1 (MTurk),treatmentcontrol,1.0794335741227863,2.8729856242451524,-0.3757184042319726,0.7072672741927237,-4.563603054274056,6.722470202519629,565,outcome_w1,treatmentcontrol
grp_polint,high,2,panel_1_mturk,Panel 1 (MTurk),treatmentfactcheck,-2.4860937939042693,2.6745722715740268,-0.9295294878837449,0.35301170764873047,-7.739412559727276,2.7672249719187367,565,outcome_w1,treatmentfactcheck
grp_polint,high,2,panel_2_mturk,Panel 2 (MTurk),treatmentcontrol,3.5528849192630805,3.379611475268917,-1.0512702259600348,0.2936284851326161,-3.086665990330138,10.192435828856299,514,outcome_w1,treatmentcontrol
grp_polint,high,2,panel_2_mturk,Panel 2 (MTurk),treatmentfactcheck,-18.18710790837888,3.7891168445105397,-4.799827678770937,2.0849473718386263e-6,-25.631168971499488,-10.743046845258274,514,outcome_w1,treatmentfactcheck
grp_polint,high,2,panel_3_lucid,Panel 3 (Lucid),treatmentcontrol,2.529071295868347,3.8051403475275016,-0.6646459959122619,0.5065682150577145,-4.946066890499643,10.004209482236337,526,outcome_w1,treatmentcontrol
grp_polint,high,2,panel_3_lucid,Panel 3 (Lucid),treatmentfactcheck,-16.414085656847707,3.7522497388404985,-4.374465134061121,1.4683024667184807e-5,-23.785321076803058,-9.042850236892358,526,outcome_w1,treatmentfactcheck
grp_polint,high,2,panel_4_mturk,Panel 4 (MTurk),treatmentcontrol,-3.2476399256767188,3.273186052562257,0.9921953330866906,0.32155672179327466,-9.677706120870987,3.1824262695175483,528,outcome_w1,treatmentcontrol
grp_polint,high,2,panel_4_mturk,Panel 4 (MTurk),treatmentfactcheck,-4.339494776144033,3.235176350987421,-1.3413472112021214,0.1803844066660761,-10.694892164475196,2.01590261218713,528,outcome_w1,treatmentfactcheck
grp_polint,high,2,panel_5_lucid,Panel 5 (Lucid),treatmentcontrol,6.612569388497695,3.7718197593467777,-1.7531509484543588,0.08019383388931074,-0.7981447265559609,14.023283503551351,496,outcome_w1,treatmentcontrol
grp_polint,high,2,panel_5_lucid,Panel 5 (Lucid),treatmentfactcheck,-8.1742072630216,3.132774833249509,-2.6092546378581583,0.009347999185924081,-14.329352566165056,-2.019061959878144,496,outcome_w1,treatmentfactcheck
grp_polint,high,2,panel_6_mturk,Panel 6 (MTurk),treatmentcontrol,0.054469777858821775,5.099918243998719,-0.01068051981478695,0.991491321499639,-10.01549512896807,10.124434684685713,164,outcome_w1,treatmentcontrol
grp_polint,high,2,panel_6_mturk,Panel 6 (MTurk),treatmentfactcheck,1.2482984806206752,4.753426133315867,0.2626102616535022,0.7931805879461129,-8.137505773400743,10.634102734642095,164,outcome_w1,treatmentfactcheck
grp_polint,high,2,panel_7_lucid,Panel 7 (Lucid),treatmentcontrol,8.227155726989713,3.926485121151933,-2.095297823152344,0.036668994270936665,0.5118917980092723,15.942419655970152,479,outcome_w1,treatmentcontrol
grp_polint,high,2,panel_7_lucid,Panel 7 (Lucid),treatmentfactcheck,-13.112810720681471,4.120854956748184,-3.1820607272790173,0.0015573151997978327,-21.209997548943818,-5.015623892419123,479,outcome_w1,treatmentfactcheck
grp_polint,high,3,panel_1_lucid,Panel 1 (Lucid),treatmentcontrol,5.986321743208382,3.6595740522605698,-1.6357974063977605,0.10247680103022372,-1.2027597293443764,13.17540321576114,529,outcome_w1,treatmentcontrol
grp_polint,high,3,panel_1_lucid,Panel 1 (Lucid),treatmentfactcheck,-10.524103766304432,3.5109348128451394,-2.9975218360081324,0.0028497113605065313,-17.421189616712113,-3.62701791589675,529,outcome_w1,treatmentfactcheck
grp_polint,high,3,panel_1_mturk,Panel 1 (MTurk),treatmentcontrol,4.544885483769515,2.792221001522253,-1.6276954729914825,0.10414695745748262,-0.9395155703808618,10.02928653791989,565,outcome_w1,treatmentcontrol
grp_polint,high,3,panel_1_mturk,Panel 1 (MTurk),treatmentfactcheck,-3.4162255645424464,2.8157624944024042,-1.213250610210816,0.22554099171450992,-8.946866149266437,2.1144150201815437,565,outcome_w1,treatmentfactcheck
grp_polint,high,3,panel_2_mturk,Panel 2 (MTurk),treatmentcontrol,-1.2199520373413202,4.093026940122121,0.2980561953752792,0.7657809495035159,-9.2611088302077,6.821204755525059,513,outcome_w1,treatmentcontrol
grp_polint,high,3,panel_2_mturk,Panel 2 (MTurk),treatmentfactcheck,-12.036727724958048,3.933044064187434,-3.060410086568617,0.002326063639629612,-19.76358231351836,-4.309873136397738,513,outcome_w1,treatmentfactcheck
grp_polint,high,3,panel_3_lucid,Panel 3 (Lucid),treatmentcontrol,-4.381217569775782,4.004837414203215,1.093981382174899,0.27446673546006073,-12.248761570216463,3.4863264306648984,523,outcome_w1,treatmentcontrol
grp_polint,high,3,panel_3_lucid,Panel 3 (Lucid),treatmentfactcheck,-9.258356406509396,3.809628311580373,-2.4302518905495774,0.01542365670882239,-16.742410131233775,-1.7743026817850174,523,outcome_w1,treatmentfactcheck
grp_polint,high,3,panel_4_mturk,Panel 4 (MTurk),treatmentcontrol,6.2505391790265215,3.3077317966165745,-1.8896753314220025,0.059346878409084515,-0.24733465877273098,12.748413016825774,530,outcome_w1,treatmentcontrol
grp_polint,high,3,panel_4_mturk,Panel 4 (MTurk),treatmentfactcheck,-0.20511524914966348,3.4499233522617696,-0.059455016302083906,0.952612104508991,-6.982317293162,6.572086794862672,530,outcome_w1,treatmentfactcheck
grp_polint,high,3,panel_5_lucid,Panel 5 (Lucid),treatmentcontrol,13.16325046916644,3.9864922892077743,-3.3019631079688705,0.0010293536020527948,5.330756722884944,20.995744215447935,496,outcome_w1,treatmentcontrol
grp_polint,high,3,panel_5_lucid,Panel 5 (Lucid),treatmentfactcheck,-22.15042045860156,4.170174245195385,-5.311629480260182,1.6435186041384874e-7,-30.343804849390892,-13.957036067812226,496,outcome_w1,treatmentfactcheck
grp_polint,high,3,panel_6_mturk,Panel 6 (MTurk),treatmentcontrol,0.345135121953434,5.7388200683669615,-0.060140432674629166,0.9521165677352084,-10.985853083920162,11.676123327827028,165,outcome_w1,treatmentcontrol
grp_polint,high,3,panel_6_mturk,Panel 6 (MTurk),treatmentfactcheck,-20.2531596609781,6.833501553822633,-2.9638040617183385,0.0034885800535136026,-33.74553694215268,-6.760782379803519,165,outcome_w1,treatmentfactcheck
grp_polint,high,3,panel_7_lucid,Panel 7 (Lucid),treatmentcontrol,5.530922843791291,4.097778114926221,-1.3497370254491863,0.17773786755490087,-2.520919632000533,13.582765319583116,479,outcome_w1,treatmentcontrol
grp_polint,high,3,panel_7_lucid,Panel 7 (Lucid),treatmentfactcheck,-7.376400526158508,4.0069306555847986,-1.8409104524625086,0.06625294941251123,-15.249734207323659,0.49693315500664337,479,outcome_w1,treatmentfactcheck
